fold,model,company_id,report_date,y_true,y_proba
1,Logistic Baseline,C0000,2021-09-30,0,0.3378698340307739
1,Logistic Baseline,C0000,2021-12-31,1,0.6158451315809651
1,Logistic Baseline,C0001,2021-09-30,1,0.7666252702369456
1,Logistic Baseline,C0001,2021-12-31,1,0.7133881458417086
1,Logistic Baseline,C0002,2021-09-30,0,0.44206709594313015
1,Logistic Baseline,C0002,2021-12-31,0,0.3160221009709618
1,Logistic Baseline,C0003,2021-09-30,0,0.27262920374215666
1,Logistic Baseline,C0003,2021-12-31,0,0.24237028337643485
1,Logistic Baseline,C0004,2021-09-30,0,0.3435836172468381
1,Logistic Baseline,C0004,2021-12-31,0,0.38164419635121416
1,Logistic Baseline,C0005,2021-09-30,0,0.3855482432874269
1,Logistic Baseline,C0005,2021-12-31,0,0.2913703434218545
1,Logistic Baseline,C0006,2021-09-30,0,0.4712026907951472
1,Logistic Baseline,C0006,2021-12-31,1,0.676495876043415
1,Logistic Baseline,C0007,2021-09-30,0,0.39911822397738994
1,Logistic Baseline,C0007,2021-12-31,0,0.49724120154774853
1,Logistic Baseline,C0008,2021-09-30,0,0.4903590312080157
1,Logistic Baseline,C0008,2021-12-31,0,0.5000753705587604
1,Logistic Baseline,C0009,2021-09-30,0,0.5117507269070789
1,Logistic Baseline,C0009,2021-12-31,0,0.49889239528468216
1,Logistic Baseline,C0010,2021-09-30,0,0.41984844776526037
1,Logistic Baseline,C0010,2021-12-31,0,0.31583188760617675
1,Logistic Baseline,C0011,2021-09-30,0,0.21887809131562488
1,Logistic Baseline,C0011,2021-12-31,0,0.3406635109520344
1,Logistic Baseline,C0012,2021-09-30,0,0.3959488330755314
1,Logistic Baseline,C0012,2021-12-31,0,0.24216139525124833
1,Logistic Baseline,C0013,2021-09-30,1,0.612237125708641
1,Logistic Baseline,C0013,2021-12-31,0,0.539737095990214
1,Logistic Baseline,C0014,2021-09-30,0,0.6398875914061247
1,Logistic Baseline,C0014,2021-12-31,0,0.5642760324452977
1,Logistic Baseline,C0015,2021-09-30,0,0.35391112279778053
1,Logistic Baseline,C0015,2021-12-31,0,0.42837530555190184
1,Logistic Baseline,C0016,2021-09-30,1,0.9991972314177078
1,Logistic Baseline,C0016,2021-12-31,1,0.7333992200634761
1,Logistic Baseline,C0017,2021-09-30,0,0.5608531607660282
1,Logistic Baseline,C0017,2021-12-31,0,0.4507367715937914
1,Logistic Baseline,C0018,2021-09-30,0,0.5234059864328687
1,Logistic Baseline,C0018,2021-12-31,0,0.322188942790266
1,Logistic Baseline,C0019,2021-09-30,1,0.4993493753265655
1,Logistic Baseline,C0019,2021-12-31,0,0.32824041645583435
1,Logistic Baseline,C0020,2021-09-30,0,0.3601900062283167
1,Logistic Baseline,C0020,2021-12-31,0,0.24823569276161467
1,Logistic Baseline,C0021,2021-09-30,0,0.4815345078237312
1,Logistic Baseline,C0021,2021-12-31,0,0.5170217511441207
1,Logistic Baseline,C0022,2021-09-30,0,0.2907251414814711
1,Logistic Baseline,C0022,2021-12-31,0,0.2641684836164943
1,Logistic Baseline,C0023,2021-09-30,0,0.40841987026604576
1,Logistic Baseline,C0023,2021-12-31,0,0.42882301072567247
1,Logistic Baseline,C0024,2021-09-30,0,0.5791639428606757
1,Logistic Baseline,C0024,2021-12-31,0,0.6064613733240872
1,Logistic Baseline,C0025,2021-09-30,0,0.5372131507278753
1,Logistic Baseline,C0025,2021-12-31,0,0.4633323666304808
1,Logistic Baseline,C0026,2021-09-30,0,0.4900664492553415
1,Logistic Baseline,C0026,2021-12-31,0,0.4642376182913216
1,Logistic Baseline,C0027,2021-09-30,0,0.2796570102441581
1,Logistic Baseline,C0027,2021-12-31,0,0.32780022644639656
1,Logistic Baseline,C0028,2021-09-30,0,0.3079144027908193
1,Logistic Baseline,C0028,2021-12-31,0,0.3901033085007527
1,Logistic Baseline,C0029,2021-09-30,0,0.4861854374903929
1,Logistic Baseline,C0029,2021-12-31,0,0.49623953277958677
1,Logistic Baseline,C0030,2021-09-30,0,0.4724190497495192
1,Logistic Baseline,C0030,2021-12-31,0,0.46060325190352125
1,Logistic Baseline,C0031,2021-09-30,0,0.6303026020785792
1,Logistic Baseline,C0031,2021-12-31,1,0.4594106464103164
1,Logistic Baseline,C0032,2021-09-30,0,0.5673363458874824
1,Logistic Baseline,C0032,2021-12-31,1,0.5515833071172996
1,Logistic Baseline,C0033,2021-09-30,0,0.6101879824651869
1,Logistic Baseline,C0033,2021-12-31,0,0.6450558719985563
1,Logistic Baseline,C0034,2021-09-30,0,0.31563960811967195
1,Logistic Baseline,C0034,2021-12-31,1,0.5993188229690539
1,Logistic Baseline,C0035,2021-09-30,0,0.2504848782058569
1,Logistic Baseline,C0035,2021-12-31,0,0.29525654146386254
1,Logistic Baseline,C0036,2021-09-30,0,0.3682714925141546
1,Logistic Baseline,C0036,2021-12-31,0,0.39418911239620735
1,Logistic Baseline,C0037,2021-09-30,0,0.5591857940236468
1,Logistic Baseline,C0037,2021-12-31,0,0.57948818761048
1,Logistic Baseline,C0038,2021-09-30,1,0.4179043454870036
1,Logistic Baseline,C0038,2021-12-31,0,0.37529915892836646
1,Logistic Baseline,C0039,2021-09-30,0,0.28389533944969997
1,Logistic Baseline,C0039,2021-12-31,0,8.76459068670379e-05
1,Logistic Baseline,C0040,2021-09-30,0,0.26167563206196853
1,Logistic Baseline,C0040,2021-12-31,0,0.4485683845265253
1,Logistic Baseline,C0041,2021-09-30,0,0.7015759066593455
1,Logistic Baseline,C0041,2021-12-31,0,0.7823498274027644
1,Logistic Baseline,C0042,2021-09-30,0,0.27249529836742487
1,Logistic Baseline,C0042,2021-12-31,0,0.4140688784592339
1,Logistic Baseline,C0043,2021-09-30,0,0.36133220802900845
1,Logistic Baseline,C0043,2021-12-31,0,0.4596493826208727
1,Logistic Baseline,C0044,2021-09-30,0,0.40265197311724327
1,Logistic Baseline,C0044,2021-12-31,0,0.2298134583675321
1,Logistic Baseline,C0045,2021-09-30,0,0.5288332326816951
1,Logistic Baseline,C0045,2021-12-31,0,0.2621218582947602
1,Logistic Baseline,C0046,2021-09-30,0,0.2689562719978335
1,Logistic Baseline,C0046,2021-12-31,0,0.3539461302426055
1,Logistic Baseline,C0047,2021-09-30,1,0.807962508208261
1,Logistic Baseline,C0047,2021-12-31,0,0.6433621360766045
1,Logistic Baseline,C0048,2021-09-30,0,0.4988038897078382
1,Logistic Baseline,C0048,2021-12-31,0,0.3999743204271303
1,Logistic Baseline,C0049,2021-09-30,0,0.42608021735756474
1,Logistic Baseline,C0049,2021-12-31,0,0.3080171058374653
1,Logistic Baseline,C0050,2021-09-30,0,0.27446570898123224
1,Logistic Baseline,C0050,2021-12-31,0,0.3463443863671372
1,Logistic Baseline,C0051,2021-09-30,0,0.3298907138616249
1,Logistic Baseline,C0051,2021-12-31,0,0.5331182895220555
1,Logistic Baseline,C0052,2021-09-30,0,0.23583658065410626
1,Logistic Baseline,C0052,2021-12-31,1,0.5255393707047189
1,Logistic Baseline,C0053,2021-09-30,0,0.6327017203952918
1,Logistic Baseline,C0053,2021-12-31,0,0.6389617106121777
1,Logistic Baseline,C0054,2021-09-30,0,0.3764865858302761
1,Logistic Baseline,C0054,2021-12-31,0,0.3138588313668968
1,Logistic Baseline,C0055,2021-09-30,1,0.7460560697791162
1,Logistic Baseline,C0055,2021-12-31,0,0.0002532302530182449
1,Logistic Baseline,C0056,2021-09-30,0,0.4806269635560088
1,Logistic Baseline,C0056,2021-12-31,0,0.5576237125435896
1,Logistic Baseline,C0057,2021-09-30,0,0.6127657440518095
1,Logistic Baseline,C0057,2021-12-31,0,0.3675686550178516
1,Logistic Baseline,C0058,2021-09-30,1,0.5185828889103963
1,Logistic Baseline,C0058,2021-12-31,0,0.4760248370724383
1,Logistic Baseline,C0059,2021-09-30,0,0.4227637073927806
1,Logistic Baseline,C0059,2021-12-31,0,0.4984848999044206
1,Logistic Baseline,C0060,2021-09-30,0,0.39420836709280965
1,Logistic Baseline,C0060,2021-12-31,1,0.4074194260799925
1,Logistic Baseline,C0061,2021-09-30,0,0.5231126241806259
1,Logistic Baseline,C0061,2021-12-31,0,0.46293671512407575
1,Logistic Baseline,C0062,2021-09-30,0,0.7168370525569007
1,Logistic Baseline,C0062,2021-12-31,0,0.5118538007972829
1,Logistic Baseline,C0063,2021-09-30,0,0.36640012715433284
1,Logistic Baseline,C0063,2021-12-31,0,0.6185646181367362
1,Logistic Baseline,C0064,2021-09-30,0,0.4422190983429038
1,Logistic Baseline,C0064,2021-12-31,0,0.38163010651250096
1,Logistic Baseline,C0065,2021-09-30,0,0.5703606075827038
1,Logistic Baseline,C0065,2021-12-31,0,0.5926817694373471
1,Logistic Baseline,C0066,2021-09-30,0,0.5328433137186577
1,Logistic Baseline,C0066,2021-12-31,0,0.3243736405363283
1,Logistic Baseline,C0067,2021-09-30,0,0.22615062884432327
1,Logistic Baseline,C0067,2021-12-31,0,0.30771027682302815
1,Logistic Baseline,C0068,2021-09-30,1,0.4813514668937576
1,Logistic Baseline,C0068,2021-12-31,0,0.37238133141941904
1,Logistic Baseline,C0069,2021-09-30,0,0.5652320982145874
1,Logistic Baseline,C0069,2021-12-31,0,0.6188840098917564
1,Logistic Baseline,C0070,2021-09-30,0,0.3006315645958988
1,Logistic Baseline,C0070,2021-12-31,0,0.3375162619672376
1,Logistic Baseline,C0071,2021-09-30,0,0.3438496201830403
1,Logistic Baseline,C0071,2021-12-31,0,0.560183969224889
1,Logistic Baseline,C0072,2021-09-30,0,0.6105169374559039
1,Logistic Baseline,C0072,2021-12-31,0,0.5864093429246752
1,Logistic Baseline,C0073,2021-09-30,0,0.3277526746482266
1,Logistic Baseline,C0073,2021-12-31,0,0.3467932469234804
1,Logistic Baseline,C0074,2021-09-30,0,0.47093569382063044
1,Logistic Baseline,C0074,2021-12-31,0,0.4985602958889101
1,Logistic Baseline,C0075,2021-09-30,1,0.43884254685175944
1,Logistic Baseline,C0075,2021-12-31,0,0.45369863708106295
1,Logistic Baseline,C0076,2021-09-30,0,0.29938843843456064
1,Logistic Baseline,C0076,2021-12-31,0,0.4506503935517803
1,Logistic Baseline,C0077,2021-09-30,0,0.5876804762415495
1,Logistic Baseline,C0077,2021-12-31,1,0.5003058407385303
1,Logistic Baseline,C0078,2021-09-30,0,0.19618905173975099
1,Logistic Baseline,C0078,2021-12-31,0,0.28303464576296194
1,Logistic Baseline,C0079,2021-09-30,0,0.6639315941921177
1,Logistic Baseline,C0079,2021-12-31,0,0.550957049643177
1,Logistic Baseline,C0080,2021-09-30,0,0.6877475038812756
1,Logistic Baseline,C0080,2021-12-31,0,0.47574783934804427
1,Logistic Baseline,C0081,2021-09-30,1,0.43877871588965545
1,Logistic Baseline,C0081,2021-12-31,0,0.42675494654531626
1,Logistic Baseline,C0082,2021-09-30,0,0.7456000775246787
1,Logistic Baseline,C0082,2021-12-31,1,0.6960501159870138
1,Logistic Baseline,C0083,2021-09-30,0,0.4505646777629384
1,Logistic Baseline,C0083,2021-12-31,0,0.5355754655890675
1,Logistic Baseline,C0084,2021-09-30,0,0.25700344624649246
1,Logistic Baseline,C0084,2021-12-31,0,0.20189339337433024
1,Logistic Baseline,C0085,2021-09-30,0,0.5129715969594622
1,Logistic Baseline,C0085,2021-12-31,0,0.4678150349014445
1,Logistic Baseline,C0086,2021-09-30,0,0.6213433398164799
1,Logistic Baseline,C0086,2021-12-31,0,0.22027326712962791
1,Logistic Baseline,C0087,2021-09-30,0,0.4108215426539562
1,Logistic Baseline,C0087,2021-12-31,0,0.4400592071729529
1,Logistic Baseline,C0088,2021-09-30,0,0.3034267928036813
1,Logistic Baseline,C0088,2021-12-31,0,0.30980282655498603
1,Logistic Baseline,C0089,2021-09-30,0,0.42285545596922325
1,Logistic Baseline,C0089,2021-12-31,0,0.48253267061441674
1,Logistic Baseline,C0090,2021-09-30,1,0.6495159905465034
1,Logistic Baseline,C0090,2021-12-31,0,0.7915747656577068
1,Logistic Baseline,C0091,2021-09-30,0,0.3281193182793033
1,Logistic Baseline,C0091,2021-12-31,0,0.3395279762908976
1,Logistic Baseline,C0092,2021-09-30,1,0.021818193049708886
1,Logistic Baseline,C0092,2021-12-31,0,0.3168794003233098
1,Logistic Baseline,C0093,2021-09-30,0,0.2415623657481063
1,Logistic Baseline,C0093,2021-12-31,0,0.31439895857785416
1,Logistic Baseline,C0094,2021-09-30,0,0.17603695097844313
1,Logistic Baseline,C0094,2021-12-31,0,0.21518034771978187
1,Logistic Baseline,C0095,2021-09-30,0,0.367486134495469
1,Logistic Baseline,C0095,2021-12-31,1,0.5022059017417329
1,Logistic Baseline,C0096,2021-09-30,0,0.39898212597552224
1,Logistic Baseline,C0096,2021-12-31,0,0.3283729059959818
1,Logistic Baseline,C0097,2021-09-30,0,0.6017968771652253
1,Logistic Baseline,C0097,2021-12-31,0,0.8776528384727109
1,Logistic Baseline,C0098,2021-09-30,0,0.505096603067629
1,Logistic Baseline,C0098,2021-12-31,1,0.5372691930237768
1,Logistic Baseline,C0099,2021-09-30,0,0.3236464483160176
1,Logistic Baseline,C0099,2021-12-31,0,0.3353872799761933
1,Logistic Baseline,C0100,2021-09-30,1,0.5101816264802651
1,Logistic Baseline,C0100,2021-12-31,0,0.45685020373643365
1,Logistic Baseline,C0101,2021-09-30,0,0.5676670189263288
1,Logistic Baseline,C0101,2021-12-31,1,0.5592002704217863
1,Logistic Baseline,C0102,2021-09-30,0,0.6220941835439803
1,Logistic Baseline,C0102,2021-12-31,0,0.4441799059389046
1,Logistic Baseline,C0103,2021-09-30,0,0.180090757303676
1,Logistic Baseline,C0103,2021-12-31,0,0.40712513955662316
1,Logistic Baseline,C0104,2021-09-30,0,0.43214429696037243
1,Logistic Baseline,C0104,2021-12-31,0,0.6254082720286251
1,Logistic Baseline,C0105,2021-09-30,0,0.644251086893535
1,Logistic Baseline,C0105,2021-12-31,0,0.5883311607952763
1,Logistic Baseline,C0106,2021-09-30,0,0.649393974792427
1,Logistic Baseline,C0106,2021-12-31,0,0.5336663354399531
1,Logistic Baseline,C0107,2021-09-30,0,0.42875839099420143
1,Logistic Baseline,C0107,2021-12-31,0,0.5144462667267611
1,Logistic Baseline,C0108,2021-09-30,0,0.6152286883444997
1,Logistic Baseline,C0108,2021-12-31,0,0.44802524275493766
1,Logistic Baseline,C0109,2021-09-30,0,0.3968305810528709
1,Logistic Baseline,C0109,2021-12-31,1,0.8425109571416022
1,Logistic Baseline,C0110,2021-09-30,0,0.727276981768476
1,Logistic Baseline,C0110,2021-12-31,0,0.4057322171342578
1,Logistic Baseline,C0111,2021-09-30,0,0.560407950553069
1,Logistic Baseline,C0111,2021-12-31,0,0.33981145779321564
1,Logistic Baseline,C0112,2021-09-30,0,0.3299953916280796
1,Logistic Baseline,C0112,2021-12-31,0,0.2606330420663797
1,Logistic Baseline,C0113,2021-09-30,0,0.29558561048176507
1,Logistic Baseline,C0113,2021-12-31,1,0.3967527087372109
1,Logistic Baseline,C0114,2021-09-30,0,0.9971886886478009
1,Logistic Baseline,C0114,2021-12-31,0,0.5392428640334307
1,Logistic Baseline,C0115,2021-09-30,0,0.6091699338523644
1,Logistic Baseline,C0115,2021-12-31,1,0.5483515972155402
1,Logistic Baseline,C0116,2021-09-30,0,0.3993271718671257
1,Logistic Baseline,C0116,2021-12-31,0,0.44133712560942495
1,Logistic Baseline,C0117,2021-09-30,0,0.44466746087234865
1,Logistic Baseline,C0117,2021-12-31,0,0.37736334221122003
1,Logistic Baseline,C0118,2021-09-30,0,0.43513820160630184
1,Logistic Baseline,C0118,2021-12-31,0,0.27720416887280136
1,Logistic Baseline,C0119,2021-09-30,0,0.2081720419083779
1,Logistic Baseline,C0119,2021-12-31,0,0.33333921135747113
1,Logistic Baseline,C0120,2021-09-30,0,0.41318758203597733
1,Logistic Baseline,C0120,2021-12-31,0,0.39843621296804943
1,Logistic Baseline,C0121,2021-09-30,0,0.5104742308480927
1,Logistic Baseline,C0121,2021-12-31,0,0.6386289972959402
1,Logistic Baseline,C0122,2021-09-30,0,0.4677981492157254
1,Logistic Baseline,C0122,2021-12-31,0,0.5451399823505284
1,Logistic Baseline,C0123,2021-09-30,0,0.38447212989526763
1,Logistic Baseline,C0123,2021-12-31,0,0.4178809830111144
1,Logistic Baseline,C0124,2021-09-30,1,0.4599568166585082
1,Logistic Baseline,C0124,2021-12-31,1,0.43045687038821717
1,Logistic Baseline,C0125,2021-09-30,0,0.3965334063604444
1,Logistic Baseline,C0125,2021-12-31,0,0.3195237722743675
1,Logistic Baseline,C0126,2021-09-30,0,0.36040680871582986
1,Logistic Baseline,C0126,2021-12-31,0,0.3297620873333355
1,Logistic Baseline,C0127,2021-09-30,0,0.3569580652985231
1,Logistic Baseline,C0127,2021-12-31,0,0.5888218091827759
1,Logistic Baseline,C0128,2021-09-30,0,0.35224283750448865
1,Logistic Baseline,C0128,2021-12-31,0,0.3386549561248693
1,Logistic Baseline,C0129,2021-09-30,0,0.4755675245494798
1,Logistic Baseline,C0129,2021-12-31,0,0.4362398685967098
1,Logistic Baseline,C0130,2021-09-30,0,0.3886620714323919
1,Logistic Baseline,C0130,2021-12-31,0,0.4737806513694365
1,Logistic Baseline,C0131,2021-09-30,0,0.49627089131614405
1,Logistic Baseline,C0131,2021-12-31,0,0.4410885076294769
1,Logistic Baseline,C0132,2021-09-30,0,0.26048509627638183
1,Logistic Baseline,C0132,2021-12-31,1,0.33924227683867736
1,Logistic Baseline,C0133,2021-09-30,0,0.4186499961279402
1,Logistic Baseline,C0133,2021-12-31,0,0.252407422250662
1,Logistic Baseline,C0134,2021-09-30,0,0.6978468650013131
1,Logistic Baseline,C0134,2021-12-31,0,0.7197526321249261
1,Logistic Baseline,C0135,2021-09-30,0,0.558408201832917
1,Logistic Baseline,C0135,2021-12-31,0,0.5245726516534936
1,Logistic Baseline,C0136,2021-09-30,0,0.6161025175185976
1,Logistic Baseline,C0136,2021-12-31,1,0.44721275847147
1,Logistic Baseline,C0137,2021-09-30,0,0.3789428068307714
1,Logistic Baseline,C0137,2021-12-31,1,0.2644022841338017
1,Logistic Baseline,C0138,2021-09-30,0,0.33833415881675943
1,Logistic Baseline,C0138,2021-12-31,0,0.5029124588462861
1,Logistic Baseline,C0139,2021-09-30,0,0.37275009775492435
1,Logistic Baseline,C0139,2021-12-31,0,0.43150464820068984
1,Logistic Baseline,C0140,2021-09-30,0,0.4150428224295124
1,Logistic Baseline,C0140,2021-12-31,0,0.5314389513906629
1,Logistic Baseline,C0141,2021-09-30,0,0.5026113398236232
1,Logistic Baseline,C0141,2021-12-31,0,0.4737172502136392
1,Logistic Baseline,C0142,2021-09-30,0,0.658376301825695
1,Logistic Baseline,C0142,2021-12-31,1,0.4826514127667591
1,Logistic Baseline,C0143,2021-09-30,0,0.5554407877172334
1,Logistic Baseline,C0143,2021-12-31,0,0.5834443249790198
1,Logistic Baseline,C0144,2021-09-30,0,0.2902151869687704
1,Logistic Baseline,C0144,2021-12-31,0,0.20170011742026936
1,Logistic Baseline,C0145,2021-09-30,0,0.510263768019321
1,Logistic Baseline,C0145,2021-12-31,1,0.3230708051629055
1,Logistic Baseline,C0146,2021-09-30,0,0.38066914981874944
1,Logistic Baseline,C0146,2021-12-31,0,0.3082412919135806
1,Logistic Baseline,C0147,2021-09-30,0,0.4395311869399225
1,Logistic Baseline,C0147,2021-12-31,0,0.5623031133421784
1,Logistic Baseline,C0148,2021-09-30,0,0.3762696920019463
1,Logistic Baseline,C0148,2021-12-31,0,0.2777235816455676
1,Logistic Baseline,C0149,2021-09-30,0,0.6931258118041872
1,Logistic Baseline,C0149,2021-12-31,1,0.07191198928434446
1,Logistic Baseline,C0150,2021-09-30,1,0.8900151399132585
1,Logistic Baseline,C0150,2021-12-31,0,0.7428692700286748
1,Logistic Baseline,C0151,2021-09-30,0,0.3217194810670411
1,Logistic Baseline,C0151,2021-12-31,0,0.4625775674331901
1,Logistic Baseline,C0152,2021-09-30,0,0.29602168972516635
1,Logistic Baseline,C0152,2021-12-31,0,0.5453020939514541
1,Logistic Baseline,C0153,2021-09-30,1,0.5273268180209142
1,Logistic Baseline,C0153,2021-12-31,0,0.27914814402883614
1,Logistic Baseline,C0154,2021-09-30,0,0.32187947404620026
1,Logistic Baseline,C0154,2021-12-31,1,0.5232121451255047
1,Logistic Baseline,C0155,2021-09-30,0,0.28443651386085794
1,Logistic Baseline,C0155,2021-12-31,0,0.25419738272430376
1,Logistic Baseline,C0156,2021-09-30,0,0.5014870383041332
1,Logistic Baseline,C0156,2021-12-31,0,0.5065696369085779
1,Logistic Baseline,C0157,2021-09-30,0,0.537162783974222
1,Logistic Baseline,C0157,2021-12-31,0,0.3677885600138521
1,Logistic Baseline,C0158,2021-09-30,0,0.21770145539955554
1,Logistic Baseline,C0158,2021-12-31,1,0.4473084358848674
1,Logistic Baseline,C0159,2021-09-30,0,0.6232122169095643
1,Logistic Baseline,C0159,2021-12-31,1,0.5477825501709509
1,Logistic Baseline,C0160,2021-09-30,0,0.33350281192650527
1,Logistic Baseline,C0160,2021-12-31,0,0.4418340050042383
1,Logistic Baseline,C0161,2021-09-30,0,0.4477386735450013
1,Logistic Baseline,C0161,2021-12-31,0,0.39661478923684534
1,Logistic Baseline,C0162,2021-09-30,0,0.5474760115524785
1,Logistic Baseline,C0162,2021-12-31,0,0.7538591424658858
1,Logistic Baseline,C0163,2021-09-30,0,0.6043245300568456
1,Logistic Baseline,C0163,2021-12-31,0,0.45321760877719186
1,Logistic Baseline,C0164,2021-09-30,0,0.4514835696198322
1,Logistic Baseline,C0164,2021-12-31,1,0.553157341181119
1,Logistic Baseline,C0165,2021-09-30,0,0.8012245103714631
1,Logistic Baseline,C0165,2021-12-31,0,0.655643794396031
1,Logistic Baseline,C0166,2021-09-30,0,0.3474000006220768
1,Logistic Baseline,C0166,2021-12-31,0,0.3337827740085965
1,Logistic Baseline,C0167,2021-09-30,0,0.4578917822875717
1,Logistic Baseline,C0167,2021-12-31,0,0.48314913150417926
1,Logistic Baseline,C0168,2021-09-30,0,0.6830242790782892
1,Logistic Baseline,C0168,2021-12-31,0,0.47612155922330945
1,Logistic Baseline,C0169,2021-09-30,1,0.794699058516976
1,Logistic Baseline,C0169,2021-12-31,1,0.6655833708408443
1,Logistic Baseline,C0170,2021-09-30,1,0.5535304920949038
1,Logistic Baseline,C0170,2021-12-31,0,0.7045021530733515
1,Logistic Baseline,C0171,2021-09-30,0,0.5406541379100366
1,Logistic Baseline,C0171,2021-12-31,0,0.6654266073472537
1,Logistic Baseline,C0172,2021-09-30,0,0.4817830360381148
1,Logistic Baseline,C0172,2021-12-31,0,0.3587067927994766
1,Logistic Baseline,C0173,2021-09-30,0,0.39102026270501244
1,Logistic Baseline,C0173,2021-12-31,0,0.25461660624448346
1,Logistic Baseline,C0174,2021-09-30,0,0.2924266480109742
1,Logistic Baseline,C0174,2021-12-31,0,0.28821323460929954
1,Logistic Baseline,C0175,2021-09-30,0,0.5224625541287459
1,Logistic Baseline,C0175,2021-12-31,0,0.08942234362403635
1,Logistic Baseline,C0176,2021-09-30,0,0.4550823993096914
1,Logistic Baseline,C0176,2021-12-31,0,0.5290812155627544
1,Logistic Baseline,C0177,2021-09-30,0,0.5726275217193023
1,Logistic Baseline,C0177,2021-12-31,0,0.5792198883889231
1,Logistic Baseline,C0178,2021-09-30,0,0.4000116932327802
1,Logistic Baseline,C0178,2021-12-31,0,0.46170197978218325
1,Logistic Baseline,C0179,2021-09-30,1,0.658857153253119
1,Logistic Baseline,C0179,2021-12-31,1,0.5044085484407989
1,Logistic Baseline,C0180,2021-09-30,0,0.4746672812463408
1,Logistic Baseline,C0180,2021-12-31,0,0.529158562168667
1,Logistic Baseline,C0181,2021-09-30,0,0.3403347080550396
1,Logistic Baseline,C0181,2021-12-31,0,0.6010407060225056
1,Logistic Baseline,C0182,2021-09-30,0,0.5695244730507731
1,Logistic Baseline,C0182,2021-12-31,0,0.4168792460999058
1,Logistic Baseline,C0183,2021-09-30,0,0.412487006575851
1,Logistic Baseline,C0183,2021-12-31,0,0.2973452330135759
1,Logistic Baseline,C0184,2021-09-30,0,0.5912086535381479
1,Logistic Baseline,C0184,2021-12-31,1,0.5724467124075844
1,Logistic Baseline,C0185,2021-09-30,0,0.4195309182942545
1,Logistic Baseline,C0185,2021-12-31,0,0.6668350547518648
1,Logistic Baseline,C0186,2021-09-30,0,0.6996049439848632
1,Logistic Baseline,C0186,2021-12-31,0,0.46622950900562465
1,Logistic Baseline,C0187,2021-09-30,0,0.5797970021266216
1,Logistic Baseline,C0187,2021-12-31,0,0.6499786289383324
1,Logistic Baseline,C0188,2021-09-30,1,0.6179793921102663
1,Logistic Baseline,C0188,2021-12-31,0,0.3356833641656807
1,Logistic Baseline,C0189,2021-09-30,0,0.4964778955582735
1,Logistic Baseline,C0189,2021-12-31,0,0.06124317486488436
1,Logistic Baseline,C0190,2021-09-30,0,0.31310435673998055
1,Logistic Baseline,C0190,2021-12-31,0,0.3906543875346208
1,Logistic Baseline,C0191,2021-09-30,0,0.18964854930586994
1,Logistic Baseline,C0191,2021-12-31,0,0.3347295760716053
1,Logistic Baseline,C0192,2021-09-30,0,0.3693715554390111
1,Logistic Baseline,C0192,2021-12-31,0,0.5661661531535994
1,Logistic Baseline,C0193,2021-09-30,0,0.39485558350862554
1,Logistic Baseline,C0193,2021-12-31,0,0.5792680821150099
1,Logistic Baseline,C0194,2021-09-30,0,0.5030130345851005
1,Logistic Baseline,C0194,2021-12-31,0,0.5243403794977882
1,Logistic Baseline,C0195,2021-09-30,0,0.28088073060723434
1,Logistic Baseline,C0195,2021-12-31,0,0.27497666981767616
1,Logistic Baseline,C0196,2021-09-30,1,0.33985528645223595
1,Logistic Baseline,C0196,2021-12-31,0,0.5011024216777822
1,Logistic Baseline,C0197,2021-09-30,1,0.5242768305120445
1,Logistic Baseline,C0197,2021-12-31,0,0.4464252400895358
1,Logistic Baseline,C0198,2021-09-30,0,0.3892882712068466
1,Logistic Baseline,C0198,2021-12-31,1,0.4519336245910677
1,Logistic Baseline,C0199,2021-09-30,0,0.7681100196428752
1,Logistic Baseline,C0199,2021-12-31,0,0.6898490487923923
1,Logistic Baseline,C0200,2021-09-30,0,0.3680263633895925
1,Logistic Baseline,C0200,2021-12-31,0,0.3265247400571087
1,Logistic Baseline,C0201,2021-09-30,0,0.2806676670305299
1,Logistic Baseline,C0201,2021-12-31,0,0.32289248572734763
1,Logistic Baseline,C0202,2021-09-30,0,0.5634583820058451
1,Logistic Baseline,C0202,2021-12-31,0,0.4647291598843921
1,Logistic Baseline,C0203,2021-09-30,0,0.35554482154338685
1,Logistic Baseline,C0203,2021-12-31,0,0.390116606413594
1,Logistic Baseline,C0204,2021-09-30,0,0.6010234754935952
1,Logistic Baseline,C0204,2021-12-31,0,0.4087070068312256
1,Logistic Baseline,C0205,2021-09-30,1,0.470938470129456
1,Logistic Baseline,C0205,2021-12-31,0,0.5584727682621232
1,Logistic Baseline,C0206,2021-09-30,0,0.25827385473257075
1,Logistic Baseline,C0206,2021-12-31,0,0.3718076524109141
1,Logistic Baseline,C0207,2021-09-30,1,0.7284746927413989
1,Logistic Baseline,C0207,2021-12-31,0,0.7683818499656475
1,Logistic Baseline,C0208,2021-09-30,0,0.40408571909772245
1,Logistic Baseline,C0208,2021-12-31,1,0.4405833956899514
1,Logistic Baseline,C0209,2021-09-30,0,0.5518894317760794
1,Logistic Baseline,C0209,2021-12-31,0,0.5040022055081095
1,Logistic Baseline,C0210,2021-09-30,0,0.3172223664540641
1,Logistic Baseline,C0210,2021-12-31,0,0.01459599469479147
1,Logistic Baseline,C0211,2021-09-30,0,0.3222650934642166
1,Logistic Baseline,C0211,2021-12-31,0,0.2537247390102189
1,Logistic Baseline,C0212,2021-09-30,0,0.23980943236349941
1,Logistic Baseline,C0212,2021-12-31,0,0.47471913046591435
1,Logistic Baseline,C0213,2021-09-30,0,0.2645950832756542
1,Logistic Baseline,C0213,2021-12-31,0,0.21548350928374113
1,Logistic Baseline,C0214,2021-09-30,1,0.44288271074089963
1,Logistic Baseline,C0214,2021-12-31,0,0.23289297532336511
1,Logistic Baseline,C0215,2021-09-30,0,0.2975984817421681
1,Logistic Baseline,C0215,2021-12-31,0,0.4618948736704601
1,Logistic Baseline,C0216,2021-09-30,0,0.49733860236419863
1,Logistic Baseline,C0216,2021-12-31,0,0.7331262599834107
1,Logistic Baseline,C0217,2021-09-30,0,0.5218859351618826
1,Logistic Baseline,C0217,2021-12-31,0,0.37861492540487374
1,Logistic Baseline,C0218,2021-09-30,1,0.5249033480488857
1,Logistic Baseline,C0218,2021-12-31,1,0.5295428442933482
1,Logistic Baseline,C0219,2021-09-30,0,0.2985803298171974
1,Logistic Baseline,C0219,2021-12-31,0,0.28746900022242755
1,Logistic Baseline,C0220,2021-09-30,0,0.3267502705033657
1,Logistic Baseline,C0220,2021-12-31,0,0.26161630103226646
1,Logistic Baseline,C0221,2021-09-30,0,0.5902067653547886
1,Logistic Baseline,C0221,2021-12-31,1,0.7396020102024394
1,Logistic Baseline,C0222,2021-09-30,0,0.37199471269121515
1,Logistic Baseline,C0222,2021-12-31,1,0.5779113096013191
1,Logistic Baseline,C0223,2021-09-30,0,0.5907807785624833
1,Logistic Baseline,C0223,2021-12-31,0,0.598942962744072
1,Logistic Baseline,C0224,2021-09-30,0,0.4591470913512801
1,Logistic Baseline,C0224,2021-12-31,0,0.4186776171801968
1,Logistic Baseline,C0225,2021-09-30,0,0.3795452605190891
1,Logistic Baseline,C0225,2021-12-31,0,0.5706086122281945
1,Logistic Baseline,C0226,2021-09-30,0,0.1393223927932678
1,Logistic Baseline,C0226,2021-12-31,0,0.14754927716055044
1,Logistic Baseline,C0227,2021-09-30,0,0.29724315881177116
1,Logistic Baseline,C0227,2021-12-31,0,6.185840039077879e-05
1,Logistic Baseline,C0228,2021-09-30,0,0.7206317824693035
1,Logistic Baseline,C0228,2021-12-31,0,0.383156755572293
1,Logistic Baseline,C0229,2021-09-30,0,0.30578175230903487
1,Logistic Baseline,C0229,2021-12-31,0,0.46029209699547247
1,Logistic Baseline,C0230,2021-09-30,0,0.22322485892036878
1,Logistic Baseline,C0230,2021-12-31,0,0.32611188813555575
1,Logistic Baseline,C0231,2021-09-30,0,0.37658763435202575
1,Logistic Baseline,C0231,2021-12-31,0,0.4335992963604496
1,Logistic Baseline,C0232,2021-09-30,1,0.34864498604502475
1,Logistic Baseline,C0232,2021-12-31,0,0.4345268304994135
1,Logistic Baseline,C0233,2021-09-30,1,0.43878146937547857
1,Logistic Baseline,C0233,2021-12-31,0,0.35237552933681726
1,Logistic Baseline,C0234,2021-09-30,1,0.4560779669735379
1,Logistic Baseline,C0234,2021-12-31,0,0.3875820684828628
1,Logistic Baseline,C0235,2021-09-30,1,0.43570177723660153
1,Logistic Baseline,C0235,2021-12-31,1,0.46497207417913455
1,Logistic Baseline,C0236,2021-09-30,0,0.30527002247146434
1,Logistic Baseline,C0236,2021-12-31,0,0.27268770926962355
1,Logistic Baseline,C0237,2021-09-30,0,0.4831366988911085
1,Logistic Baseline,C0237,2021-12-31,0,0.5515393730836355
1,Logistic Baseline,C0238,2021-09-30,0,0.45419678424864274
1,Logistic Baseline,C0238,2021-12-31,1,0.5686239829896652
1,Logistic Baseline,C0239,2021-09-30,1,0.5488606990748526
1,Logistic Baseline,C0239,2021-12-31,0,0.6191612889589629
1,Logistic Baseline,C0240,2021-09-30,0,0.47449284149576776
1,Logistic Baseline,C0240,2021-12-31,1,0.5270898556148941
1,Logistic Baseline,C0241,2021-09-30,0,0.519387149548036
1,Logistic Baseline,C0241,2021-12-31,0,0.4457509149011893
1,Logistic Baseline,C0242,2021-09-30,0,0.5350104348757505
1,Logistic Baseline,C0242,2021-12-31,0,0.3837145166285971
1,Logistic Baseline,C0243,2021-09-30,0,0.34670916558246884
1,Logistic Baseline,C0243,2021-12-31,0,0.3906548166037097
1,Logistic Baseline,C0244,2021-09-30,1,0.6715425485084913
1,Logistic Baseline,C0244,2021-12-31,0,0.689825344638076
1,Logistic Baseline,C0245,2021-09-30,0,0.42476791946291576
1,Logistic Baseline,C0245,2021-12-31,0,0.496211718254969
1,Logistic Baseline,C0246,2021-09-30,0,0.8857810580257228
1,Logistic Baseline,C0246,2021-12-31,0,0.4335410244674129
1,Logistic Baseline,C0247,2021-09-30,0,0.4063002949247552
1,Logistic Baseline,C0247,2021-12-31,0,0.44447594539336754
1,Logistic Baseline,C0248,2021-09-30,0,0.6338768372283534
1,Logistic Baseline,C0248,2021-12-31,0,0.6514982952900226
1,Logistic Baseline,C0249,2021-09-30,0,0.24242498165827728
1,Logistic Baseline,C0249,2021-12-31,0,0.2842986168928101
1,Logistic Baseline,C0250,2021-09-30,0,0.3920414112968287
1,Logistic Baseline,C0250,2021-12-31,0,0.34777554943987987
1,Logistic Baseline,C0251,2021-09-30,0,0.36768338315065535
1,Logistic Baseline,C0251,2021-12-31,0,0.2875068946041241
1,Logistic Baseline,C0252,2021-09-30,0,0.4177793339251331
1,Logistic Baseline,C0252,2021-12-31,0,0.5471265363023512
1,Logistic Baseline,C0253,2021-09-30,0,0.42102670869557274
1,Logistic Baseline,C0253,2021-12-31,0,0.5207078871825312
1,Logistic Baseline,C0254,2021-09-30,1,0.5971394165349793
1,Logistic Baseline,C0254,2021-12-31,0,0.6029919388281865
1,Logistic Baseline,C0255,2021-09-30,0,0.49949678999918196
1,Logistic Baseline,C0255,2021-12-31,1,0.5495782071079425
1,Logistic Baseline,C0256,2021-09-30,0,0.529256090697116
1,Logistic Baseline,C0256,2021-12-31,0,0.3876444349433558
1,Logistic Baseline,C0257,2021-09-30,0,0.29626203652584815
1,Logistic Baseline,C0257,2021-12-31,1,0.2731682955269342
1,Logistic Baseline,C0258,2021-09-30,0,0.5743990380931108
1,Logistic Baseline,C0258,2021-12-31,1,0.512254917575147
1,Logistic Baseline,C0259,2021-09-30,0,0.418687921175195
1,Logistic Baseline,C0259,2021-12-31,0,0.14849947330279
1,Logistic Baseline,C0260,2021-09-30,0,0.38526283652942883
1,Logistic Baseline,C0260,2021-12-31,0,0.5701750747965767
1,Logistic Baseline,C0261,2021-09-30,0,0.32346997789728793
1,Logistic Baseline,C0261,2021-12-31,0,0.3401881823801445
1,Logistic Baseline,C0262,2021-09-30,1,0.46729638408439733
1,Logistic Baseline,C0262,2021-12-31,0,0.3534650014220731
1,Logistic Baseline,C0263,2021-09-30,0,0.4340101484147292
1,Logistic Baseline,C0263,2021-12-31,0,0.4244814890953709
1,Logistic Baseline,C0264,2021-09-30,0,0.4257136051960671
1,Logistic Baseline,C0264,2021-12-31,0,0.001283525352773858
1,Logistic Baseline,C0265,2021-09-30,0,0.6474378249069759
1,Logistic Baseline,C0265,2021-12-31,0,0.6218549676906251
1,Logistic Baseline,C0266,2021-09-30,0,0.3563356146566004
1,Logistic Baseline,C0266,2021-12-31,0,0.3233256792771087
1,Logistic Baseline,C0267,2021-09-30,0,0.3928285311669588
1,Logistic Baseline,C0267,2021-12-31,0,0.48788319483209125
1,Logistic Baseline,C0268,2021-09-30,0,0.3112165939646609
1,Logistic Baseline,C0268,2021-12-31,0,0.3503237985978866
1,Logistic Baseline,C0269,2021-09-30,0,0.41851282321565664
1,Logistic Baseline,C0269,2021-12-31,0,0.40663339364396056
1,Logistic Baseline,C0270,2021-09-30,0,0.31233803196295645
1,Logistic Baseline,C0270,2021-12-31,0,0.3501120085051433
1,Logistic Baseline,C0271,2021-09-30,0,0.5304423175411898
1,Logistic Baseline,C0271,2021-12-31,0,0.34189711665491496
1,Logistic Baseline,C0272,2021-09-30,0,0.3038023559714438
1,Logistic Baseline,C0272,2021-12-31,0,0.45010893772196675
1,Logistic Baseline,C0273,2021-09-30,0,0.5784532993134084
1,Logistic Baseline,C0273,2021-12-31,1,0.6712054157742802
1,Logistic Baseline,C0274,2021-09-30,0,0.5719662968996173
1,Logistic Baseline,C0274,2021-12-31,1,0.5652649731503566
1,Logistic Baseline,C0275,2021-09-30,0,0.3369180510440363
1,Logistic Baseline,C0275,2021-12-31,0,0.3302045124296759
1,Logistic Baseline,C0276,2021-09-30,0,0.3993736802746763
1,Logistic Baseline,C0276,2021-12-31,0,0.5547950647729449
1,Logistic Baseline,C0277,2021-09-30,0,0.7330849232814403
1,Logistic Baseline,C0277,2021-12-31,0,0.4971413453708179
1,Logistic Baseline,C0278,2021-09-30,0,0.393159630196378
1,Logistic Baseline,C0278,2021-12-31,0,0.42851067924658803
1,Logistic Baseline,C0279,2021-09-30,0,0.5690051946334196
1,Logistic Baseline,C0279,2021-12-31,0,0.5040542985426616
1,Logistic Baseline,C0280,2021-09-30,0,0.4672138664189666
1,Logistic Baseline,C0280,2021-12-31,0,0.5926481411591249
1,Logistic Baseline,C0281,2021-09-30,1,0.8872681777361876
1,Logistic Baseline,C0281,2021-12-31,1,0.8933144718394874
1,Logistic Baseline,C0282,2021-09-30,0,0.46004950496143143
1,Logistic Baseline,C0282,2021-12-31,0,0.31922544868753916
1,Logistic Baseline,C0283,2021-09-30,0,0.48569141456049364
1,Logistic Baseline,C0283,2021-12-31,1,0.5261421753662548
1,Logistic Baseline,C0284,2021-09-30,0,0.26776808458548895
1,Logistic Baseline,C0284,2021-12-31,0,0.38341707951804777
1,Logistic Baseline,C0285,2021-09-30,0,0.6212878299496111
1,Logistic Baseline,C0285,2021-12-31,0,0.46054982613762147
1,Logistic Baseline,C0286,2021-09-30,0,0.6665374892042079
1,Logistic Baseline,C0286,2021-12-31,0,0.681773549608857
1,Logistic Baseline,C0287,2021-09-30,0,0.5441370211467473
1,Logistic Baseline,C0287,2021-12-31,0,0.40818565220309994
1,Logistic Baseline,C0288,2021-09-30,0,0.4955969889394553
1,Logistic Baseline,C0288,2021-12-31,0,0.27632561456430893
1,Logistic Baseline,C0289,2021-09-30,1,0.3389001006468616
1,Logistic Baseline,C0289,2021-12-31,0,0.9754439630336893
1,Logistic Baseline,C0290,2021-09-30,0,0.762861177263436
1,Logistic Baseline,C0290,2021-12-31,0,0.5412796111131932
1,Logistic Baseline,C0291,2021-09-30,0,0.0013484540897331452
1,Logistic Baseline,C0291,2021-12-31,0,0.4213338573859815
1,Logistic Baseline,C0292,2021-09-30,0,0.3327342119197126
1,Logistic Baseline,C0292,2021-12-31,0,0.4032333830578875
1,Logistic Baseline,C0293,2021-09-30,0,0.3309484904399828
1,Logistic Baseline,C0293,2021-12-31,0,0.5173397495437663
1,Logistic Baseline,C0294,2021-09-30,0,0.43059378258400305
1,Logistic Baseline,C0294,2021-12-31,0,0.3980578934485203
1,Logistic Baseline,C0295,2021-09-30,1,0.5405891882819248
1,Logistic Baseline,C0295,2021-12-31,0,0.47941816067336324
1,Logistic Baseline,C0296,2021-09-30,0,0.4170090858760745
1,Logistic Baseline,C0296,2021-12-31,0,0.6026787209393067
1,Logistic Baseline,C0297,2021-09-30,0,0.43803669557366653
1,Logistic Baseline,C0297,2021-12-31,0,0.2852866320961352
1,Logistic Baseline,C0298,2021-09-30,0,0.545596902826566
1,Logistic Baseline,C0298,2021-12-31,0,0.5025855233958726
1,Logistic Baseline,C0299,2021-09-30,0,0.5262443401549202
1,Logistic Baseline,C0299,2021-12-31,0,0.5360825933364113
2,Logistic Baseline,C0000,2022-03-31,0,0.42891449010501725
2,Logistic Baseline,C0000,2022-06-30,1,0.5614697936892783
2,Logistic Baseline,C0001,2022-03-31,0,0.7369098542074408
2,Logistic Baseline,C0001,2022-06-30,1,0.5014526592206733
2,Logistic Baseline,C0002,2022-03-31,0,0.23473276096582552
2,Logistic Baseline,C0002,2022-06-30,0,0.3988856372861726
2,Logistic Baseline,C0003,2022-03-31,0,0.41635396796225715
2,Logistic Baseline,C0003,2022-06-30,0,0.4292084932468098
2,Logistic Baseline,C0004,2022-03-31,0,0.3615316683721197
2,Logistic Baseline,C0004,2022-06-30,0,0.34423280187372585
2,Logistic Baseline,C0005,2022-03-31,0,0.32423704532263753
2,Logistic Baseline,C0005,2022-06-30,0,0.34864726675448326
2,Logistic Baseline,C0006,2022-03-31,0,0.5237349306101958
2,Logistic Baseline,C0006,2022-06-30,1,0.5232521218145935
2,Logistic Baseline,C0007,2022-03-31,1,0.5419688594636516
2,Logistic Baseline,C0007,2022-06-30,0,0.563765841554626
2,Logistic Baseline,C0008,2022-03-31,0,0.41497326360335335
2,Logistic Baseline,C0008,2022-06-30,0,0.4716824117934255
2,Logistic Baseline,C0009,2022-03-31,0,0.5493880575555927
2,Logistic Baseline,C0009,2022-06-30,0,0.3762532154530861
2,Logistic Baseline,C0010,2022-03-31,0,0.36264158787590595
2,Logistic Baseline,C0010,2022-06-30,1,0.3947787552916653
2,Logistic Baseline,C0011,2022-03-31,0,0.22042959683591676
2,Logistic Baseline,C0011,2022-06-30,0,0.13525285606451637
2,Logistic Baseline,C0012,2022-03-31,0,0.1694645510263861
2,Logistic Baseline,C0012,2022-06-30,0,0.2626110381517366
2,Logistic Baseline,C0013,2022-03-31,0,0.40527007577122387
2,Logistic Baseline,C0013,2022-06-30,0,0.605425365015849
2,Logistic Baseline,C0014,2022-03-31,1,0.49549909639666495
2,Logistic Baseline,C0014,2022-06-30,0,0.449623572532508
2,Logistic Baseline,C0015,2022-03-31,0,0.275567113424763
2,Logistic Baseline,C0015,2022-06-30,0,0.5988508051229173
2,Logistic Baseline,C0016,2022-03-31,0,0.7402637062118604
2,Logistic Baseline,C0016,2022-06-30,1,0.6372409793999436
2,Logistic Baseline,C0017,2022-03-31,0,0.43539405370908024
2,Logistic Baseline,C0017,2022-06-30,0,0.43749272956859453
2,Logistic Baseline,C0018,2022-03-31,0,0.501306979371336
2,Logistic Baseline,C0018,2022-06-30,1,0.222023250800553
2,Logistic Baseline,C0019,2022-03-31,0,0.6359879697262181
2,Logistic Baseline,C0019,2022-06-30,1,0.4045888106760458
2,Logistic Baseline,C0020,2022-03-31,0,0.38679453591002044
2,Logistic Baseline,C0020,2022-06-30,0,0.19191954364963004
2,Logistic Baseline,C0021,2022-03-31,0,0.2995810968254333
2,Logistic Baseline,C0021,2022-06-30,0,0.373483043106226
2,Logistic Baseline,C0022,2022-03-31,0,0.4115759142289665
2,Logistic Baseline,C0022,2022-06-30,0,0.5190690398899573
2,Logistic Baseline,C0023,2022-03-31,0,0.3223581293384908
2,Logistic Baseline,C0023,2022-06-30,0,0.35327582842706984
2,Logistic Baseline,C0024,2022-03-31,0,0.5861741282286933
2,Logistic Baseline,C0024,2022-06-30,0,0.46102352457815066
2,Logistic Baseline,C0025,2022-03-31,0,0.39312205645383314
2,Logistic Baseline,C0025,2022-06-30,0,0.29049540304547233
2,Logistic Baseline,C0026,2022-03-31,0,0.3157922916720338
2,Logistic Baseline,C0026,2022-06-30,0,0.5337818792079109
2,Logistic Baseline,C0027,2022-03-31,0,0.5762525404710308
2,Logistic Baseline,C0027,2022-06-30,0,0.5065725389609227
2,Logistic Baseline,C0028,2022-03-31,0,0.3907973058724071
2,Logistic Baseline,C0028,2022-06-30,0,0.3477328891225296
2,Logistic Baseline,C0029,2022-03-31,0,0.6009392897784095
2,Logistic Baseline,C0029,2022-06-30,0,0.4188374753638619
2,Logistic Baseline,C0030,2022-03-31,0,0.4890779525163692
2,Logistic Baseline,C0030,2022-06-30,0,0.48301281560745074
2,Logistic Baseline,C0031,2022-03-31,0,0.5950370754425959
2,Logistic Baseline,C0031,2022-06-30,0,0.5504259218808332
2,Logistic Baseline,C0032,2022-03-31,1,0.6094920807441229
2,Logistic Baseline,C0032,2022-06-30,0,0.5198544647997012
2,Logistic Baseline,C0033,2022-03-31,0,0.4919496248370518
2,Logistic Baseline,C0033,2022-06-30,1,0.33586263477395456
2,Logistic Baseline,C0034,2022-03-31,0,0.369568872378438
2,Logistic Baseline,C0034,2022-06-30,0,0.45389022017866415
2,Logistic Baseline,C0035,2022-03-31,0,0.3992513890640835
2,Logistic Baseline,C0035,2022-06-30,0,0.36255449882355295
2,Logistic Baseline,C0036,2022-03-31,0,0.3000698438300855
2,Logistic Baseline,C0036,2022-06-30,0,0.3674701450585261
2,Logistic Baseline,C0037,2022-03-31,0,0.676603071029949
2,Logistic Baseline,C0037,2022-06-30,0,0.5933342667623781
2,Logistic Baseline,C0038,2022-03-31,0,0.36713696219670455
2,Logistic Baseline,C0038,2022-06-30,0,0.5007807140365318
2,Logistic Baseline,C0039,2022-03-31,0,0.17968871581648013
2,Logistic Baseline,C0039,2022-06-30,0,0.3304192171926306
2,Logistic Baseline,C0040,2022-03-31,0,0.41600220857912945
2,Logistic Baseline,C0040,2022-06-30,0,0.20240951241100996
2,Logistic Baseline,C0041,2022-03-31,1,0.5014697355677008
2,Logistic Baseline,C0041,2022-06-30,0,0.5405642324879858
2,Logistic Baseline,C0042,2022-03-31,0,0.36698864388674834
2,Logistic Baseline,C0042,2022-06-30,0,0.2865408293647895
2,Logistic Baseline,C0043,2022-03-31,0,0.3066937698103652
2,Logistic Baseline,C0043,2022-06-30,0,0.31151711134352883
2,Logistic Baseline,C0044,2022-03-31,0,0.2969198318245448
2,Logistic Baseline,C0044,2022-06-30,0,0.1540530962166202
2,Logistic Baseline,C0045,2022-03-31,0,0.358706464703298
2,Logistic Baseline,C0045,2022-06-30,0,0.36313744575525875
2,Logistic Baseline,C0046,2022-03-31,0,0.23174378437197374
2,Logistic Baseline,C0046,2022-06-30,0,0.23358592624613314
2,Logistic Baseline,C0047,2022-03-31,1,0.6211107741299094
2,Logistic Baseline,C0047,2022-06-30,0,0.41875186559781635
2,Logistic Baseline,C0048,2022-03-31,1,0.8226739366963887
2,Logistic Baseline,C0048,2022-06-30,1,0.49010235721594914
2,Logistic Baseline,C0049,2022-03-31,0,0.44944885086078973
2,Logistic Baseline,C0049,2022-06-30,0,0.29467612870805165
2,Logistic Baseline,C0050,2022-03-31,0,0.35257190787146014
2,Logistic Baseline,C0050,2022-06-30,0,0.3928884439862932
2,Logistic Baseline,C0051,2022-03-31,0,0.3282076650753768
2,Logistic Baseline,C0051,2022-06-30,1,0.309622709492323
2,Logistic Baseline,C0052,2022-03-31,0,0.4147715051308119
2,Logistic Baseline,C0052,2022-06-30,0,0.4426171872058153
2,Logistic Baseline,C0053,2022-03-31,0,0.7653524773813136
2,Logistic Baseline,C0053,2022-06-30,0,0.4935387969684654
2,Logistic Baseline,C0054,2022-03-31,0,0.2998025712630711
2,Logistic Baseline,C0054,2022-06-30,0,0.4392644538850341
2,Logistic Baseline,C0055,2022-03-31,0,0.6141656697062906
2,Logistic Baseline,C0055,2022-06-30,0,0.9685068243999727
2,Logistic Baseline,C0056,2022-03-31,0,0.553307457609531
2,Logistic Baseline,C0056,2022-06-30,1,0.525693506058394
2,Logistic Baseline,C0057,2022-03-31,0,0.5591957784781819
2,Logistic Baseline,C0057,2022-06-30,1,0.4147227374100923
2,Logistic Baseline,C0058,2022-03-31,1,0.4711026738936067
2,Logistic Baseline,C0058,2022-06-30,0,0.39127000328591904
2,Logistic Baseline,C0059,2022-03-31,0,0.5000489061247093
2,Logistic Baseline,C0059,2022-06-30,1,0.48294046822503994
2,Logistic Baseline,C0060,2022-03-31,0,0.3140939870964234
2,Logistic Baseline,C0060,2022-06-30,0,0.4336905446024868
2,Logistic Baseline,C0061,2022-03-31,0,0.36089088300473654
2,Logistic Baseline,C0061,2022-06-30,0,0.4187001396013295
2,Logistic Baseline,C0062,2022-03-31,0,0.6108700075790532
2,Logistic Baseline,C0062,2022-06-30,1,0.6270729952624422
2,Logistic Baseline,C0063,2022-03-31,0,0.49748724771740754
2,Logistic Baseline,C0063,2022-06-30,0,0.4810595143158635
2,Logistic Baseline,C0064,2022-03-31,0,0.34446827342817216
2,Logistic Baseline,C0064,2022-06-30,0,0.5578101050431044
2,Logistic Baseline,C0065,2022-03-31,1,0.7013834246286227
2,Logistic Baseline,C0065,2022-06-30,1,0.5015799104393197
2,Logistic Baseline,C0066,2022-03-31,0,0.4467302347977927
2,Logistic Baseline,C0066,2022-06-30,0,0.25809499259053137
2,Logistic Baseline,C0067,2022-03-31,0,0.32811471034436157
2,Logistic Baseline,C0067,2022-06-30,0,0.3760576093991552
2,Logistic Baseline,C0068,2022-03-31,0,0.41520514772648554
2,Logistic Baseline,C0068,2022-06-30,1,0.39076619746401914
2,Logistic Baseline,C0069,2022-03-31,0,0.5948954757160573
2,Logistic Baseline,C0069,2022-06-30,0,0.3573137621152022
2,Logistic Baseline,C0070,2022-03-31,0,0.33332445375940806
2,Logistic Baseline,C0070,2022-06-30,0,0.3680254315508735
2,Logistic Baseline,C0071,2022-03-31,0,0.3443997445767863
2,Logistic Baseline,C0071,2022-06-30,0,0.43495435076810973
2,Logistic Baseline,C0072,2022-03-31,0,0.4667540009062669
2,Logistic Baseline,C0072,2022-06-30,0,0.4636390590220782
2,Logistic Baseline,C0073,2022-03-31,0,0.2021798780372698
2,Logistic Baseline,C0073,2022-06-30,0,0.3080312929039503
2,Logistic Baseline,C0074,2022-03-31,0,0.35040131209899245
2,Logistic Baseline,C0074,2022-06-30,0,0.39193860549614984
2,Logistic Baseline,C0075,2022-03-31,0,0.45073409268057796
2,Logistic Baseline,C0075,2022-06-30,0,0.5578708181939883
2,Logistic Baseline,C0076,2022-03-31,0,0.3881845428018025
2,Logistic Baseline,C0076,2022-06-30,0,0.29598459789162185
2,Logistic Baseline,C0077,2022-03-31,0,0.4024188116985628
2,Logistic Baseline,C0077,2022-06-30,0,0.6394206506619378
2,Logistic Baseline,C0078,2022-03-31,0,0.2972324458172996
2,Logistic Baseline,C0078,2022-06-30,0,0.2979187138544884
2,Logistic Baseline,C0079,2022-03-31,0,0.6813807122354806
2,Logistic Baseline,C0079,2022-06-30,0,0.46387385567805894
2,Logistic Baseline,C0080,2022-03-31,0,0.53785546797643
2,Logistic Baseline,C0080,2022-06-30,0,0.3049721947160124
2,Logistic Baseline,C0081,2022-03-31,0,0.4032423594436419
2,Logistic Baseline,C0081,2022-06-30,0,0.20954515793807663
2,Logistic Baseline,C0082,2022-03-31,1,0.7604969871776164
2,Logistic Baseline,C0082,2022-06-30,0,0.6670824361763036
2,Logistic Baseline,C0083,2022-03-31,0,0.4107175248800887
2,Logistic Baseline,C0083,2022-06-30,0,0.4352795836624117
2,Logistic Baseline,C0084,2022-03-31,0,0.2099598376492963
2,Logistic Baseline,C0084,2022-06-30,0,0.09091940744377486
2,Logistic Baseline,C0085,2022-03-31,0,0.35355448892314456
2,Logistic Baseline,C0085,2022-06-30,0,0.35372977486711693
2,Logistic Baseline,C0086,2022-03-31,1,0.2879977990203178
2,Logistic Baseline,C0086,2022-06-30,1,0.4546884528730741
2,Logistic Baseline,C0087,2022-03-31,0,0.575246309253876
2,Logistic Baseline,C0087,2022-06-30,0,0.40020490745908815
2,Logistic Baseline,C0088,2022-03-31,0,0.33104609591326345
2,Logistic Baseline,C0088,2022-06-30,0,0.32039658960441275
2,Logistic Baseline,C0089,2022-03-31,0,0.502324557312228
2,Logistic Baseline,C0089,2022-06-30,0,0.42343937427403533
2,Logistic Baseline,C0090,2022-03-31,1,0.7204287764825364
2,Logistic Baseline,C0090,2022-06-30,1,0.6727775143085712
2,Logistic Baseline,C0091,2022-03-31,0,0.34773499173257016
2,Logistic Baseline,C0091,2022-06-30,0,0.3453365266681077
2,Logistic Baseline,C0092,2022-03-31,0,0.382271184008525
2,Logistic Baseline,C0092,2022-06-30,0,0.32846164641115133
2,Logistic Baseline,C0093,2022-03-31,1,0.2641264770595349
2,Logistic Baseline,C0093,2022-06-30,0,0.21146430282408615
2,Logistic Baseline,C0094,2022-03-31,0,0.26579192417842007
2,Logistic Baseline,C0094,2022-06-30,0,0.21956646506773025
2,Logistic Baseline,C0095,2022-03-31,0,0.2541156881852561
2,Logistic Baseline,C0095,2022-06-30,0,0.32154560240291946
2,Logistic Baseline,C0096,2022-03-31,0,0.3502966833497083
2,Logistic Baseline,C0096,2022-06-30,0,0.4615663131809319
2,Logistic Baseline,C0097,2022-03-31,0,0.3315844256453162
2,Logistic Baseline,C0097,2022-06-30,0,0.42659559249515855
2,Logistic Baseline,C0098,2022-03-31,0,0.301182157843838
2,Logistic Baseline,C0098,2022-06-30,0,0.354209374392718
2,Logistic Baseline,C0099,2022-03-31,1,0.46784237335920326
2,Logistic Baseline,C0099,2022-06-30,0,0.4416009014863108
2,Logistic Baseline,C0100,2022-03-31,0,0.45969535450641796
2,Logistic Baseline,C0100,2022-06-30,0,0.4556617703073354
2,Logistic Baseline,C0101,2022-03-31,0,0.3773697419496958
2,Logistic Baseline,C0101,2022-06-30,0,0.3384845129515779
2,Logistic Baseline,C0102,2022-03-31,0,0.32529602126868484
2,Logistic Baseline,C0102,2022-06-30,0,0.5416194624442016
2,Logistic Baseline,C0103,2022-03-31,0,0.30046155283767906
2,Logistic Baseline,C0103,2022-06-30,0,0.4083351595097582
2,Logistic Baseline,C0104,2022-03-31,0,0.41143266391984984
2,Logistic Baseline,C0104,2022-06-30,0,0.0017540557415925196
2,Logistic Baseline,C0105,2022-03-31,0,0.45690157057270725
2,Logistic Baseline,C0105,2022-06-30,1,0.47490785028581056
2,Logistic Baseline,C0106,2022-03-31,0,0.5145143912610831
2,Logistic Baseline,C0106,2022-06-30,1,0.5624649482854736
2,Logistic Baseline,C0107,2022-03-31,0,0.4193531331195422
2,Logistic Baseline,C0107,2022-06-30,0,0.18381075030672014
2,Logistic Baseline,C0108,2022-03-31,0,0.6421004702305781
2,Logistic Baseline,C0108,2022-06-30,0,0.6402630808752497
2,Logistic Baseline,C0109,2022-03-31,0,0.5787394261877359
2,Logistic Baseline,C0109,2022-06-30,0,0.4911729251019526
2,Logistic Baseline,C0110,2022-03-31,0,0.5853406498237621
2,Logistic Baseline,C0110,2022-06-30,0,0.4421071875881084
2,Logistic Baseline,C0111,2022-03-31,0,0.3773092833606197
2,Logistic Baseline,C0111,2022-06-30,0,0.37181866977664085
2,Logistic Baseline,C0112,2022-03-31,0,0.3728504010222354
2,Logistic Baseline,C0112,2022-06-30,0,0.9991494988512853
2,Logistic Baseline,C0113,2022-03-31,0,0.4002278066998516
2,Logistic Baseline,C0113,2022-06-30,1,0.47318462769062586
2,Logistic Baseline,C0114,2022-03-31,0,0.47967498975391876
2,Logistic Baseline,C0114,2022-06-30,0,0.005347288343461006
2,Logistic Baseline,C0115,2022-03-31,1,0.5817076814592148
2,Logistic Baseline,C0115,2022-06-30,0,0.014532878009059991
2,Logistic Baseline,C0116,2022-03-31,1,0.5084008897967586
2,Logistic Baseline,C0116,2022-06-30,0,0.5842363869458931
2,Logistic Baseline,C0117,2022-03-31,1,0.9704098411478521
2,Logistic Baseline,C0117,2022-06-30,0,0.3659707218284363
2,Logistic Baseline,C0118,2022-03-31,1,0.5290213523277353
2,Logistic Baseline,C0118,2022-06-30,1,0.33532096687281737
2,Logistic Baseline,C0119,2022-03-31,0,0.4316900263986696
2,Logistic Baseline,C0119,2022-06-30,0,0.45568971667312963
2,Logistic Baseline,C0120,2022-03-31,0,0.40428236217527325
2,Logistic Baseline,C0120,2022-06-30,0,0.37996982073489266
2,Logistic Baseline,C0121,2022-03-31,0,0.605594666803709
2,Logistic Baseline,C0121,2022-06-30,0,0.5101872416464878
2,Logistic Baseline,C0122,2022-03-31,0,0.44404398134031664
2,Logistic Baseline,C0122,2022-06-30,1,0.6078234718654082
2,Logistic Baseline,C0123,2022-03-31,0,0.4926965686570745
2,Logistic Baseline,C0123,2022-06-30,1,0.4175053714948424
2,Logistic Baseline,C0124,2022-03-31,0,0.5347279579931987
2,Logistic Baseline,C0124,2022-06-30,1,0.7446170678232219
2,Logistic Baseline,C0125,2022-03-31,0,0.9979519917405811
2,Logistic Baseline,C0125,2022-06-30,1,0.40464911681773436
2,Logistic Baseline,C0126,2022-03-31,0,0.25847805017866743
2,Logistic Baseline,C0126,2022-06-30,0,0.24884903011531145
2,Logistic Baseline,C0127,2022-03-31,0,0.2823282754738819
2,Logistic Baseline,C0127,2022-06-30,0,0.41025471014732423
2,Logistic Baseline,C0128,2022-03-31,0,0.24211995932723285
2,Logistic Baseline,C0128,2022-06-30,0,0.3426289837554659
2,Logistic Baseline,C0129,2022-03-31,1,0.5880152012395962
2,Logistic Baseline,C0129,2022-06-30,0,0.3994312123819601
2,Logistic Baseline,C0130,2022-03-31,0,0.4685330749343853
2,Logistic Baseline,C0130,2022-06-30,1,0.34988245678828395
2,Logistic Baseline,C0131,2022-03-31,0,0.5528988153423547
2,Logistic Baseline,C0131,2022-06-30,1,0.45917664133883346
2,Logistic Baseline,C0132,2022-03-31,0,0.31547264463667757
2,Logistic Baseline,C0132,2022-06-30,0,0.3950848543745006
2,Logistic Baseline,C0133,2022-03-31,0,0.39777288297020025
2,Logistic Baseline,C0133,2022-06-30,0,0.31624818091048135
2,Logistic Baseline,C0134,2022-03-31,1,0.7471208246363821
2,Logistic Baseline,C0134,2022-06-30,1,0.7585205083085165
2,Logistic Baseline,C0135,2022-03-31,1,0.5549969589105443
2,Logistic Baseline,C0135,2022-06-30,0,0.6624910685652955
2,Logistic Baseline,C0136,2022-03-31,0,0.5104717588550333
2,Logistic Baseline,C0136,2022-06-30,0,0.5376705530542423
2,Logistic Baseline,C0137,2022-03-31,0,0.35391829165578814
2,Logistic Baseline,C0137,2022-06-30,0,0.3665083993780713
2,Logistic Baseline,C0138,2022-03-31,0,0.42082840328011356
2,Logistic Baseline,C0138,2022-06-30,0,0.4191507079840355
2,Logistic Baseline,C0139,2022-03-31,0,0.32289715466679086
2,Logistic Baseline,C0139,2022-06-30,0,0.34638612346379777
2,Logistic Baseline,C0140,2022-03-31,0,0.3637288378728235
2,Logistic Baseline,C0140,2022-06-30,0,0.6716805218558252
2,Logistic Baseline,C0141,2022-03-31,0,0.38937074529819987
2,Logistic Baseline,C0141,2022-06-30,0,0.4083108993611855
2,Logistic Baseline,C0142,2022-03-31,0,0.3636079055410274
2,Logistic Baseline,C0142,2022-06-30,0,0.4305380135038565
2,Logistic Baseline,C0143,2022-03-31,0,0.43193968820651363
2,Logistic Baseline,C0143,2022-06-30,1,0.5988601431129273
2,Logistic Baseline,C0144,2022-03-31,0,0.21780490616837878
2,Logistic Baseline,C0144,2022-06-30,0,0.16791955972332945
2,Logistic Baseline,C0145,2022-03-31,0,0.4797826085783651
2,Logistic Baseline,C0145,2022-06-30,1,0.8853628594633797
2,Logistic Baseline,C0146,2022-03-31,0,0.29330537621476377
2,Logistic Baseline,C0146,2022-06-30,0,0.28675448092845063
2,Logistic Baseline,C0147,2022-03-31,0,0.37564218293076096
2,Logistic Baseline,C0147,2022-06-30,0,0.3833487768656519
2,Logistic Baseline,C0148,2022-03-31,0,0.27849867666480854
2,Logistic Baseline,C0148,2022-06-30,0,0.29235789623287756
2,Logistic Baseline,C0149,2022-03-31,0,0.41301471151275293
2,Logistic Baseline,C0149,2022-06-30,0,0.4198165754158869
2,Logistic Baseline,C0150,2022-03-31,1,0.6299099535688929
2,Logistic Baseline,C0150,2022-06-30,1,0.6541548740003693
2,Logistic Baseline,C0151,2022-03-31,0,0.6208703778808664
2,Logistic Baseline,C0151,2022-06-30,0,0.5473354776695556
2,Logistic Baseline,C0152,2022-03-31,1,0.511662743328386
2,Logistic Baseline,C0152,2022-06-30,0,0.36236843249681516
2,Logistic Baseline,C0153,2022-03-31,1,0.4347412005880385
2,Logistic Baseline,C0153,2022-06-30,1,0.6320720425924657
2,Logistic Baseline,C0154,2022-03-31,0,0.2562159761230781
2,Logistic Baseline,C0154,2022-06-30,0,0.2175121972647812
2,Logistic Baseline,C0155,2022-03-31,0,0.36733928019692896
2,Logistic Baseline,C0155,2022-06-30,0,0.1682066456073152
2,Logistic Baseline,C0156,2022-03-31,0,0.580222244973436
2,Logistic Baseline,C0156,2022-06-30,0,0.4547033536911177
2,Logistic Baseline,C0157,2022-03-31,0,0.3956802913564066
2,Logistic Baseline,C0157,2022-06-30,0,0.5699266105650802
2,Logistic Baseline,C0158,2022-03-31,0,0.41408884399381624
2,Logistic Baseline,C0158,2022-06-30,1,0.589896832852491
2,Logistic Baseline,C0159,2022-03-31,0,0.5260694548352435
2,Logistic Baseline,C0159,2022-06-30,0,0.7467269296808242
2,Logistic Baseline,C0160,2022-03-31,0,0.20259583036157552
2,Logistic Baseline,C0160,2022-06-30,0,0.3758624239542534
2,Logistic Baseline,C0161,2022-03-31,0,0.49952361083346825
2,Logistic Baseline,C0161,2022-06-30,0,0.4354115046190987
2,Logistic Baseline,C0162,2022-03-31,0,0.5635116205432344
2,Logistic Baseline,C0162,2022-06-30,0,0.48102058147904453
2,Logistic Baseline,C0163,2022-03-31,0,0.35305140906190263
2,Logistic Baseline,C0163,2022-06-30,1,0.46244380227955595
2,Logistic Baseline,C0164,2022-03-31,0,0.34778447900890697
2,Logistic Baseline,C0164,2022-06-30,0,0.5212531739317945
2,Logistic Baseline,C0165,2022-03-31,0,0.5688487350690055
2,Logistic Baseline,C0165,2022-06-30,1,0.7782543564710941
2,Logistic Baseline,C0166,2022-03-31,0,0.9981722031350685
2,Logistic Baseline,C0166,2022-06-30,0,0.48787370913269923
2,Logistic Baseline,C0167,2022-03-31,0,0.26116035024661877
2,Logistic Baseline,C0167,2022-06-30,0,0.49979273417532616
2,Logistic Baseline,C0168,2022-03-31,0,0.5125704500122148
2,Logistic Baseline,C0168,2022-06-30,0,0.5036546911030128
2,Logistic Baseline,C0169,2022-03-31,1,0.7496176438236584
2,Logistic Baseline,C0169,2022-06-30,1,0.7181222468492026
2,Logistic Baseline,C0170,2022-03-31,0,0.00012587429471967807
2,Logistic Baseline,C0170,2022-06-30,0,0.6231994809221802
2,Logistic Baseline,C0171,2022-03-31,0,0.3716089783713918
2,Logistic Baseline,C0171,2022-06-30,0,0.007473495510547785
2,Logistic Baseline,C0172,2022-03-31,0,0.41506262368010083
2,Logistic Baseline,C0172,2022-06-30,0,0.5172369200027536
2,Logistic Baseline,C0173,2022-03-31,0,0.17228633765049775
2,Logistic Baseline,C0173,2022-06-30,0,0.2771310839785315
2,Logistic Baseline,C0174,2022-03-31,0,0.2301026339135357
2,Logistic Baseline,C0174,2022-06-30,0,0.27559539724485976
2,Logistic Baseline,C0175,2022-03-31,0,0.24971110370283822
2,Logistic Baseline,C0175,2022-06-30,0,0.3985128459338412
2,Logistic Baseline,C0176,2022-03-31,0,0.597116710981221
2,Logistic Baseline,C0176,2022-06-30,1,0.4462637973561054
2,Logistic Baseline,C0177,2022-03-31,1,0.5870532214491769
2,Logistic Baseline,C0177,2022-06-30,0,0.5844661882261067
2,Logistic Baseline,C0178,2022-03-31,1,0.4117514278544297
2,Logistic Baseline,C0178,2022-06-30,0,0.3582385696720046
2,Logistic Baseline,C0179,2022-03-31,1,0.4418981513164043
2,Logistic Baseline,C0179,2022-06-30,0,0.534205892493189
2,Logistic Baseline,C0180,2022-03-31,0,0.4792400328681173
2,Logistic Baseline,C0180,2022-06-30,0,0.47113563125465063
2,Logistic Baseline,C0181,2022-03-31,0,0.42736420867005925
2,Logistic Baseline,C0181,2022-06-30,0,0.36131025401561634
2,Logistic Baseline,C0182,2022-03-31,0,0.5805548883724932
2,Logistic Baseline,C0182,2022-06-30,0,0.6142891696405479
2,Logistic Baseline,C0183,2022-03-31,0,0.39765036125748116
2,Logistic Baseline,C0183,2022-06-30,0,0.33623654896319843
2,Logistic Baseline,C0184,2022-03-31,0,0.5133563368282887
2,Logistic Baseline,C0184,2022-06-30,0,0.5982996537436963
2,Logistic Baseline,C0185,2022-03-31,1,0.44870151571612826
2,Logistic Baseline,C0185,2022-06-30,0,0.22169933733787306
2,Logistic Baseline,C0186,2022-03-31,0,0.520775820669492
2,Logistic Baseline,C0186,2022-06-30,0,0.34938622403506026
2,Logistic Baseline,C0187,2022-03-31,0,0.4028483622239099
2,Logistic Baseline,C0187,2022-06-30,0,0.40895255495231697
2,Logistic Baseline,C0188,2022-03-31,0,0.4006206971840492
2,Logistic Baseline,C0188,2022-06-30,0,0.50353269380407
2,Logistic Baseline,C0189,2022-03-31,0,0.5760053223035927
2,Logistic Baseline,C0189,2022-06-30,0,0.3399049123258145
2,Logistic Baseline,C0190,2022-03-31,0,0.3129954542979095
2,Logistic Baseline,C0190,2022-06-30,1,0.45408768277916134
2,Logistic Baseline,C0191,2022-03-31,0,0.008067425834887431
2,Logistic Baseline,C0191,2022-06-30,0,0.20141130975192154
2,Logistic Baseline,C0192,2022-03-31,0,0.32977904545844433
2,Logistic Baseline,C0192,2022-06-30,0,0.5386357100236226
2,Logistic Baseline,C0193,2022-03-31,0,0.33313629578466764
2,Logistic Baseline,C0193,2022-06-30,0,0.33647212140086663
2,Logistic Baseline,C0194,2022-03-31,0,0.48585649703357314
2,Logistic Baseline,C0194,2022-06-30,0,0.3830397536524425
2,Logistic Baseline,C0195,2022-03-31,0,0.41894139125579233
2,Logistic Baseline,C0195,2022-06-30,0,0.2957414156919112
2,Logistic Baseline,C0196,2022-03-31,0,0.3481676590621128
2,Logistic Baseline,C0196,2022-06-30,0,0.3964913808444064
2,Logistic Baseline,C0197,2022-03-31,0,0.36341218207225195
2,Logistic Baseline,C0197,2022-06-30,0,0.24376427657157834
2,Logistic Baseline,C0198,2022-03-31,1,0.9958830840222305
2,Logistic Baseline,C0198,2022-06-30,0,0.3507050001047203
2,Logistic Baseline,C0199,2022-03-31,0,0.6860276134195897
2,Logistic Baseline,C0199,2022-06-30,0,0.6431555232829993
2,Logistic Baseline,C0200,2022-03-31,0,0.2770209631823436
2,Logistic Baseline,C0200,2022-06-30,0,0.32685691026773495
2,Logistic Baseline,C0201,2022-03-31,0,0.20907178254428727
2,Logistic Baseline,C0201,2022-06-30,0,0.21533808833645987
2,Logistic Baseline,C0202,2022-03-31,0,0.5733096059042481
2,Logistic Baseline,C0202,2022-06-30,0,0.4493939334326022
2,Logistic Baseline,C0203,2022-03-31,0,0.3181409904654621
2,Logistic Baseline,C0203,2022-06-30,0,0.3901881094455918
2,Logistic Baseline,C0204,2022-03-31,0,0.35039205388256384
2,Logistic Baseline,C0204,2022-06-30,0,0.45572828589961345
2,Logistic Baseline,C0205,2022-03-31,0,0.398028208416115
2,Logistic Baseline,C0205,2022-06-30,0,0.2781440272867365
2,Logistic Baseline,C0206,2022-03-31,0,0.3135056503169632
2,Logistic Baseline,C0206,2022-06-30,0,0.43827282573166954
2,Logistic Baseline,C0207,2022-03-31,1,0.6729163463387943
2,Logistic Baseline,C0207,2022-06-30,1,0.7720359885143525
2,Logistic Baseline,C0208,2022-03-31,0,0.2270182605148406
2,Logistic Baseline,C0208,2022-06-30,0,0.2393152702041771
2,Logistic Baseline,C0209,2022-03-31,0,0.274418764332848
2,Logistic Baseline,C0209,2022-06-30,0,0.443248985819821
2,Logistic Baseline,C0210,2022-03-31,0,0.2771301337311727
2,Logistic Baseline,C0210,2022-06-30,1,0.3208351014022324
2,Logistic Baseline,C0211,2022-03-31,0,0.34187232524929617
2,Logistic Baseline,C0211,2022-06-30,0,0.3805364037869673
2,Logistic Baseline,C0212,2022-03-31,0,0.2818113180864577
2,Logistic Baseline,C0212,2022-06-30,0,0.45485538195265884
2,Logistic Baseline,C0213,2022-03-31,0,0.33238432860019396
2,Logistic Baseline,C0213,2022-06-30,0,0.3648766918340933
2,Logistic Baseline,C0214,2022-03-31,0,0.26937728708397574
2,Logistic Baseline,C0214,2022-06-30,0,0.40804286660220795
2,Logistic Baseline,C0215,2022-03-31,0,0.3330329026017868
2,Logistic Baseline,C0215,2022-06-30,1,0.5158385236255317
2,Logistic Baseline,C0216,2022-03-31,0,0.5466432441345058
2,Logistic Baseline,C0216,2022-06-30,0,0.26227593146943123
2,Logistic Baseline,C0217,2022-03-31,0,0.19620299228230914
2,Logistic Baseline,C0217,2022-06-30,0,0.45631434968998436
2,Logistic Baseline,C0218,2022-03-31,0,0.6297062561110581
2,Logistic Baseline,C0218,2022-06-30,1,0.4938442249436026
2,Logistic Baseline,C0219,2022-03-31,1,0.46318518058578695
2,Logistic Baseline,C0219,2022-06-30,0,0.3104383395100391
2,Logistic Baseline,C0220,2022-03-31,1,0.4030436802012396
2,Logistic Baseline,C0220,2022-06-30,0,0.28027431028353844
2,Logistic Baseline,C0221,2022-03-31,1,0.5327867956610284
2,Logistic Baseline,C0221,2022-06-30,0,0.4920171075408183
2,Logistic Baseline,C0222,2022-03-31,0,0.37319412101192273
2,Logistic Baseline,C0222,2022-06-30,0,0.327738925856358
2,Logistic Baseline,C0223,2022-03-31,0,0.6848987355792175
2,Logistic Baseline,C0223,2022-06-30,0,0.6005773599686014
2,Logistic Baseline,C0224,2022-03-31,0,0.25679060031344636
2,Logistic Baseline,C0224,2022-06-30,0,0.17585426189076803
2,Logistic Baseline,C0225,2022-03-31,0,0.4301871403202389
2,Logistic Baseline,C0225,2022-06-30,0,0.34499135627917754
2,Logistic Baseline,C0226,2022-03-31,0,0.2179672490445941
2,Logistic Baseline,C0226,2022-06-30,0,0.26767930985230226
2,Logistic Baseline,C0227,2022-03-31,0,0.35598026353149453
2,Logistic Baseline,C0227,2022-06-30,0,0.25883310725671094
2,Logistic Baseline,C0228,2022-03-31,1,0.5007192852048837
2,Logistic Baseline,C0228,2022-06-30,0,0.41230213249752595
2,Logistic Baseline,C0229,2022-03-31,0,0.4264373855970804
2,Logistic Baseline,C0229,2022-06-30,0,0.2890691884164323
2,Logistic Baseline,C0230,2022-03-31,0,0.5628726360915963
2,Logistic Baseline,C0230,2022-06-30,0,0.28652165388197787
2,Logistic Baseline,C0231,2022-03-31,0,0.38882721490105865
2,Logistic Baseline,C0231,2022-06-30,0,0.4017378442945553
2,Logistic Baseline,C0232,2022-03-31,0,0.5511365100946205
2,Logistic Baseline,C0232,2022-06-30,0,0.45273566140672183
2,Logistic Baseline,C0233,2022-03-31,0,0.4390291231988585
2,Logistic Baseline,C0233,2022-06-30,0,0.5662599328007806
2,Logistic Baseline,C0234,2022-03-31,0,0.4516366635240342
2,Logistic Baseline,C0234,2022-06-30,0,0.3254027580421918
2,Logistic Baseline,C0235,2022-03-31,0,0.3868402596749893
2,Logistic Baseline,C0235,2022-06-30,0,0.3789458341249407
2,Logistic Baseline,C0236,2022-03-31,0,0.5171084371123211
2,Logistic Baseline,C0236,2022-06-30,0,0.3272174721632241
2,Logistic Baseline,C0237,2022-03-31,0,0.5428802717489587
2,Logistic Baseline,C0237,2022-06-30,0,0.41936065121763144
2,Logistic Baseline,C0238,2022-03-31,0,0.3495239266686953
2,Logistic Baseline,C0238,2022-06-30,1,0.7315899710218109
2,Logistic Baseline,C0239,2022-03-31,0,0.6553278072419666
2,Logistic Baseline,C0239,2022-06-30,1,0.6761398066169702
2,Logistic Baseline,C0240,2022-03-31,1,0.44355092170181654
2,Logistic Baseline,C0240,2022-06-30,0,0.2975227172130709
2,Logistic Baseline,C0241,2022-03-31,0,0.4788054571317901
2,Logistic Baseline,C0241,2022-06-30,0,0.47785855256616133
2,Logistic Baseline,C0242,2022-03-31,0,0.339078549535039
2,Logistic Baseline,C0242,2022-06-30,0,0.5868173718169262
2,Logistic Baseline,C0243,2022-03-31,0,0.36015568071175663
2,Logistic Baseline,C0243,2022-06-30,0,0.42804168615499294
2,Logistic Baseline,C0244,2022-03-31,0,0.7140915889670253
2,Logistic Baseline,C0244,2022-06-30,1,0.8578379918397331
2,Logistic Baseline,C0245,2022-03-31,0,0.38090908989219585
2,Logistic Baseline,C0245,2022-06-30,0,0.43298546321806375
2,Logistic Baseline,C0246,2022-03-31,0,0.3378214211569627
2,Logistic Baseline,C0246,2022-06-30,0,0.4075953656296705
2,Logistic Baseline,C0247,2022-03-31,0,0.2792578688853322
2,Logistic Baseline,C0247,2022-06-30,0,0.3749678086405061
2,Logistic Baseline,C0248,2022-03-31,1,0.6903792844401179
2,Logistic Baseline,C0248,2022-06-30,0,0.5828263759705585
2,Logistic Baseline,C0249,2022-03-31,0,0.19629519905307946
2,Logistic Baseline,C0249,2022-06-30,0,0.15977902046500098
2,Logistic Baseline,C0250,2022-03-31,0,0.2648096308196993
2,Logistic Baseline,C0250,2022-06-30,0,0.35975997030411677
2,Logistic Baseline,C0251,2022-03-31,0,0.22423605257872364
2,Logistic Baseline,C0251,2022-06-30,0,0.42930165730338565
2,Logistic Baseline,C0252,2022-03-31,0,0.3637990494534383
2,Logistic Baseline,C0252,2022-06-30,0,0.4066543169204385
2,Logistic Baseline,C0253,2022-03-31,0,0.3732560990451582
2,Logistic Baseline,C0253,2022-06-30,0,0.2281337099025412
2,Logistic Baseline,C0254,2022-03-31,1,0.6407654156946679
2,Logistic Baseline,C0254,2022-06-30,1,0.49241642574889016
2,Logistic Baseline,C0255,2022-03-31,0,0.5571470434987107
2,Logistic Baseline,C0255,2022-06-30,0,0.6234707491188861
2,Logistic Baseline,C0256,2022-03-31,0,0.40324036913511463
2,Logistic Baseline,C0256,2022-06-30,0,0.42052774924865455
2,Logistic Baseline,C0257,2022-03-31,0,0.32120698576542367
2,Logistic Baseline,C0257,2022-06-30,0,0.5731455581021033
2,Logistic Baseline,C0258,2022-03-31,0,0.32729960792197493
2,Logistic Baseline,C0258,2022-06-30,1,0.7554352845493023
2,Logistic Baseline,C0259,2022-03-31,0,0.22012130302368657
2,Logistic Baseline,C0259,2022-06-30,0,0.14926780967095013
2,Logistic Baseline,C0260,2022-03-31,0,0.38646272389695174
2,Logistic Baseline,C0260,2022-06-30,0,0.4341328017422571
2,Logistic Baseline,C0261,2022-03-31,1,0.38537865697490375
2,Logistic Baseline,C0261,2022-06-30,0,0.17697862138928616
2,Logistic Baseline,C0262,2022-03-31,1,0.4162816250008282
2,Logistic Baseline,C0262,2022-06-30,0,0.38016873302170123
2,Logistic Baseline,C0263,2022-03-31,0,0.3633003657362915
2,Logistic Baseline,C0263,2022-06-30,0,0.36386568908259487
2,Logistic Baseline,C0264,2022-03-31,0,0.382531066518105
2,Logistic Baseline,C0264,2022-06-30,0,0.2540399409563848
2,Logistic Baseline,C0265,2022-03-31,0,0.6257582226333305
2,Logistic Baseline,C0265,2022-06-30,0,0.6015663296446
2,Logistic Baseline,C0266,2022-03-31,0,0.3270827914189866
2,Logistic Baseline,C0266,2022-06-30,1,0.19375051027541906
2,Logistic Baseline,C0267,2022-03-31,1,0.6635029334321967
2,Logistic Baseline,C0267,2022-06-30,0,0.5131142386405878
2,Logistic Baseline,C0268,2022-03-31,0,0.29162196419580527
2,Logistic Baseline,C0268,2022-06-30,0,0.31751426200919125
2,Logistic Baseline,C0269,2022-03-31,0,0.491165822821443
2,Logistic Baseline,C0269,2022-06-30,1,0.31289168087469915
2,Logistic Baseline,C0270,2022-03-31,0,0.2143102287297903
2,Logistic Baseline,C0270,2022-06-30,0,0.16623476767229464
2,Logistic Baseline,C0271,2022-03-31,0,0.4397259903763621
2,Logistic Baseline,C0271,2022-06-30,0,0.6331337469167906
2,Logistic Baseline,C0272,2022-03-31,0,0.30043904811112415
2,Logistic Baseline,C0272,2022-06-30,0,0.16376378686919585
2,Logistic Baseline,C0273,2022-03-31,0,0.5283966245025252
2,Logistic Baseline,C0273,2022-06-30,1,0.6359547518853206
2,Logistic Baseline,C0274,2022-03-31,0,0.42706410096347475
2,Logistic Baseline,C0274,2022-06-30,0,0.4306338890466628
2,Logistic Baseline,C0275,2022-03-31,0,0.26297957819446127
2,Logistic Baseline,C0275,2022-06-30,0,0.27668212948027193
2,Logistic Baseline,C0276,2022-03-31,1,0.0004420433268958114
2,Logistic Baseline,C0276,2022-06-30,0,0.5207149003828265
2,Logistic Baseline,C0277,2022-03-31,1,0.5595392708564463
2,Logistic Baseline,C0277,2022-06-30,0,0.4553919934752487
2,Logistic Baseline,C0278,2022-03-31,0,0.5007886177429304
2,Logistic Baseline,C0278,2022-06-30,0,0.5413901607881387
2,Logistic Baseline,C0279,2022-03-31,0,0.44399324603373475
2,Logistic Baseline,C0279,2022-06-30,0,0.6261974216034824
2,Logistic Baseline,C0280,2022-03-31,1,0.4388307731779417
2,Logistic Baseline,C0280,2022-06-30,1,0.6049799616280523
2,Logistic Baseline,C0281,2022-03-31,1,0.862648275986889
2,Logistic Baseline,C0281,2022-06-30,1,0.9045855877201185
2,Logistic Baseline,C0282,2022-03-31,0,0.4530545255376746
2,Logistic Baseline,C0282,2022-06-30,0,0.4236831528317458
2,Logistic Baseline,C0283,2022-03-31,0,0.4383793619642401
2,Logistic Baseline,C0283,2022-06-30,0,0.492950577947381
2,Logistic Baseline,C0284,2022-03-31,0,0.45601223704007005
2,Logistic Baseline,C0284,2022-06-30,0,0.2846355608991947
2,Logistic Baseline,C0285,2022-03-31,1,0.5312769218722997
2,Logistic Baseline,C0285,2022-06-30,0,0.45008497233733097
2,Logistic Baseline,C0286,2022-03-31,0,0.6097365038810002
2,Logistic Baseline,C0286,2022-06-30,0,0.6683165114940488
2,Logistic Baseline,C0287,2022-03-31,0,0.2305820801258594
2,Logistic Baseline,C0287,2022-06-30,0,0.3613758271747706
2,Logistic Baseline,C0288,2022-03-31,0,0.41910017784227377
2,Logistic Baseline,C0288,2022-06-30,0,0.43928037650456164
2,Logistic Baseline,C0289,2022-03-31,0,0.2139695622987147
2,Logistic Baseline,C0289,2022-06-30,0,0.2420458445730012
2,Logistic Baseline,C0290,2022-03-31,0,0.7255633709972263
2,Logistic Baseline,C0290,2022-06-30,1,0.9977403317787286
2,Logistic Baseline,C0291,2022-03-31,0,0.5253464657228053
2,Logistic Baseline,C0291,2022-06-30,0,0.4559142173162721
2,Logistic Baseline,C0292,2022-03-31,0,0.5042738345547514
2,Logistic Baseline,C0292,2022-06-30,0,0.35704340720492656
2,Logistic Baseline,C0293,2022-03-31,0,0.34297255820371275
2,Logistic Baseline,C0293,2022-06-30,0,0.16167893873437145
2,Logistic Baseline,C0294,2022-03-31,1,0.40292803816925155
2,Logistic Baseline,C0294,2022-06-30,0,0.3662424611723793
2,Logistic Baseline,C0295,2022-03-31,1,0.5494281745976154
2,Logistic Baseline,C0295,2022-06-30,0,0.45457754227551483
2,Logistic Baseline,C0296,2022-03-31,0,0.320907262804172
2,Logistic Baseline,C0296,2022-06-30,0,0.3670816904271147
2,Logistic Baseline,C0297,2022-03-31,1,0.6108351802581267
2,Logistic Baseline,C0297,2022-06-30,0,0.5450558147938118
2,Logistic Baseline,C0298,2022-03-31,0,0.4027039891392138
2,Logistic Baseline,C0298,2022-06-30,0,0.3370036867186853
2,Logistic Baseline,C0299,2022-03-31,0,0.2728930968597227
2,Logistic Baseline,C0299,2022-06-30,1,0.35874548200709055
3,Logistic Baseline,C0000,2022-09-30,0,0.36048038049729936
3,Logistic Baseline,C0000,2022-12-31,0,0.5532847968519252
3,Logistic Baseline,C0001,2022-09-30,0,0.45831985581625145
3,Logistic Baseline,C0001,2022-12-31,0,0.5829641795774508
3,Logistic Baseline,C0002,2022-09-30,0,0.46263193162654237
3,Logistic Baseline,C0002,2022-12-31,0,0.3726568978966082
3,Logistic Baseline,C0003,2022-09-30,0,0.5002207617966673
3,Logistic Baseline,C0003,2022-12-31,1,0.2736459001500506
3,Logistic Baseline,C0004,2022-09-30,0,0.29573853362404406
3,Logistic Baseline,C0004,2022-12-31,0,0.29340777246159067
3,Logistic Baseline,C0005,2022-09-30,0,0.23266522145285334
3,Logistic Baseline,C0005,2022-12-31,0,0.20994795356367146
3,Logistic Baseline,C0006,2022-09-30,0,0.47043274120830175
3,Logistic Baseline,C0006,2022-12-31,0,0.603641504327464
3,Logistic Baseline,C0007,2022-09-30,0,0.4136971262243556
3,Logistic Baseline,C0007,2022-12-31,1,0.46634893162689045
3,Logistic Baseline,C0008,2022-09-30,0,0.3314004524873614
3,Logistic Baseline,C0008,2022-12-31,0,0.35639030639755787
3,Logistic Baseline,C0009,2022-09-30,0,0.46048803905368574
3,Logistic Baseline,C0009,2022-12-31,0,0.35425803849413984
3,Logistic Baseline,C0010,2022-09-30,0,0.46758506245190845
3,Logistic Baseline,C0010,2022-12-31,1,0.3344603527306224
3,Logistic Baseline,C0011,2022-09-30,0,0.15255146906291647
3,Logistic Baseline,C0011,2022-12-31,0,0.2695970441219379
3,Logistic Baseline,C0012,2022-09-30,1,0.35788553507131704
3,Logistic Baseline,C0012,2022-12-31,0,0.32019744950395823
3,Logistic Baseline,C0013,2022-09-30,1,0.6465102925165089
3,Logistic Baseline,C0013,2022-12-31,0,0.3698438455654262
3,Logistic Baseline,C0014,2022-09-30,1,0.6163643313865828
3,Logistic Baseline,C0014,2022-12-31,0,0.4803129066860417
3,Logistic Baseline,C0015,2022-09-30,0,0.45090008419714495
3,Logistic Baseline,C0015,2022-12-31,0,0.32985132342044904
3,Logistic Baseline,C0016,2022-09-30,0,0.6841707110076988
3,Logistic Baseline,C0016,2022-12-31,0,0.6424333171775366
3,Logistic Baseline,C0017,2022-09-30,1,0.4141825633607164
3,Logistic Baseline,C0017,2022-12-31,0,0.3567017648151895
3,Logistic Baseline,C0018,2022-09-30,0,0.4285616118038586
3,Logistic Baseline,C0018,2022-12-31,0,0.3408580036774188
3,Logistic Baseline,C0019,2022-09-30,0,0.9917249735112752
3,Logistic Baseline,C0019,2022-12-31,0,0.36315598984316105
3,Logistic Baseline,C0020,2022-09-30,0,0.3355465687884855
3,Logistic Baseline,C0020,2022-12-31,0,0.0040326931383768755
3,Logistic Baseline,C0021,2022-09-30,0,0.4724893061959844
3,Logistic Baseline,C0021,2022-12-31,0,0.34755508772404436
3,Logistic Baseline,C0022,2022-09-30,0,0.27522899467540635
3,Logistic Baseline,C0022,2022-12-31,0,0.8927291590535901
3,Logistic Baseline,C0023,2022-09-30,0,0.41140088005244313
3,Logistic Baseline,C0023,2022-12-31,1,0.5133703024124646
3,Logistic Baseline,C0024,2022-09-30,1,0.6500236142551248
3,Logistic Baseline,C0024,2022-12-31,1,0.587169090751806
3,Logistic Baseline,C0025,2022-09-30,0,0.41125320354591655
3,Logistic Baseline,C0025,2022-12-31,0,0.39782342347847927
3,Logistic Baseline,C0026,2022-09-30,0,0.29390596222605336
3,Logistic Baseline,C0026,2022-12-31,0,0.33194981361566817
3,Logistic Baseline,C0027,2022-09-30,0,0.5736862184118223
3,Logistic Baseline,C0027,2022-12-31,0,0.5246040700732089
3,Logistic Baseline,C0028,2022-09-30,0,0.2274288459636162
3,Logistic Baseline,C0028,2022-12-31,0,0.34559348181813726
3,Logistic Baseline,C0029,2022-09-30,1,0.6734514271036693
3,Logistic Baseline,C0029,2022-12-31,0,0.46354868846616804
3,Logistic Baseline,C0030,2022-09-30,0,0.703073554967901
3,Logistic Baseline,C0030,2022-12-31,1,0.5551543403029217
3,Logistic Baseline,C0031,2022-09-30,0,0.5178724847472636
3,Logistic Baseline,C0031,2022-12-31,0,0.6495334751691374
3,Logistic Baseline,C0032,2022-09-30,1,0.6126076021282476
3,Logistic Baseline,C0032,2022-12-31,0,0.607808235589025
3,Logistic Baseline,C0033,2022-09-30,0,0.41920036786239107
3,Logistic Baseline,C0033,2022-12-31,0,0.38575969152120926
3,Logistic Baseline,C0034,2022-09-30,1,0.44974464194675495
3,Logistic Baseline,C0034,2022-12-31,0,0.5285020654356111
3,Logistic Baseline,C0035,2022-09-30,0,0.2542008998741332
3,Logistic Baseline,C0035,2022-12-31,0,0.3027520767453723
3,Logistic Baseline,C0036,2022-09-30,0,0.26383323822576393
3,Logistic Baseline,C0036,2022-12-31,0,0.3461396045972689
3,Logistic Baseline,C0037,2022-09-30,0,0.620215471779304
3,Logistic Baseline,C0037,2022-12-31,0,0.523749397057821
3,Logistic Baseline,C0038,2022-09-30,0,0.4505951706745181
3,Logistic Baseline,C0038,2022-12-31,0,0.5003928310746876
3,Logistic Baseline,C0039,2022-09-30,0,0.2432632447178436
3,Logistic Baseline,C0039,2022-12-31,0,0.2578644026745413
3,Logistic Baseline,C0040,2022-09-30,0,0.285907374839614
3,Logistic Baseline,C0040,2022-12-31,0,0.4272355592946028
3,Logistic Baseline,C0041,2022-09-30,0,0.7590161364015864
3,Logistic Baseline,C0041,2022-12-31,0,0.7102469730486407
3,Logistic Baseline,C0042,2022-09-30,0,0.3040599724748732
3,Logistic Baseline,C0042,2022-12-31,0,0.3730376578045147
3,Logistic Baseline,C0043,2022-09-30,0,0.41243958173211503
3,Logistic Baseline,C0043,2022-12-31,0,0.356603009544415
3,Logistic Baseline,C0044,2022-09-30,0,0.3864155038226956
3,Logistic Baseline,C0044,2022-12-31,0,0.2731140618840288
3,Logistic Baseline,C0045,2022-09-30,0,0.34730658564053407
3,Logistic Baseline,C0045,2022-12-31,1,0.3655633201594624
3,Logistic Baseline,C0046,2022-09-30,0,0.2797543571587423
3,Logistic Baseline,C0046,2022-12-31,0,0.3767914871438616
3,Logistic Baseline,C0047,2022-09-30,1,0.9978294367477596
3,Logistic Baseline,C0047,2022-12-31,0,0.6721290358428305
3,Logistic Baseline,C0048,2022-09-30,1,0.9969442920185244
3,Logistic Baseline,C0048,2022-12-31,0,0.4057857926441426
3,Logistic Baseline,C0049,2022-09-30,0,0.29402895064055823
3,Logistic Baseline,C0049,2022-12-31,0,0.2883515721718425
3,Logistic Baseline,C0050,2022-09-30,0,0.3304359376606598
3,Logistic Baseline,C0050,2022-12-31,0,0.28425903063959856
3,Logistic Baseline,C0051,2022-09-30,0,0.379127730821692
3,Logistic Baseline,C0051,2022-12-31,0,0.25863005907892633
3,Logistic Baseline,C0052,2022-09-30,0,0.3674281907636613
3,Logistic Baseline,C0052,2022-12-31,0,0.3188574339546576
3,Logistic Baseline,C0053,2022-09-30,1,0.7055767173273602
3,Logistic Baseline,C0053,2022-12-31,0,0.6527356972300519
3,Logistic Baseline,C0054,2022-09-30,0,0.4506741642405571
3,Logistic Baseline,C0054,2022-12-31,0,0.4535505963686827
3,Logistic Baseline,C0055,2022-09-30,0,0.7688244198577449
3,Logistic Baseline,C0055,2022-12-31,0,0.46271229815669507
3,Logistic Baseline,C0056,2022-09-30,0,0.6443660419392083
3,Logistic Baseline,C0056,2022-12-31,0,0.45203136197690874
3,Logistic Baseline,C0057,2022-09-30,0,0.3388228944745121
3,Logistic Baseline,C0057,2022-12-31,0,0.4374269750019301
3,Logistic Baseline,C0058,2022-09-30,0,0.012829411771011741
3,Logistic Baseline,C0058,2022-12-31,1,0.7180248936855599
3,Logistic Baseline,C0059,2022-09-30,1,0.47374912438091205
3,Logistic Baseline,C0059,2022-12-31,0,0.5251802213070088
3,Logistic Baseline,C0060,2022-09-30,0,0.4135857487450883
3,Logistic Baseline,C0060,2022-12-31,0,0.3447118730321925
3,Logistic Baseline,C0061,2022-09-30,0,0.7606756355231631
3,Logistic Baseline,C0061,2022-12-31,0,0.5026322527079811
3,Logistic Baseline,C0062,2022-09-30,0,0.9888592173323365
3,Logistic Baseline,C0062,2022-12-31,0,0.4829475757487623
3,Logistic Baseline,C0063,2022-09-30,0,0.42659537435808526
3,Logistic Baseline,C0063,2022-12-31,0,0.4931367143930019
3,Logistic Baseline,C0064,2022-09-30,0,0.31899168820035495
3,Logistic Baseline,C0064,2022-12-31,0,0.8203448868548769
3,Logistic Baseline,C0065,2022-09-30,0,0.3924637841741259
3,Logistic Baseline,C0065,2022-12-31,0,0.42300254375641444
3,Logistic Baseline,C0066,2022-09-30,0,0.3872482810780381
3,Logistic Baseline,C0066,2022-12-31,0,0.45750522308826475
3,Logistic Baseline,C0067,2022-09-30,0,0.5000504350948263
3,Logistic Baseline,C0067,2022-12-31,0,0.3676314281702648
3,Logistic Baseline,C0068,2022-09-30,0,0.3203402368400065
3,Logistic Baseline,C0068,2022-12-31,0,0.3364739427620438
3,Logistic Baseline,C0069,2022-09-30,1,0.41143583656513566
3,Logistic Baseline,C0069,2022-12-31,0,0.9526561864750862
3,Logistic Baseline,C0070,2022-09-30,0,0.498703146531803
3,Logistic Baseline,C0070,2022-12-31,0,0.3718972147234672
3,Logistic Baseline,C0071,2022-09-30,0,0.3481165958227998
3,Logistic Baseline,C0071,2022-12-31,0,0.40050029959762734
3,Logistic Baseline,C0072,2022-09-30,0,0.4973698431289297
3,Logistic Baseline,C0072,2022-12-31,0,0.7049657378576054
3,Logistic Baseline,C0073,2022-09-30,0,0.3276560132108575
3,Logistic Baseline,C0073,2022-12-31,0,0.38272900308355623
3,Logistic Baseline,C0074,2022-09-30,0,0.47532847731781
3,Logistic Baseline,C0074,2022-12-31,0,0.3583935455987132
3,Logistic Baseline,C0075,2022-09-30,0,0.5058912324511514
3,Logistic Baseline,C0075,2022-12-31,0,0.3781333919992218
3,Logistic Baseline,C0076,2022-09-30,0,0.33662621256334
3,Logistic Baseline,C0076,2022-12-31,0,0.24000889214416873
3,Logistic Baseline,C0077,2022-09-30,0,0.4478910094975509
3,Logistic Baseline,C0077,2022-12-31,0,0.318333217278837
3,Logistic Baseline,C0078,2022-09-30,0,0.26434791617906284
3,Logistic Baseline,C0078,2022-12-31,0,0.3067150371676673
3,Logistic Baseline,C0079,2022-09-30,0,0.6101750940129101
3,Logistic Baseline,C0079,2022-12-31,0,0.5351141436287935
3,Logistic Baseline,C0080,2022-09-30,0,0.46041664048046466
3,Logistic Baseline,C0080,2022-12-31,0,0.6263926072876802
3,Logistic Baseline,C0081,2022-09-30,0,0.3791342236401604
3,Logistic Baseline,C0081,2022-12-31,0,0.301698306704084
3,Logistic Baseline,C0082,2022-09-30,0,0.6051917185045481
3,Logistic Baseline,C0082,2022-12-31,1,0.6646844006505145
3,Logistic Baseline,C0083,2022-09-30,0,0.45533913970336737
3,Logistic Baseline,C0083,2022-12-31,1,0.4151931312587803
3,Logistic Baseline,C0084,2022-09-30,0,0.13049655384201414
3,Logistic Baseline,C0084,2022-12-31,0,0.16713740296078988
3,Logistic Baseline,C0085,2022-09-30,0,0.3377611379279241
3,Logistic Baseline,C0085,2022-12-31,0,0.31839322127632613
3,Logistic Baseline,C0086,2022-09-30,0,0.5367719937399906
3,Logistic Baseline,C0086,2022-12-31,0,0.8439912474831867
3,Logistic Baseline,C0087,2022-09-30,0,0.8052707445406915
3,Logistic Baseline,C0087,2022-12-31,0,0.46328028413341243
3,Logistic Baseline,C0088,2022-09-30,0,0.3144124978167879
3,Logistic Baseline,C0088,2022-12-31,0,0.09350811776476352
3,Logistic Baseline,C0089,2022-09-30,0,0.3687800621493451
3,Logistic Baseline,C0089,2022-12-31,0,0.3655316734824902
3,Logistic Baseline,C0090,2022-09-30,1,0.7168819924909557
3,Logistic Baseline,C0090,2022-12-31,1,0.6108751824523505
3,Logistic Baseline,C0091,2022-09-30,0,0.4911490430273275
3,Logistic Baseline,C0091,2022-12-31,0,0.4787273835883757
3,Logistic Baseline,C0092,2022-09-30,1,0.3355681494760376
3,Logistic Baseline,C0092,2022-12-31,1,0.41859890964881075
3,Logistic Baseline,C0093,2022-09-30,0,0.1552067360389953
3,Logistic Baseline,C0093,2022-12-31,0,0.27461736236960677
3,Logistic Baseline,C0094,2022-09-30,0,0.252409973953919
3,Logistic Baseline,C0094,2022-12-31,0,0.20412813137368185
3,Logistic Baseline,C0095,2022-09-30,0,0.307503839693695
3,Logistic Baseline,C0095,2022-12-31,0,0.2506680310301397
3,Logistic Baseline,C0096,2022-09-30,0,0.4641215676129181
3,Logistic Baseline,C0096,2022-12-31,0,0.2018539282704378
3,Logistic Baseline,C0097,2022-09-30,0,0.3748402003337337
3,Logistic Baseline,C0097,2022-12-31,0,0.3002814902646247
3,Logistic Baseline,C0098,2022-09-30,0,0.2565559688335945
3,Logistic Baseline,C0098,2022-12-31,0,0.26771698926756726
3,Logistic Baseline,C0099,2022-09-30,0,0.20066129670317
3,Logistic Baseline,C0099,2022-12-31,0,0.20979441111382735
3,Logistic Baseline,C0100,2022-09-30,0,0.47911901848749855
3,Logistic Baseline,C0100,2022-12-31,0,0.521795172539779
3,Logistic Baseline,C0101,2022-09-30,0,0.5536766936309403
3,Logistic Baseline,C0101,2022-12-31,0,0.5270859827126052
3,Logistic Baseline,C0102,2022-09-30,0,0.36887909891375154
3,Logistic Baseline,C0102,2022-12-31,1,0.5530594389858188
3,Logistic Baseline,C0103,2022-09-30,1,0.42570857613404883
3,Logistic Baseline,C0103,2022-12-31,0,0.2303006190436953
3,Logistic Baseline,C0104,2022-09-30,0,0.44193623596310944
3,Logistic Baseline,C0104,2022-12-31,1,0.6137372534646541
3,Logistic Baseline,C0105,2022-09-30,0,0.5484377502030251
3,Logistic Baseline,C0105,2022-12-31,0,0.5369838375901035
3,Logistic Baseline,C0106,2022-09-30,0,0.593792411291482
3,Logistic Baseline,C0106,2022-12-31,0,0.5117276447877878
3,Logistic Baseline,C0107,2022-09-30,0,0.4654014819208781
3,Logistic Baseline,C0107,2022-12-31,0,0.24552483135950123
3,Logistic Baseline,C0108,2022-09-30,1,0.5256135236487441
3,Logistic Baseline,C0108,2022-12-31,1,0.5625820062349103
3,Logistic Baseline,C0109,2022-09-30,0,0.46332536601031926
3,Logistic Baseline,C0109,2022-12-31,1,0.6158950993799168
3,Logistic Baseline,C0110,2022-09-30,0,0.5382260866914014
3,Logistic Baseline,C0110,2022-12-31,0,0.5082558958082722
3,Logistic Baseline,C0111,2022-09-30,0,0.33381879864571784
3,Logistic Baseline,C0111,2022-12-31,0,0.3789971539131587
3,Logistic Baseline,C0112,2022-09-30,0,0.9957434619382179
3,Logistic Baseline,C0112,2022-12-31,0,0.9967303576403461
3,Logistic Baseline,C0113,2022-09-30,1,0.4644965658989609
3,Logistic Baseline,C0113,2022-12-31,0,0.29835161644118385
3,Logistic Baseline,C0114,2022-09-30,0,0.4765398405442309
3,Logistic Baseline,C0114,2022-12-31,1,0.6230488780378535
3,Logistic Baseline,C0115,2022-09-30,0,0.45653109664308816
3,Logistic Baseline,C0115,2022-12-31,1,0.5248419428405865
3,Logistic Baseline,C0116,2022-09-30,0,0.4408140711739735
3,Logistic Baseline,C0116,2022-12-31,1,0.6185327931850954
3,Logistic Baseline,C0117,2022-09-30,1,0.3951331017095872
3,Logistic Baseline,C0117,2022-12-31,0,0.31663148151423715
3,Logistic Baseline,C0118,2022-09-30,0,0.23064779794251397
3,Logistic Baseline,C0118,2022-12-31,0,0.3575509666709605
3,Logistic Baseline,C0119,2022-09-30,0,0.19802300787339236
3,Logistic Baseline,C0119,2022-12-31,0,0.28240366965093755
3,Logistic Baseline,C0120,2022-09-30,0,0.2781245413694539
3,Logistic Baseline,C0120,2022-12-31,1,0.3464273679226956
3,Logistic Baseline,C0121,2022-09-30,1,0.6746101024737841
3,Logistic Baseline,C0121,2022-12-31,0,0.4893189878909007
3,Logistic Baseline,C0122,2022-09-30,0,0.4958179175678659
3,Logistic Baseline,C0122,2022-12-31,0,0.5400772640376427
3,Logistic Baseline,C0123,2022-09-30,0,0.4148083641580335
3,Logistic Baseline,C0123,2022-12-31,0,0.4475655287864199
3,Logistic Baseline,C0124,2022-09-30,0,0.6172649934262603
3,Logistic Baseline,C0124,2022-12-31,0,0.37119910746024576
3,Logistic Baseline,C0125,2022-09-30,0,0.3119275770392508
3,Logistic Baseline,C0125,2022-12-31,0,0.26967361664489775
3,Logistic Baseline,C0126,2022-09-30,0,0.3028503553067482
3,Logistic Baseline,C0126,2022-12-31,0,0.29111053002537796
3,Logistic Baseline,C0127,2022-09-30,1,0.36815663296556184
3,Logistic Baseline,C0127,2022-12-31,0,0.3313905081499722
3,Logistic Baseline,C0128,2022-09-30,0,0.2769187163030538
3,Logistic Baseline,C0128,2022-12-31,0,0.43962941108872555
3,Logistic Baseline,C0129,2022-09-30,0,0.525494603222466
3,Logistic Baseline,C0129,2022-12-31,1,0.43098001636552913
3,Logistic Baseline,C0130,2022-09-30,0,0.4532072636061138
3,Logistic Baseline,C0130,2022-12-31,0,0.4363638725451987
3,Logistic Baseline,C0131,2022-09-30,1,0.4642919296013695
3,Logistic Baseline,C0131,2022-12-31,1,0.596697134242207
3,Logistic Baseline,C0132,2022-09-30,1,0.412661946192059
3,Logistic Baseline,C0132,2022-12-31,0,0.3697844921664792
3,Logistic Baseline,C0133,2022-09-30,0,0.4518929649857747
3,Logistic Baseline,C0133,2022-12-31,0,0.2978867948238352
3,Logistic Baseline,C0134,2022-09-30,0,0.6274626618303775
3,Logistic Baseline,C0134,2022-12-31,0,0.6489312132083981
3,Logistic Baseline,C0135,2022-09-30,0,0.4752606366671603
3,Logistic Baseline,C0135,2022-12-31,0,0.5272553702892214
3,Logistic Baseline,C0136,2022-09-30,0,0.35644199966142887
3,Logistic Baseline,C0136,2022-12-31,0,0.6836170782088903
3,Logistic Baseline,C0137,2022-09-30,0,0.348723964519798
3,Logistic Baseline,C0137,2022-12-31,0,0.6012145664882875
3,Logistic Baseline,C0138,2022-09-30,1,0.4650902383619538
3,Logistic Baseline,C0138,2022-12-31,1,0.0024677647712759
3,Logistic Baseline,C0139,2022-09-30,0,0.31164419915675934
3,Logistic Baseline,C0139,2022-12-31,0,0.2907436738181727
3,Logistic Baseline,C0140,2022-09-30,0,0.49831099465802875
3,Logistic Baseline,C0140,2022-12-31,1,0.015616199825037154
3,Logistic Baseline,C0141,2022-09-30,0,0.36073434119413356
3,Logistic Baseline,C0141,2022-12-31,0,0.34849242392662616
3,Logistic Baseline,C0142,2022-09-30,0,0.4358267022813885
3,Logistic Baseline,C0142,2022-12-31,0,0.4957511505732042
3,Logistic Baseline,C0143,2022-09-30,1,0.5730058539292276
3,Logistic Baseline,C0143,2022-12-31,0,0.5622876807554777
3,Logistic Baseline,C0144,2022-09-30,0,0.16136884878438848
3,Logistic Baseline,C0144,2022-12-31,0,0.2158726281835165
3,Logistic Baseline,C0145,2022-09-30,0,0.45716897663063255
3,Logistic Baseline,C0145,2022-12-31,0,0.450875605071287
3,Logistic Baseline,C0146,2022-09-30,0,0.0025262949641577646
3,Logistic Baseline,C0146,2022-12-31,0,0.3901651844035787
3,Logistic Baseline,C0147,2022-09-30,1,0.39675225174367895
3,Logistic Baseline,C0147,2022-12-31,0,0.43831299820573455
3,Logistic Baseline,C0148,2022-09-30,1,0.3510125645688843
3,Logistic Baseline,C0148,2022-12-31,0,0.2663076119763961
3,Logistic Baseline,C0149,2022-09-30,0,0.36235287894368134
3,Logistic Baseline,C0149,2022-12-31,0,0.4420462033218894
3,Logistic Baseline,C0150,2022-09-30,0,0.6719134665767875
3,Logistic Baseline,C0150,2022-12-31,1,0.6847781869256769
3,Logistic Baseline,C0151,2022-09-30,0,0.4726912645293225
3,Logistic Baseline,C0151,2022-12-31,1,0.5386062407963325
3,Logistic Baseline,C0152,2022-09-30,0,0.46934836837958466
3,Logistic Baseline,C0152,2022-12-31,0,0.33974496421588735
3,Logistic Baseline,C0153,2022-09-30,0,0.2550304878713671
3,Logistic Baseline,C0153,2022-12-31,0,0.49150785317862566
3,Logistic Baseline,C0154,2022-09-30,0,0.2968613083503657
3,Logistic Baseline,C0154,2022-12-31,0,0.292852416185373
3,Logistic Baseline,C0155,2022-09-30,0,0.1910846095152285
3,Logistic Baseline,C0155,2022-12-31,0,0.28133402994883544
3,Logistic Baseline,C0156,2022-09-30,0,0.40152683544189854
3,Logistic Baseline,C0156,2022-12-31,0,0.37236072057499947
3,Logistic Baseline,C0157,2022-09-30,0,0.26928287147282887
3,Logistic Baseline,C0157,2022-12-31,0,0.3456363376302624
3,Logistic Baseline,C0158,2022-09-30,0,0.3584477090537111
3,Logistic Baseline,C0158,2022-12-31,0,0.281509244790363
3,Logistic Baseline,C0159,2022-09-30,0,0.554497193936614
3,Logistic Baseline,C0159,2022-12-31,1,0.5021137153956621
3,Logistic Baseline,C0160,2022-09-30,0,0.3025168452559709
3,Logistic Baseline,C0160,2022-12-31,0,0.32216422157610675
3,Logistic Baseline,C0161,2022-09-30,0,0.5601477362499161
3,Logistic Baseline,C0161,2022-12-31,0,0.3417286379916045
3,Logistic Baseline,C0162,2022-09-30,1,0.6001047451528515
3,Logistic Baseline,C0162,2022-12-31,1,0.5525747882119499
3,Logistic Baseline,C0163,2022-09-30,0,0.35363617326238445
3,Logistic Baseline,C0163,2022-12-31,1,0.3933465775935231
3,Logistic Baseline,C0164,2022-09-30,0,0.5125217694900235
3,Logistic Baseline,C0164,2022-12-31,0,0.3944664904776299
3,Logistic Baseline,C0165,2022-09-30,0,0.7464584045640056
3,Logistic Baseline,C0165,2022-12-31,1,0.7889212263086889
3,Logistic Baseline,C0166,2022-09-30,0,0.33340811660622555
3,Logistic Baseline,C0166,2022-12-31,0,0.4142004880527087
3,Logistic Baseline,C0167,2022-09-30,0,0.2873669138155332
3,Logistic Baseline,C0167,2022-12-31,1,0.47392333894515837
3,Logistic Baseline,C0168,2022-09-30,0,0.614025474017202
3,Logistic Baseline,C0168,2022-12-31,0,0.5760959127006332
3,Logistic Baseline,C0169,2022-09-30,1,0.6369352998048102
3,Logistic Baseline,C0169,2022-12-31,1,0.6029108413115339
3,Logistic Baseline,C0170,2022-09-30,1,0.5460898757394025
3,Logistic Baseline,C0170,2022-12-31,0,0.6238210383679199
3,Logistic Baseline,C0171,2022-09-30,0,0.6350294884141188
3,Logistic Baseline,C0171,2022-12-31,1,0.47250354725288574
3,Logistic Baseline,C0172,2022-09-30,0,0.22590760957001738
3,Logistic Baseline,C0172,2022-12-31,0,0.4093096579575297
3,Logistic Baseline,C0173,2022-09-30,0,0.30022868610914494
3,Logistic Baseline,C0173,2022-12-31,0,0.2599118808178825
3,Logistic Baseline,C0174,2022-09-30,0,0.23428268502645327
3,Logistic Baseline,C0174,2022-12-31,0,0.2564737478277677
3,Logistic Baseline,C0175,2022-09-30,0,0.46535859207414776
3,Logistic Baseline,C0175,2022-12-31,0,0.484767105969771
3,Logistic Baseline,C0176,2022-09-30,0,0.4899307953451728
3,Logistic Baseline,C0176,2022-12-31,0,0.4574738687056091
3,Logistic Baseline,C0177,2022-09-30,0,0.4174110552824593
3,Logistic Baseline,C0177,2022-12-31,0,0.5645571804788123
3,Logistic Baseline,C0178,2022-09-30,1,0.3652494651268802
3,Logistic Baseline,C0178,2022-12-31,0,0.29715341773236176
3,Logistic Baseline,C0179,2022-09-30,0,0.494260770848363
3,Logistic Baseline,C0179,2022-12-31,0,0.3761272687601921
3,Logistic Baseline,C0180,2022-09-30,0,0.061634826750765814
3,Logistic Baseline,C0180,2022-12-31,0,0.4160486607195884
3,Logistic Baseline,C0181,2022-09-30,0,0.4426510083769561
3,Logistic Baseline,C0181,2022-12-31,0,0.49353798892325523
3,Logistic Baseline,C0182,2022-09-30,0,0.4434780862083468
3,Logistic Baseline,C0182,2022-12-31,1,0.5379031190668715
3,Logistic Baseline,C0183,2022-09-30,0,0.34577168735100794
3,Logistic Baseline,C0183,2022-12-31,0,0.2470311762719221
3,Logistic Baseline,C0184,2022-09-30,0,0.6787540293767425
3,Logistic Baseline,C0184,2022-12-31,0,0.0058217944072186875
3,Logistic Baseline,C0185,2022-09-30,0,0.3486330944323633
3,Logistic Baseline,C0185,2022-12-31,1,0.6241043102532253
3,Logistic Baseline,C0186,2022-09-30,0,0.509127934393228
3,Logistic Baseline,C0186,2022-12-31,0,0.46077224315560317
3,Logistic Baseline,C0187,2022-09-30,0,0.4419044585575979
3,Logistic Baseline,C0187,2022-12-31,0,0.6233692959768066
3,Logistic Baseline,C0188,2022-09-30,1,0.19179817477610642
3,Logistic Baseline,C0188,2022-12-31,0,0.2990264158453762
3,Logistic Baseline,C0189,2022-09-30,0,0.5275946623317715
3,Logistic Baseline,C0189,2022-12-31,1,0.5611606637076216
3,Logistic Baseline,C0190,2022-09-30,0,0.2060520436645362
3,Logistic Baseline,C0190,2022-12-31,0,0.31004477962074944
3,Logistic Baseline,C0191,2022-09-30,0,0.2256224518916589
3,Logistic Baseline,C0191,2022-12-31,0,0.26618942023665193
3,Logistic Baseline,C0192,2022-09-30,0,0.40565807951278043
3,Logistic Baseline,C0192,2022-12-31,0,0.3741678917051355
3,Logistic Baseline,C0193,2022-09-30,1,0.36129017541252983
3,Logistic Baseline,C0193,2022-12-31,0,0.399915580173782
3,Logistic Baseline,C0194,2022-09-30,0,0.38328428794043784
3,Logistic Baseline,C0194,2022-12-31,0,0.5292286233426972
3,Logistic Baseline,C0195,2022-09-30,0,0.3607433547020416
3,Logistic Baseline,C0195,2022-12-31,0,0.4083753545543497
3,Logistic Baseline,C0196,2022-09-30,0,0.4559135313584933
3,Logistic Baseline,C0196,2022-12-31,0,0.4179862781964852
3,Logistic Baseline,C0197,2022-09-30,0,0.44933704339972536
3,Logistic Baseline,C0197,2022-12-31,0,0.30608459489149586
3,Logistic Baseline,C0198,2022-09-30,0,0.40851074478145416
3,Logistic Baseline,C0198,2022-12-31,1,0.5026121749051664
3,Logistic Baseline,C0199,2022-09-30,0,0.6646910093723029
3,Logistic Baseline,C0199,2022-12-31,0,0.6553309954919971
3,Logistic Baseline,C0200,2022-09-30,0,0.3281188599967421
3,Logistic Baseline,C0200,2022-12-31,0,0.4183368534892442
3,Logistic Baseline,C0201,2022-09-30,0,0.18435963513866893
3,Logistic Baseline,C0201,2022-12-31,0,0.2425924995795069
3,Logistic Baseline,C0202,2022-09-30,0,0.3543756234456133
3,Logistic Baseline,C0202,2022-12-31,0,0.3626371220065664
3,Logistic Baseline,C0203,2022-09-30,0,0.38912767366204737
3,Logistic Baseline,C0203,2022-12-31,0,0.35205538495177957
3,Logistic Baseline,C0204,2022-09-30,0,0.5911690857523106
3,Logistic Baseline,C0204,2022-12-31,0,0.4041640577800018
3,Logistic Baseline,C0205,2022-09-30,0,0.3612296974460603
3,Logistic Baseline,C0205,2022-12-31,0,0.4216572861784403
3,Logistic Baseline,C0206,2022-09-30,1,0.34915300121844056
3,Logistic Baseline,C0206,2022-12-31,0,0.35695182780935997
3,Logistic Baseline,C0207,2022-09-30,1,0.7399496585943539
3,Logistic Baseline,C0207,2022-12-31,1,0.7272266376703436
3,Logistic Baseline,C0208,2022-09-30,0,0.4116863192388693
3,Logistic Baseline,C0208,2022-12-31,0,0.35410836881217855
3,Logistic Baseline,C0209,2022-09-30,0,0.5055158381268557
3,Logistic Baseline,C0209,2022-12-31,1,0.5163265455042961
3,Logistic Baseline,C0210,2022-09-30,0,0.38522154239226947
3,Logistic Baseline,C0210,2022-12-31,0,0.39220300265729974
3,Logistic Baseline,C0211,2022-09-30,0,0.2746152726344003
3,Logistic Baseline,C0211,2022-12-31,0,0.38363294960768135
3,Logistic Baseline,C0212,2022-09-30,0,0.309299431547005
3,Logistic Baseline,C0212,2022-12-31,0,0.29974432080126967
3,Logistic Baseline,C0213,2022-09-30,0,0.3533041973252166
3,Logistic Baseline,C0213,2022-12-31,0,0.18366073573921018
3,Logistic Baseline,C0214,2022-09-30,0,0.304437668667581
3,Logistic Baseline,C0214,2022-12-31,0,0.2853629867139816
3,Logistic Baseline,C0215,2022-09-30,0,0.42871790504427576
3,Logistic Baseline,C0215,2022-12-31,0,0.3540812966203609
3,Logistic Baseline,C0216,2022-09-30,0,0.49797521396017774
3,Logistic Baseline,C0216,2022-12-31,0,0.452188649275509
3,Logistic Baseline,C0217,2022-09-30,1,0.4872800782981301
3,Logistic Baseline,C0217,2022-12-31,0,0.45381161662952724
3,Logistic Baseline,C0218,2022-09-30,0,0.4057894026862872
3,Logistic Baseline,C0218,2022-12-31,0,0.5729409809359363
3,Logistic Baseline,C0219,2022-09-30,0,0.29665461057334536
3,Logistic Baseline,C0219,2022-12-31,1,0.4802133938541887
3,Logistic Baseline,C0220,2022-09-30,0,0.34834806187541956
3,Logistic Baseline,C0220,2022-12-31,0,0.29923321886496085
3,Logistic Baseline,C0221,2022-09-30,0,0.5196400024286711
3,Logistic Baseline,C0221,2022-12-31,1,0.7378458526744024
3,Logistic Baseline,C0222,2022-09-30,0,0.48319944729537456
3,Logistic Baseline,C0222,2022-12-31,1,0.5015129851685822
3,Logistic Baseline,C0223,2022-09-30,0,0.4680766985968402
3,Logistic Baseline,C0223,2022-12-31,1,0.42565293917472313
3,Logistic Baseline,C0224,2022-09-30,0,0.3469305795173824
3,Logistic Baseline,C0224,2022-12-31,0,0.3344453890550712
3,Logistic Baseline,C0225,2022-09-30,0,0.41888347454389996
3,Logistic Baseline,C0225,2022-12-31,0,0.39976821897790815
3,Logistic Baseline,C0226,2022-09-30,0,0.2308245006692159
3,Logistic Baseline,C0226,2022-12-31,0,0.17820959151609303
3,Logistic Baseline,C0227,2022-09-30,0,0.20079598158379805
3,Logistic Baseline,C0227,2022-12-31,0,0.142913318301952
3,Logistic Baseline,C0228,2022-09-30,0,0.4637438981879937
3,Logistic Baseline,C0228,2022-12-31,0,0.3975184074841638
3,Logistic Baseline,C0229,2022-09-30,0,0.24428773387220765
3,Logistic Baseline,C0229,2022-12-31,0,0.3648517073934513
3,Logistic Baseline,C0230,2022-09-30,0,0.33510056285058043
3,Logistic Baseline,C0230,2022-12-31,0,0.30550695965879415
3,Logistic Baseline,C0231,2022-09-30,0,0.3942651615615444
3,Logistic Baseline,C0231,2022-12-31,0,0.3460801261168941
3,Logistic Baseline,C0232,2022-09-30,1,0.4189137422807083
3,Logistic Baseline,C0232,2022-12-31,0,0.2894354103909639
3,Logistic Baseline,C0233,2022-09-30,0,0.33797568334346667
3,Logistic Baseline,C0233,2022-12-31,0,0.285086216029033
3,Logistic Baseline,C0234,2022-09-30,0,0.46878923937532424
3,Logistic Baseline,C0234,2022-12-31,0,0.3034536492868675
3,Logistic Baseline,C0235,2022-09-30,1,0.40737506938703716
3,Logistic Baseline,C0235,2022-12-31,0,0.37726048419625335
3,Logistic Baseline,C0236,2022-09-30,0,0.31615927394286325
3,Logistic Baseline,C0236,2022-12-31,0,0.2938681913834689
3,Logistic Baseline,C0237,2022-09-30,0,0.5532302263946024
3,Logistic Baseline,C0237,2022-12-31,0,0.4424230182011581
3,Logistic Baseline,C0238,2022-09-30,0,0.4743299624344124
3,Logistic Baseline,C0238,2022-12-31,0,0.5080594011129003
3,Logistic Baseline,C0239,2022-09-30,0,0.8891028139664083
3,Logistic Baseline,C0239,2022-12-31,1,0.5838984724448214
3,Logistic Baseline,C0240,2022-09-30,0,0.3786061387253699
3,Logistic Baseline,C0240,2022-12-31,0,0.4526249786317827
3,Logistic Baseline,C0241,2022-09-30,0,0.00035513848931302045
3,Logistic Baseline,C0241,2022-12-31,1,0.5041021209984873
3,Logistic Baseline,C0242,2022-09-30,0,0.6203058233134258
3,Logistic Baseline,C0242,2022-12-31,0,0.5157781376882052
3,Logistic Baseline,C0243,2022-09-30,1,0.2863097163339053
3,Logistic Baseline,C0243,2022-12-31,0,0.29073518095103434
3,Logistic Baseline,C0244,2022-09-30,0,0.7049163120681755
3,Logistic Baseline,C0244,2022-12-31,1,0.6097537797066153
3,Logistic Baseline,C0245,2022-09-30,1,0.9745115277903824
3,Logistic Baseline,C0245,2022-12-31,0,0.40911277661881496
3,Logistic Baseline,C0246,2022-09-30,0,0.33382847321964615
3,Logistic Baseline,C0246,2022-12-31,0,0.4640269240416871
3,Logistic Baseline,C0247,2022-09-30,1,0.38275372384320033
3,Logistic Baseline,C0247,2022-12-31,0,0.40534078243913074
3,Logistic Baseline,C0248,2022-09-30,0,0.5689475060211662
3,Logistic Baseline,C0248,2022-12-31,0,0.6220898661731267
3,Logistic Baseline,C0249,2022-09-30,0,0.24708155369458065
3,Logistic Baseline,C0249,2022-12-31,0,0.22206986722499317
3,Logistic Baseline,C0250,2022-09-30,0,0.3622712545299416
3,Logistic Baseline,C0250,2022-12-31,1,0.3971259600720126
3,Logistic Baseline,C0251,2022-09-30,0,0.00045120301838852075
3,Logistic Baseline,C0251,2022-12-31,0,0.26560941103657454
3,Logistic Baseline,C0252,2022-09-30,1,0.5328276102877652
3,Logistic Baseline,C0252,2022-12-31,0,0.4547864900066263
3,Logistic Baseline,C0253,2022-09-30,0,0.34683505303647605
3,Logistic Baseline,C0253,2022-12-31,0,0.44247163660282673
3,Logistic Baseline,C0254,2022-09-30,1,0.44107406168848423
3,Logistic Baseline,C0254,2022-12-31,0,0.5323128882900436
3,Logistic Baseline,C0255,2022-09-30,0,0.2907587466046579
3,Logistic Baseline,C0255,2022-12-31,0,0.37324103556711746
3,Logistic Baseline,C0256,2022-09-30,0,0.2161218777721711
3,Logistic Baseline,C0256,2022-12-31,0,0.40423634863230967
3,Logistic Baseline,C0257,2022-09-30,0,0.28170638018600547
3,Logistic Baseline,C0257,2022-12-31,0,0.2871623136966208
3,Logistic Baseline,C0258,2022-09-30,0,0.4183693059583262
3,Logistic Baseline,C0258,2022-12-31,0,0.6502509702189407
3,Logistic Baseline,C0259,2022-09-30,0,0.2580177310781541
3,Logistic Baseline,C0259,2022-12-31,0,0.1793882328205246
3,Logistic Baseline,C0260,2022-09-30,0,0.5189579481942185
3,Logistic Baseline,C0260,2022-12-31,0,0.8599012666690027
3,Logistic Baseline,C0261,2022-09-30,0,0.3432603571825828
3,Logistic Baseline,C0261,2022-12-31,0,0.33238163457318676
3,Logistic Baseline,C0262,2022-09-30,0,0.3643877256843031
3,Logistic Baseline,C0262,2022-12-31,0,0.3428317970709716
3,Logistic Baseline,C0263,2022-09-30,0,0.23323860968120802
3,Logistic Baseline,C0263,2022-12-31,0,0.41844596647234344
3,Logistic Baseline,C0264,2022-09-30,0,0.5026690110510854
3,Logistic Baseline,C0264,2022-12-31,0,0.5164229997732148
3,Logistic Baseline,C0265,2022-09-30,1,0.5510241836098643
3,Logistic Baseline,C0265,2022-12-31,0,0.5104133527121076
3,Logistic Baseline,C0266,2022-09-30,0,0.3312466421766227
3,Logistic Baseline,C0266,2022-12-31,0,0.22579307475202393
3,Logistic Baseline,C0267,2022-09-30,0,0.6801464826745997
3,Logistic Baseline,C0267,2022-12-31,1,0.6423716638311563
3,Logistic Baseline,C0268,2022-09-30,1,0.5151473283746788
3,Logistic Baseline,C0268,2022-12-31,0,0.37251830318048423
3,Logistic Baseline,C0269,2022-09-30,1,0.28376496303158544
3,Logistic Baseline,C0269,2022-12-31,0,0.5190358175454173
3,Logistic Baseline,C0270,2022-09-30,0,0.4939572111004077
3,Logistic Baseline,C0270,2022-12-31,0,0.21645803628621957
3,Logistic Baseline,C0271,2022-09-30,1,0.5629928125490435
3,Logistic Baseline,C0271,2022-12-31,0,0.4289554417139494
3,Logistic Baseline,C0272,2022-09-30,0,0.337846585497441
3,Logistic Baseline,C0272,2022-12-31,0,0.2627444337559747
3,Logistic Baseline,C0273,2022-09-30,0,0.4616632021267783
3,Logistic Baseline,C0273,2022-12-31,1,0.557106573536671
3,Logistic Baseline,C0274,2022-09-30,0,0.24158781776406638
3,Logistic Baseline,C0274,2022-12-31,0,0.31537610710080266
3,Logistic Baseline,C0275,2022-09-30,0,0.3402138134660215
3,Logistic Baseline,C0275,2022-12-31,0,0.35333324706478264
3,Logistic Baseline,C0276,2022-09-30,0,0.3342307522694088
3,Logistic Baseline,C0276,2022-12-31,0,0.49227415046241935
3,Logistic Baseline,C0277,2022-09-30,0,0.5091572634013015
3,Logistic Baseline,C0277,2022-12-31,0,0.4369765386649591
3,Logistic Baseline,C0278,2022-09-30,0,0.44735860755747986
3,Logistic Baseline,C0278,2022-12-31,0,0.5888678389698336
3,Logistic Baseline,C0279,2022-09-30,0,0.5497478855576825
3,Logistic Baseline,C0279,2022-12-31,0,0.4339981631909929
3,Logistic Baseline,C0280,2022-09-30,0,0.48189233216072125
3,Logistic Baseline,C0280,2022-12-31,0,0.5252901228020636
3,Logistic Baseline,C0281,2022-09-30,1,0.8847153782975524
3,Logistic Baseline,C0281,2022-12-31,1,0.8449117217911203
3,Logistic Baseline,C0282,2022-09-30,0,0.3259620076320014
3,Logistic Baseline,C0282,2022-12-31,0,0.37485235862428845
3,Logistic Baseline,C0283,2022-09-30,0,0.4497650478026813
3,Logistic Baseline,C0283,2022-12-31,1,0.388317119465922
3,Logistic Baseline,C0284,2022-09-30,0,0.2478487651556889
3,Logistic Baseline,C0284,2022-12-31,0,0.287770701634946
3,Logistic Baseline,C0285,2022-09-30,0,0.46083353853696485
3,Logistic Baseline,C0285,2022-12-31,0,0.6183228983181313
3,Logistic Baseline,C0286,2022-09-30,0,0.5002348091065304
3,Logistic Baseline,C0286,2022-12-31,0,0.6990183290946161
3,Logistic Baseline,C0287,2022-09-30,0,0.38651336174732387
3,Logistic Baseline,C0287,2022-12-31,0,0.41530445785485975
3,Logistic Baseline,C0288,2022-09-30,1,0.5268385049350559
3,Logistic Baseline,C0288,2022-12-31,0,0.6126067277565098
3,Logistic Baseline,C0289,2022-09-30,0,0.23451154287744008
3,Logistic Baseline,C0289,2022-12-31,0,0.2755260316731641
3,Logistic Baseline,C0290,2022-09-30,0,0.5818302885311902
3,Logistic Baseline,C0290,2022-12-31,0,0.6639740776150945
3,Logistic Baseline,C0291,2022-09-30,0,0.32607571882310044
3,Logistic Baseline,C0291,2022-12-31,0,0.3725341247760618
3,Logistic Baseline,C0292,2022-09-30,0,0.3500132970630762
3,Logistic Baseline,C0292,2022-12-31,0,0.35645240779249154
3,Logistic Baseline,C0293,2022-09-30,0,0.2949648057785487
3,Logistic Baseline,C0293,2022-12-31,0,0.25239503407708136
3,Logistic Baseline,C0294,2022-09-30,0,0.3617665975725317
3,Logistic Baseline,C0294,2022-12-31,0,0.35550899111498935
3,Logistic Baseline,C0295,2022-09-30,0,0.564552305480413
3,Logistic Baseline,C0295,2022-12-31,0,0.6246132920882704
3,Logistic Baseline,C0296,2022-09-30,0,0.34861728181492524
3,Logistic Baseline,C0296,2022-12-31,0,0.3597832759239027
3,Logistic Baseline,C0297,2022-09-30,0,0.42272807385730815
3,Logistic Baseline,C0297,2022-12-31,1,0.49035347051674355
3,Logistic Baseline,C0298,2022-09-30,1,0.3995677917488694
3,Logistic Baseline,C0298,2022-12-31,0,0.2496809800906433
3,Logistic Baseline,C0299,2022-09-30,0,0.34895391816618654
3,Logistic Baseline,C0299,2022-12-31,0,0.376010545697884
1,Logistic + Interval Features,C0000,2021-09-30,0,0.2559223098476975
1,Logistic + Interval Features,C0000,2021-12-31,1,5.22438691322096e-15
1,Logistic + Interval Features,C0001,2021-09-30,1,0.8010977205792962
1,Logistic + Interval Features,C0001,2021-12-31,1,0.8534410235302541
1,Logistic + Interval Features,C0002,2021-09-30,0,0.3105047426433422
1,Logistic + Interval Features,C0002,2021-12-31,0,0.32833616902380236
1,Logistic + Interval Features,C0003,2021-09-30,0,0.2642567004269322
1,Logistic + Interval Features,C0003,2021-12-31,0,0.2951137039676871
1,Logistic + Interval Features,C0004,2021-09-30,0,0.2284649443817945
1,Logistic + Interval Features,C0004,2021-12-31,0,0.31212821137726315
1,Logistic + Interval Features,C0005,2021-09-30,0,0.3064260935688615
1,Logistic + Interval Features,C0005,2021-12-31,0,0.09674581536118164
1,Logistic + Interval Features,C0006,2021-09-30,0,0.6984277739995736
1,Logistic + Interval Features,C0006,2021-12-31,1,0.6676019033787014
1,Logistic + Interval Features,C0007,2021-09-30,0,0.6495639165052197
1,Logistic + Interval Features,C0007,2021-12-31,0,0.5620731755242973
1,Logistic + Interval Features,C0008,2021-09-30,0,0.5405949780186866
1,Logistic + Interval Features,C0008,2021-12-31,0,0.4585639641241332
1,Logistic + Interval Features,C0009,2021-09-30,0,0.5473801278913399
1,Logistic + Interval Features,C0009,2021-12-31,0,0.4862808175763971
1,Logistic + Interval Features,C0010,2021-09-30,0,0.49880612747851716
1,Logistic + Interval Features,C0010,2021-12-31,0,0.3228491679318423
1,Logistic + Interval Features,C0011,2021-09-30,0,0.09599782724384348
1,Logistic + Interval Features,C0011,2021-12-31,0,0.2654862235871364
1,Logistic + Interval Features,C0012,2021-09-30,0,0.20847307854592417
1,Logistic + Interval Features,C0012,2021-12-31,0,0.11476043531626519
1,Logistic + Interval Features,C0013,2021-09-30,1,0.5951978708492084
1,Logistic + Interval Features,C0013,2021-12-31,0,0.570944084297347
1,Logistic + Interval Features,C0014,2021-09-30,0,0.8046705427301697
1,Logistic + Interval Features,C0014,2021-12-31,0,0.7615676049623005
1,Logistic + Interval Features,C0015,2021-09-30,0,0.5766226230012435
1,Logistic + Interval Features,C0015,2021-12-31,0,0.4446938965090565
1,Logistic + Interval Features,C0016,2021-09-30,1,0.9903446186243913
1,Logistic + Interval Features,C0016,2021-12-31,1,0.7204126186634933
1,Logistic + Interval Features,C0017,2021-09-30,0,0.4600967047393665
1,Logistic + Interval Features,C0017,2021-12-31,0,0.46673049918335846
1,Logistic + Interval Features,C0018,2021-09-30,0,0.366456162123782
1,Logistic + Interval Features,C0018,2021-12-31,0,0.38424227614648737
1,Logistic + Interval Features,C0019,2021-09-30,1,0.502033888617904
1,Logistic + Interval Features,C0019,2021-12-31,0,0.28800454406479736
1,Logistic + Interval Features,C0020,2021-09-30,0,0.3595745762160277
1,Logistic + Interval Features,C0020,2021-12-31,0,0.30282902789319166
1,Logistic + Interval Features,C0021,2021-09-30,0,0.4949302482392034
1,Logistic + Interval Features,C0021,2021-12-31,0,0.48474858146636807
1,Logistic + Interval Features,C0022,2021-09-30,0,0.43838383351346083
1,Logistic + Interval Features,C0022,2021-12-31,0,0.42384932229051797
1,Logistic + Interval Features,C0023,2021-09-30,0,0.3082427668055046
1,Logistic + Interval Features,C0023,2021-12-31,0,0.4366917026148545
1,Logistic + Interval Features,C0024,2021-09-30,0,0.5658334366892085
1,Logistic + Interval Features,C0024,2021-12-31,0,0.6198662008878003
1,Logistic + Interval Features,C0025,2021-09-30,0,0.32756955115938147
1,Logistic + Interval Features,C0025,2021-12-31,0,0.33215922065783415
1,Logistic + Interval Features,C0026,2021-09-30,0,0.4543297466815695
1,Logistic + Interval Features,C0026,2021-12-31,0,0.32654780417277646
1,Logistic + Interval Features,C0027,2021-09-30,0,0.31555206586846996
1,Logistic + Interval Features,C0027,2021-12-31,0,0.35795222035893237
1,Logistic + Interval Features,C0028,2021-09-30,0,0.3649089836607652
1,Logistic + Interval Features,C0028,2021-12-31,0,0.5299852478134303
1,Logistic + Interval Features,C0029,2021-09-30,0,0.5222291217807776
1,Logistic + Interval Features,C0029,2021-12-31,0,0.49648335696183826
1,Logistic + Interval Features,C0030,2021-09-30,0,0.4025155145340463
1,Logistic + Interval Features,C0030,2021-12-31,0,0.49372650746252156
1,Logistic + Interval Features,C0031,2021-09-30,0,0.23775464529460505
1,Logistic + Interval Features,C0031,2021-12-31,1,0.06164360868693435
1,Logistic + Interval Features,C0032,2021-09-30,0,0.5270254601004535
1,Logistic + Interval Features,C0032,2021-12-31,1,0.5610059029885784
1,Logistic + Interval Features,C0033,2021-09-30,0,0.6800673628922737
1,Logistic + Interval Features,C0033,2021-12-31,0,0.7907403484935265
1,Logistic + Interval Features,C0034,2021-09-30,0,0.5521757541444611
1,Logistic + Interval Features,C0034,2021-12-31,1,0.552959478844529
1,Logistic + Interval Features,C0035,2021-09-30,0,0.2663597624034757
1,Logistic + Interval Features,C0035,2021-12-31,0,0.2885947591064096
1,Logistic + Interval Features,C0036,2021-09-30,0,0.3885201919513465
1,Logistic + Interval Features,C0036,2021-12-31,0,0.27370376881933667
1,Logistic + Interval Features,C0037,2021-09-30,0,0.6824604681774109
1,Logistic + Interval Features,C0037,2021-12-31,0,0.6665401283436061
1,Logistic + Interval Features,C0038,2021-09-30,1,0.2250229107918095
1,Logistic + Interval Features,C0038,2021-12-31,0,0.1934620034276895
1,Logistic + Interval Features,C0039,2021-09-30,0,0.27747816863239083
1,Logistic + Interval Features,C0039,2021-12-31,0,0.12694195921572346
1,Logistic + Interval Features,C0040,2021-09-30,0,0.29030229804817476
1,Logistic + Interval Features,C0040,2021-12-31,0,0.2650238756008539
1,Logistic + Interval Features,C0041,2021-09-30,0,0.863635134600772
1,Logistic + Interval Features,C0041,2021-12-31,0,0.8661725035640917
1,Logistic + Interval Features,C0042,2021-09-30,0,0.37761988945358593
1,Logistic + Interval Features,C0042,2021-12-31,0,0.3764910660152434
1,Logistic + Interval Features,C0043,2021-09-30,0,0.21927122371960675
1,Logistic + Interval Features,C0043,2021-12-31,0,0.39677615327122745
1,Logistic + Interval Features,C0044,2021-09-30,0,0.24972172959212724
1,Logistic + Interval Features,C0044,2021-12-31,0,0.16926729033048588
1,Logistic + Interval Features,C0045,2021-09-30,0,0.4288032243440431
1,Logistic + Interval Features,C0045,2021-12-31,0,0.2545206540825268
1,Logistic + Interval Features,C0046,2021-09-30,0,0.29924005179672236
1,Logistic + Interval Features,C0046,2021-12-31,0,0.38717597328879366
1,Logistic + Interval Features,C0047,2021-09-30,1,0.8468697795192777
1,Logistic + Interval Features,C0047,2021-12-31,0,0.736361619465171
1,Logistic + Interval Features,C0048,2021-09-30,0,0.6305905222667731
1,Logistic + Interval Features,C0048,2021-12-31,0,0.33048471120443423
1,Logistic + Interval Features,C0049,2021-09-30,0,0.5180135629209909
1,Logistic + Interval Features,C0049,2021-12-31,0,0.19247074673492368
1,Logistic + Interval Features,C0050,2021-09-30,0,0.37903217719166704
1,Logistic + Interval Features,C0050,2021-12-31,0,0.25846688868550455
1,Logistic + Interval Features,C0051,2021-09-30,0,0.30680736467835246
1,Logistic + Interval Features,C0051,2021-12-31,0,0.4663586556276345
1,Logistic + Interval Features,C0052,2021-09-30,0,0.23930971414966476
1,Logistic + Interval Features,C0052,2021-12-31,1,0.5430147353690676
1,Logistic + Interval Features,C0053,2021-09-30,0,0.8745323144427319
1,Logistic + Interval Features,C0053,2021-12-31,0,0.715771778231593
1,Logistic + Interval Features,C0054,2021-09-30,0,0.27668934760897473
1,Logistic + Interval Features,C0054,2021-12-31,0,0.33459334146121356
1,Logistic + Interval Features,C0055,2021-09-30,1,0.8201943027593535
1,Logistic + Interval Features,C0055,2021-12-31,0,0.7171802103801982
1,Logistic + Interval Features,C0056,2021-09-30,0,0.6399864866294384
1,Logistic + Interval Features,C0056,2021-12-31,0,0.620216569377725
1,Logistic + Interval Features,C0057,2021-09-30,0,0.6934777503497542
1,Logistic + Interval Features,C0057,2021-12-31,0,0.5218943622730357
1,Logistic + Interval Features,C0058,2021-09-30,1,0.7553697202090267
1,Logistic + Interval Features,C0058,2021-12-31,0,0.7255499328525985
1,Logistic + Interval Features,C0059,2021-09-30,0,0.28796210304806935
1,Logistic + Interval Features,C0059,2021-12-31,0,0.5855366147646185
1,Logistic + Interval Features,C0060,2021-09-30,0,0.32897966640099663
1,Logistic + Interval Features,C0060,2021-12-31,1,0.3780990531178498
1,Logistic + Interval Features,C0061,2021-09-30,0,0.9569356510521748
1,Logistic + Interval Features,C0061,2021-12-31,0,0.9119224456247598
1,Logistic + Interval Features,C0062,2021-09-30,0,0.7418930353393302
1,Logistic + Interval Features,C0062,2021-12-31,0,0.6590350874929622
1,Logistic + Interval Features,C0063,2021-09-30,0,0.4187316384718948
1,Logistic + Interval Features,C0063,2021-12-31,0,0.6633246060186064
1,Logistic + Interval Features,C0064,2021-09-30,0,0.4556837973308808
1,Logistic + Interval Features,C0064,2021-12-31,0,0.407300498810788
1,Logistic + Interval Features,C0065,2021-09-30,0,0.7241497657658797
1,Logistic + Interval Features,C0065,2021-12-31,0,0.753843452032671
1,Logistic + Interval Features,C0066,2021-09-30,0,0.4436225850466552
1,Logistic + Interval Features,C0066,2021-12-31,0,0.29034432488886325
1,Logistic + Interval Features,C0067,2021-09-30,0,0.4853012649812546
1,Logistic + Interval Features,C0067,2021-12-31,0,0.3461816496322686
1,Logistic + Interval Features,C0068,2021-09-30,1,0.5201706126944482
1,Logistic + Interval Features,C0068,2021-12-31,0,0.4203817593184248
1,Logistic + Interval Features,C0069,2021-09-30,0,0.8303959208991241
1,Logistic + Interval Features,C0069,2021-12-31,0,0.6779816522302282
1,Logistic + Interval Features,C0070,2021-09-30,0,0.6477411072320911
1,Logistic + Interval Features,C0070,2021-12-31,0,0.49087745367883767
1,Logistic + Interval Features,C0071,2021-09-30,0,0.22946747889759928
1,Logistic + Interval Features,C0071,2021-12-31,0,0.3378812289640115
1,Logistic + Interval Features,C0072,2021-09-30,0,0.6560024909426632
1,Logistic + Interval Features,C0072,2021-12-31,0,0.7086977686229742
1,Logistic + Interval Features,C0073,2021-09-30,0,0.3628471274935988
1,Logistic + Interval Features,C0073,2021-12-31,0,0.2845075325829109
1,Logistic + Interval Features,C0074,2021-09-30,0,0.5834156403030291
1,Logistic + Interval Features,C0074,2021-12-31,0,0.5283458293695142
1,Logistic + Interval Features,C0075,2021-09-30,1,0.48142047611882494
1,Logistic + Interval Features,C0075,2021-12-31,0,0.4885833326886888
1,Logistic + Interval Features,C0076,2021-09-30,0,0.1846421202993454
1,Logistic + Interval Features,C0076,2021-12-31,0,0.1697828886552537
1,Logistic + Interval Features,C0077,2021-09-30,0,0.7155211956051358
1,Logistic + Interval Features,C0077,2021-12-31,1,0.7898256425532741
1,Logistic + Interval Features,C0078,2021-09-30,0,0.1072198999729851
1,Logistic + Interval Features,C0078,2021-12-31,0,0.09068689512049265
1,Logistic + Interval Features,C0079,2021-09-30,0,0.7127512377522743
1,Logistic + Interval Features,C0079,2021-12-31,0,0.657546985594631
1,Logistic + Interval Features,C0080,2021-09-30,0,0.4801326304874624
1,Logistic + Interval Features,C0080,2021-12-31,0,0.4644489416666073
1,Logistic + Interval Features,C0081,2021-09-30,1,0.45292465470785237
1,Logistic + Interval Features,C0081,2021-12-31,0,0.40818090575728233
1,Logistic + Interval Features,C0082,2021-09-30,0,0.8319715384028397
1,Logistic + Interval Features,C0082,2021-12-31,1,0.7647865239217124
1,Logistic + Interval Features,C0083,2021-09-30,0,0.38394649069366277
1,Logistic + Interval Features,C0083,2021-12-31,0,0.45133632339294444
1,Logistic + Interval Features,C0084,2021-09-30,0,0.06517173166164471
1,Logistic + Interval Features,C0084,2021-12-31,0,0.07618645528770912
1,Logistic + Interval Features,C0085,2021-09-30,0,0.5962085664926702
1,Logistic + Interval Features,C0085,2021-12-31,0,0.6239549366108605
1,Logistic + Interval Features,C0086,2021-09-30,0,0.4590498957852283
1,Logistic + Interval Features,C0086,2021-12-31,0,0.23467532738456437
1,Logistic + Interval Features,C0087,2021-09-30,0,0.6058883659492136
1,Logistic + Interval Features,C0087,2021-12-31,0,0.4659613890679306
1,Logistic + Interval Features,C0088,2021-09-30,0,0.19146372080275723
1,Logistic + Interval Features,C0088,2021-12-31,0,0.13934338909417038
1,Logistic + Interval Features,C0089,2021-09-30,0,0.5390170817594547
1,Logistic + Interval Features,C0089,2021-12-31,0,0.4973169892520019
1,Logistic + Interval Features,C0090,2021-09-30,1,0.6976206475359304
1,Logistic + Interval Features,C0090,2021-12-31,0,0.7924602772438679
1,Logistic + Interval Features,C0091,2021-09-30,0,0.2258183803341557
1,Logistic + Interval Features,C0091,2021-12-31,0,0.24713111919871783
1,Logistic + Interval Features,C0092,2021-09-30,1,0.09648430087774526
1,Logistic + Interval Features,C0092,2021-12-31,0,0.42856498956112565
1,Logistic + Interval Features,C0093,2021-09-30,0,0.158597632739249
1,Logistic + Interval Features,C0093,2021-12-31,0,0.22963287565298662
1,Logistic + Interval Features,C0094,2021-09-30,0,0.0660036424227714
1,Logistic + Interval Features,C0094,2021-12-31,0,0.07102790878533508
1,Logistic + Interval Features,C0095,2021-09-30,0,0.21119523125715398
1,Logistic + Interval Features,C0095,2021-12-31,1,0.42970849172314246
1,Logistic + Interval Features,C0096,2021-09-30,0,0.4307201311243814
1,Logistic + Interval Features,C0096,2021-12-31,0,0.36532914266659977
1,Logistic + Interval Features,C0097,2021-09-30,0,0.31176753863184253
1,Logistic + Interval Features,C0097,2021-12-31,0,0.4550504980643249
1,Logistic + Interval Features,C0098,2021-09-30,0,0.2791775058743398
1,Logistic + Interval Features,C0098,2021-12-31,1,0.5362139551288833
1,Logistic + Interval Features,C0099,2021-09-30,0,0.45235024293180054
1,Logistic + Interval Features,C0099,2021-12-31,0,0.26782807559385463
1,Logistic + Interval Features,C0100,2021-09-30,1,0.36472004718971035
1,Logistic + Interval Features,C0100,2021-12-31,0,0.3941891368537551
1,Logistic + Interval Features,C0101,2021-09-30,0,0.5307703878787591
1,Logistic + Interval Features,C0101,2021-12-31,1,0.5586589426321394
1,Logistic + Interval Features,C0102,2021-09-30,0,0.65587244052404
1,Logistic + Interval Features,C0102,2021-12-31,0,0.6502206000508748
1,Logistic + Interval Features,C0103,2021-09-30,0,0.17286322961586623
1,Logistic + Interval Features,C0103,2021-12-31,0,0.2431394780767588
1,Logistic + Interval Features,C0104,2021-09-30,0,0.580964311677042
1,Logistic + Interval Features,C0104,2021-12-31,0,0.6752613879278094
1,Logistic + Interval Features,C0105,2021-09-30,0,0.7450788771921236
1,Logistic + Interval Features,C0105,2021-12-31,0,0.5487102458890543
1,Logistic + Interval Features,C0106,2021-09-30,0,0.6139053859402618
1,Logistic + Interval Features,C0106,2021-12-31,0,0.6166394694284213
1,Logistic + Interval Features,C0107,2021-09-30,0,0.3582570434996197
1,Logistic + Interval Features,C0107,2021-12-31,0,0.5792444939803372
1,Logistic + Interval Features,C0108,2021-09-30,0,0.7039870181324837
1,Logistic + Interval Features,C0108,2021-12-31,0,0.6735222319150987
1,Logistic + Interval Features,C0109,2021-09-30,0,0.6182364438977445
1,Logistic + Interval Features,C0109,2021-12-31,1,0.521552864750944
1,Logistic + Interval Features,C0110,2021-09-30,0,0.8433548470864886
1,Logistic + Interval Features,C0110,2021-12-31,0,0.681265469615835
1,Logistic + Interval Features,C0111,2021-09-30,0,0.540809939847698
1,Logistic + Interval Features,C0111,2021-12-31,0,0.26356906007601366
1,Logistic + Interval Features,C0112,2021-09-30,0,0.15584656814183048
1,Logistic + Interval Features,C0112,2021-12-31,0,0.2149720731509534
1,Logistic + Interval Features,C0113,2021-09-30,0,0.28446228450277905
1,Logistic + Interval Features,C0113,2021-12-31,1,0.34840081753814445
1,Logistic + Interval Features,C0114,2021-09-30,0,0.9574259379791655
1,Logistic + Interval Features,C0114,2021-12-31,0,0.39795650417522627
1,Logistic + Interval Features,C0115,2021-09-30,0,0.7927933018064588
1,Logistic + Interval Features,C0115,2021-12-31,1,0.6538404977247976
1,Logistic + Interval Features,C0116,2021-09-30,0,0.48995129406150006
1,Logistic + Interval Features,C0116,2021-12-31,0,0.3302072741969681
1,Logistic + Interval Features,C0117,2021-09-30,0,0.4116831367972733
1,Logistic + Interval Features,C0117,2021-12-31,0,0.2627205305054712
1,Logistic + Interval Features,C0118,2021-09-30,0,0.37546069467454934
1,Logistic + Interval Features,C0118,2021-12-31,0,0.30593442918997327
1,Logistic + Interval Features,C0119,2021-09-30,0,0.13247390020002175
1,Logistic + Interval Features,C0119,2021-12-31,0,0.2609310300902103
1,Logistic + Interval Features,C0120,2021-09-30,0,0.41892367149934884
1,Logistic + Interval Features,C0120,2021-12-31,0,0.46784627525579664
1,Logistic + Interval Features,C0121,2021-09-30,0,0.6136263460663647
1,Logistic + Interval Features,C0121,2021-12-31,0,0.7274651918497073
1,Logistic + Interval Features,C0122,2021-09-30,0,0.82696338632019
1,Logistic + Interval Features,C0122,2021-12-31,0,0.6557148518868603
1,Logistic + Interval Features,C0123,2021-09-30,0,0.42568193881174454
1,Logistic + Interval Features,C0123,2021-12-31,0,0.318305295471473
1,Logistic + Interval Features,C0124,2021-09-30,1,0.5727857951277529
1,Logistic + Interval Features,C0124,2021-12-31,1,0.43530059708628377
1,Logistic + Interval Features,C0125,2021-09-30,0,0.46733083071094206
1,Logistic + Interval Features,C0125,2021-12-31,0,0.45103459237891336
1,Logistic + Interval Features,C0126,2021-09-30,0,0.48520089118081144
1,Logistic + Interval Features,C0126,2021-12-31,0,0.2791963526170091
1,Logistic + Interval Features,C0127,2021-09-30,0,0.19686981149779048
1,Logistic + Interval Features,C0127,2021-12-31,0,0.36719967603608067
1,Logistic + Interval Features,C0128,2021-09-30,0,0.2538748502779833
1,Logistic + Interval Features,C0128,2021-12-31,0,0.18876631047965228
1,Logistic + Interval Features,C0129,2021-09-30,0,0.6185404785834161
1,Logistic + Interval Features,C0129,2021-12-31,0,0.5043223878950404
1,Logistic + Interval Features,C0130,2021-09-30,0,0.4262494441625447
1,Logistic + Interval Features,C0130,2021-12-31,0,0.47254625961503327
1,Logistic + Interval Features,C0131,2021-09-30,0,0.5058229914370307
1,Logistic + Interval Features,C0131,2021-12-31,0,0.4285215526701675
1,Logistic + Interval Features,C0132,2021-09-30,0,0.4233404631383622
1,Logistic + Interval Features,C0132,2021-12-31,1,0.45744466537718836
1,Logistic + Interval Features,C0133,2021-09-30,0,0.20435816117386899
1,Logistic + Interval Features,C0133,2021-12-31,0,0.3913767410781086
1,Logistic + Interval Features,C0134,2021-09-30,0,0.8837033160960618
1,Logistic + Interval Features,C0134,2021-12-31,0,0.8337203021599325
1,Logistic + Interval Features,C0135,2021-09-30,0,0.5385713949734267
1,Logistic + Interval Features,C0135,2021-12-31,0,0.6076226846511782
1,Logistic + Interval Features,C0136,2021-09-30,0,0.6212197393985275
1,Logistic + Interval Features,C0136,2021-12-31,1,0.6099664456192413
1,Logistic + Interval Features,C0137,2021-09-30,0,0.4654286306870831
1,Logistic + Interval Features,C0137,2021-12-31,1,0.3563366840317759
1,Logistic + Interval Features,C0138,2021-09-30,0,0.36635280116535984
1,Logistic + Interval Features,C0138,2021-12-31,0,0.5711913756166409
1,Logistic + Interval Features,C0139,2021-09-30,0,0.6804036959246035
1,Logistic + Interval Features,C0139,2021-12-31,0,0.3270407962462582
1,Logistic + Interval Features,C0140,2021-09-30,0,0.6363295177867877
1,Logistic + Interval Features,C0140,2021-12-31,0,0.5845592471957944
1,Logistic + Interval Features,C0141,2021-09-30,0,0.4425360687817922
1,Logistic + Interval Features,C0141,2021-12-31,0,0.37975451107976915
1,Logistic + Interval Features,C0142,2021-09-30,0,0.48670339845040156
1,Logistic + Interval Features,C0142,2021-12-31,1,0.4153595462940308
1,Logistic + Interval Features,C0143,2021-09-30,0,0.5769308812837171
1,Logistic + Interval Features,C0143,2021-12-31,0,0.7363040495996218
1,Logistic + Interval Features,C0144,2021-09-30,0,0.23993143534971004
1,Logistic + Interval Features,C0144,2021-12-31,0,0.08443153050749776
1,Logistic + Interval Features,C0145,2021-09-30,0,0.4278814588895639
1,Logistic + Interval Features,C0145,2021-12-31,1,0.28015719136621675
1,Logistic + Interval Features,C0146,2021-09-30,0,0.2386008109987799
1,Logistic + Interval Features,C0146,2021-12-31,0,0.2462134709492353
1,Logistic + Interval Features,C0147,2021-09-30,0,0.3586048374622438
1,Logistic + Interval Features,C0147,2021-12-31,0,0.5643326717885702
1,Logistic + Interval Features,C0148,2021-09-30,0,0.431587044107709
1,Logistic + Interval Features,C0148,2021-12-31,0,0.25250279278992555
1,Logistic + Interval Features,C0149,2021-09-30,0,0.3953169969049577
1,Logistic + Interval Features,C0149,2021-12-31,1,0.28431822116247296
1,Logistic + Interval Features,C0150,2021-09-30,1,0.9037122535336427
1,Logistic + Interval Features,C0150,2021-12-31,0,0.9233688176211456
1,Logistic + Interval Features,C0151,2021-09-30,0,0.5959421128045713
1,Logistic + Interval Features,C0151,2021-12-31,0,0.6429042810460425
1,Logistic + Interval Features,C0152,2021-09-30,0,0.3724621966036059
1,Logistic + Interval Features,C0152,2021-12-31,0,0.434598352548423
1,Logistic + Interval Features,C0153,2021-09-30,1,0.5569966827494668
1,Logistic + Interval Features,C0153,2021-12-31,0,0.39196501373846804
1,Logistic + Interval Features,C0154,2021-09-30,0,0.2813848649502453
1,Logistic + Interval Features,C0154,2021-12-31,1,0.3307711688239633
1,Logistic + Interval Features,C0155,2021-09-30,0,0.09484209816909932
1,Logistic + Interval Features,C0155,2021-12-31,0,0.0748459565028033
1,Logistic + Interval Features,C0156,2021-09-30,0,0.35860157797129133
1,Logistic + Interval Features,C0156,2021-12-31,0,0.5275825823193491
1,Logistic + Interval Features,C0157,2021-09-30,0,0.38397527738937554
1,Logistic + Interval Features,C0157,2021-12-31,0,0.29178776335456363
1,Logistic + Interval Features,C0158,2021-09-30,0,0.2852992136098998
1,Logistic + Interval Features,C0158,2021-12-31,1,0.48865601422540694
1,Logistic + Interval Features,C0159,2021-09-30,0,0.8703142945986014
1,Logistic + Interval Features,C0159,2021-12-31,1,0.8043500323221725
1,Logistic + Interval Features,C0160,2021-09-30,0,0.3665637801875795
1,Logistic + Interval Features,C0160,2021-12-31,0,0.40573149033214945
1,Logistic + Interval Features,C0161,2021-09-30,0,0.4286676483761471
1,Logistic + Interval Features,C0161,2021-12-31,0,0.44632823569649344
1,Logistic + Interval Features,C0162,2021-09-30,0,0.6927218387247851
1,Logistic + Interval Features,C0162,2021-12-31,0,0.7722847467377224
1,Logistic + Interval Features,C0163,2021-09-30,0,0.7063926321711438
1,Logistic + Interval Features,C0163,2021-12-31,0,0.5869825415572837
1,Logistic + Interval Features,C0164,2021-09-30,0,0.5586434253737227
1,Logistic + Interval Features,C0164,2021-12-31,1,0.6082129161787163
1,Logistic + Interval Features,C0165,2021-09-30,0,0.9512862187337497
1,Logistic + Interval Features,C0165,2021-12-31,0,0.9012565250217097
1,Logistic + Interval Features,C0166,2021-09-30,0,0.6771390235312127
1,Logistic + Interval Features,C0166,2021-12-31,0,0.29283563304968957
1,Logistic + Interval Features,C0167,2021-09-30,0,0.4552165937329908
1,Logistic + Interval Features,C0167,2021-12-31,0,0.40843145022298116
1,Logistic + Interval Features,C0168,2021-09-30,0,0.704935234926008
1,Logistic + Interval Features,C0168,2021-12-31,0,0.5899223562061429
1,Logistic + Interval Features,C0169,2021-09-30,1,0.9025409623464175
1,Logistic + Interval Features,C0169,2021-12-31,1,0.7690929142647703
1,Logistic + Interval Features,C0170,2021-09-30,1,0.6756884025710588
1,Logistic + Interval Features,C0170,2021-12-31,0,0.798137177768778
1,Logistic + Interval Features,C0171,2021-09-30,0,0.6542325129037379
1,Logistic + Interval Features,C0171,2021-12-31,0,0.7943398807606348
1,Logistic + Interval Features,C0172,2021-09-30,0,0.43087112315947185
1,Logistic + Interval Features,C0172,2021-12-31,0,0.18339706663663888
1,Logistic + Interval Features,C0173,2021-09-30,0,0.24584744368400926
1,Logistic + Interval Features,C0173,2021-12-31,0,0.10479067507964653
1,Logistic + Interval Features,C0174,2021-09-30,0,0.17710406643900345
1,Logistic + Interval Features,C0174,2021-12-31,0,0.20176092093403045
1,Logistic + Interval Features,C0175,2021-09-30,0,0.5931125830586359
1,Logistic + Interval Features,C0175,2021-12-31,0,0.28439594635880955
1,Logistic + Interval Features,C0176,2021-09-30,0,0.5945678055687775
1,Logistic + Interval Features,C0176,2021-12-31,0,0.6069633335384471
1,Logistic + Interval Features,C0177,2021-09-30,0,0.807744743502951
1,Logistic + Interval Features,C0177,2021-12-31,0,0.599114599509349
1,Logistic + Interval Features,C0178,2021-09-30,0,0.37102564230146595
1,Logistic + Interval Features,C0178,2021-12-31,0,0.4841536786422434
1,Logistic + Interval Features,C0179,2021-09-30,1,0.5631839360084906
1,Logistic + Interval Features,C0179,2021-12-31,1,0.492923308215096
1,Logistic + Interval Features,C0180,2021-09-30,0,0.9247481883839829
1,Logistic + Interval Features,C0180,2021-12-31,0,0.8486969465594998
1,Logistic + Interval Features,C0181,2021-09-30,0,0.2636370168985165
1,Logistic + Interval Features,C0181,2021-12-31,0,0.5088568138256234
1,Logistic + Interval Features,C0182,2021-09-30,0,0.6381926372372807
1,Logistic + Interval Features,C0182,2021-12-31,0,0.5925657627245077
1,Logistic + Interval Features,C0183,2021-09-30,0,0.32741173566390686
1,Logistic + Interval Features,C0183,2021-12-31,0,0.21896594783576936
1,Logistic + Interval Features,C0184,2021-09-30,0,0.8188153143893123
1,Logistic + Interval Features,C0184,2021-12-31,1,0.45264910411416426
1,Logistic + Interval Features,C0185,2021-09-30,0,0.5253835650348732
1,Logistic + Interval Features,C0185,2021-12-31,0,0.6134537197053226
1,Logistic + Interval Features,C0186,2021-09-30,0,0.6034501799199447
1,Logistic + Interval Features,C0186,2021-12-31,0,0.5286934447660293
1,Logistic + Interval Features,C0187,2021-09-30,0,0.5365394801742049
1,Logistic + Interval Features,C0187,2021-12-31,0,0.6842229691778321
1,Logistic + Interval Features,C0188,2021-09-30,1,0.4120552867332307
1,Logistic + Interval Features,C0188,2021-12-31,0,0.4332091804274366
1,Logistic + Interval Features,C0189,2021-09-30,0,0.536725844528609
1,Logistic + Interval Features,C0189,2021-12-31,0,0.3198920021616216
1,Logistic + Interval Features,C0190,2021-09-30,0,0.16437061333180442
1,Logistic + Interval Features,C0190,2021-12-31,0,0.24540741336469685
1,Logistic + Interval Features,C0191,2021-09-30,0,0.17867322198896296
1,Logistic + Interval Features,C0191,2021-12-31,0,0.3035669825303696
1,Logistic + Interval Features,C0192,2021-09-30,0,0.5623404754563137
1,Logistic + Interval Features,C0192,2021-12-31,0,0.48717392615738747
1,Logistic + Interval Features,C0193,2021-09-30,0,0.5131321645272111
1,Logistic + Interval Features,C0193,2021-12-31,0,0.45607577271731964
1,Logistic + Interval Features,C0194,2021-09-30,0,0.5109777956986183
1,Logistic + Interval Features,C0194,2021-12-31,0,0.4834328777604441
1,Logistic + Interval Features,C0195,2021-09-30,0,0.18140136040461247
1,Logistic + Interval Features,C0195,2021-12-31,0,0.2637904458263692
1,Logistic + Interval Features,C0196,2021-09-30,1,0.5293765363601926
1,Logistic + Interval Features,C0196,2021-12-31,0,0.31654566279603324
1,Logistic + Interval Features,C0197,2021-09-30,1,0.5139317192183396
1,Logistic + Interval Features,C0197,2021-12-31,0,0.603976292988252
1,Logistic + Interval Features,C0198,2021-09-30,0,0.4847497100411449
1,Logistic + Interval Features,C0198,2021-12-31,1,0.5727602170443997
1,Logistic + Interval Features,C0199,2021-09-30,0,0.9217147464767377
1,Logistic + Interval Features,C0199,2021-12-31,0,0.8809080033241278
1,Logistic + Interval Features,C0200,2021-09-30,0,0.42025159530432654
1,Logistic + Interval Features,C0200,2021-12-31,0,0.48575738347830444
1,Logistic + Interval Features,C0201,2021-09-30,0,0.16068642939901653
1,Logistic + Interval Features,C0201,2021-12-31,0,0.23044275557106483
1,Logistic + Interval Features,C0202,2021-09-30,0,0.5005769485411039
1,Logistic + Interval Features,C0202,2021-12-31,0,0.5296007408727651
1,Logistic + Interval Features,C0203,2021-09-30,0,0.23767292594708062
1,Logistic + Interval Features,C0203,2021-12-31,0,0.31128181655991793
1,Logistic + Interval Features,C0204,2021-09-30,0,0.6004519186580238
1,Logistic + Interval Features,C0204,2021-12-31,0,0.5055138539379634
1,Logistic + Interval Features,C0205,2021-09-30,1,0.597797931983715
1,Logistic + Interval Features,C0205,2021-12-31,0,0.6480883835560641
1,Logistic + Interval Features,C0206,2021-09-30,0,0.28105957676247534
1,Logistic + Interval Features,C0206,2021-12-31,0,0.205192710964231
1,Logistic + Interval Features,C0207,2021-09-30,1,0.8223976506704619
1,Logistic + Interval Features,C0207,2021-12-31,0,0.8805076701039597
1,Logistic + Interval Features,C0208,2021-09-30,0,0.414230826547411
1,Logistic + Interval Features,C0208,2021-12-31,1,0.46894820416588884
1,Logistic + Interval Features,C0209,2021-09-30,0,0.6291628275037743
1,Logistic + Interval Features,C0209,2021-12-31,0,0.6156213437615978
1,Logistic + Interval Features,C0210,2021-09-30,0,0.3785525555723132
1,Logistic + Interval Features,C0210,2021-12-31,0,0.07510191962578384
1,Logistic + Interval Features,C0211,2021-09-30,0,0.5013759193195196
1,Logistic + Interval Features,C0211,2021-12-31,0,0.259744429654093
1,Logistic + Interval Features,C0212,2021-09-30,0,0.26668584798931794
1,Logistic + Interval Features,C0212,2021-12-31,0,0.3794825216172302
1,Logistic + Interval Features,C0213,2021-09-30,0,0.1375374367832783
1,Logistic + Interval Features,C0213,2021-12-31,0,0.1260243538134253
1,Logistic + Interval Features,C0214,2021-09-30,1,0.2061811328367798
1,Logistic + Interval Features,C0214,2021-12-31,0,0.14761669787899648
1,Logistic + Interval Features,C0215,2021-09-30,0,0.3932150765955168
1,Logistic + Interval Features,C0215,2021-12-31,0,0.6142223359571546
1,Logistic + Interval Features,C0216,2021-09-30,0,0.5576537334961037
1,Logistic + Interval Features,C0216,2021-12-31,0,0.7040876511591291
1,Logistic + Interval Features,C0217,2021-09-30,0,0.6512893467925248
1,Logistic + Interval Features,C0217,2021-12-31,0,0.6225113783395317
1,Logistic + Interval Features,C0218,2021-09-30,1,0.556790384827333
1,Logistic + Interval Features,C0218,2021-12-31,1,0.6015137804174076
1,Logistic + Interval Features,C0219,2021-09-30,0,0.38629786901379853
1,Logistic + Interval Features,C0219,2021-12-31,0,0.2817162865647719
1,Logistic + Interval Features,C0220,2021-09-30,0,0.39458960825186923
1,Logistic + Interval Features,C0220,2021-12-31,0,0.19765007947491886
1,Logistic + Interval Features,C0221,2021-09-30,0,0.7450578203513625
1,Logistic + Interval Features,C0221,2021-12-31,1,0.6631975729447264
1,Logistic + Interval Features,C0222,2021-09-30,0,0.5622194776048371
1,Logistic + Interval Features,C0222,2021-12-31,1,0.6700958096753815
1,Logistic + Interval Features,C0223,2021-09-30,0,0.5158680288132709
1,Logistic + Interval Features,C0223,2021-12-31,0,0.4398590443710567
1,Logistic + Interval Features,C0224,2021-09-30,0,0.5541301451064248
1,Logistic + Interval Features,C0224,2021-12-31,0,0.44410353601224445
1,Logistic + Interval Features,C0225,2021-09-30,0,0.7803410827649878
1,Logistic + Interval Features,C0225,2021-12-31,0,0.8341947259320442
1,Logistic + Interval Features,C0226,2021-09-30,0,0.08988329000343498
1,Logistic + Interval Features,C0226,2021-12-31,0,0.12991619606447227
1,Logistic + Interval Features,C0227,2021-09-30,0,0.04873677824146383
1,Logistic + Interval Features,C0227,2021-12-31,0,0.00777323191028785
1,Logistic + Interval Features,C0228,2021-09-30,0,0.8011994128413952
1,Logistic + Interval Features,C0228,2021-12-31,0,0.6252631719674161
1,Logistic + Interval Features,C0229,2021-09-30,0,0.23645813221258458
1,Logistic + Interval Features,C0229,2021-12-31,0,0.41674522253048474
1,Logistic + Interval Features,C0230,2021-09-30,0,0.15906340034939456
1,Logistic + Interval Features,C0230,2021-12-31,0,0.19674670672019773
1,Logistic + Interval Features,C0231,2021-09-30,0,0.28684422605846327
1,Logistic + Interval Features,C0231,2021-12-31,0,0.33894354285589895
1,Logistic + Interval Features,C0232,2021-09-30,1,0.36635939093123676
1,Logistic + Interval Features,C0232,2021-12-31,0,0.43928369256559424
1,Logistic + Interval Features,C0233,2021-09-30,1,0.305385552126887
1,Logistic + Interval Features,C0233,2021-12-31,0,0.24824766861333009
1,Logistic + Interval Features,C0234,2021-09-30,1,0.46456502421112356
1,Logistic + Interval Features,C0234,2021-12-31,0,0.37194638516287004
1,Logistic + Interval Features,C0235,2021-09-30,1,0.4804734581968293
1,Logistic + Interval Features,C0235,2021-12-31,1,0.4269017000486983
1,Logistic + Interval Features,C0236,2021-09-30,0,0.19135597816819333
1,Logistic + Interval Features,C0236,2021-12-31,0,0.2829141356738968
1,Logistic + Interval Features,C0237,2021-09-30,0,0.5146457932866747
1,Logistic + Interval Features,C0237,2021-12-31,0,0.5702399889441165
1,Logistic + Interval Features,C0238,2021-09-30,0,0.3884741518965824
1,Logistic + Interval Features,C0238,2021-12-31,1,0.4009596513855218
1,Logistic + Interval Features,C0239,2021-09-30,1,0.8011705462052118
1,Logistic + Interval Features,C0239,2021-12-31,0,0.7943759782910023
1,Logistic + Interval Features,C0240,2021-09-30,0,0.543862026053863
1,Logistic + Interval Features,C0240,2021-12-31,1,0.5456381986659097
1,Logistic + Interval Features,C0241,2021-09-30,0,0.5109022965457231
1,Logistic + Interval Features,C0241,2021-12-31,0,0.5910820360086723
1,Logistic + Interval Features,C0242,2021-09-30,0,0.5702579745325139
1,Logistic + Interval Features,C0242,2021-12-31,0,0.5068504177009778
1,Logistic + Interval Features,C0243,2021-09-30,0,0.3245210738452804
1,Logistic + Interval Features,C0243,2021-12-31,0,0.22033221578823192
1,Logistic + Interval Features,C0244,2021-09-30,1,0.7493173108159683
1,Logistic + Interval Features,C0244,2021-12-31,0,0.8089683702896461
1,Logistic + Interval Features,C0245,2021-09-30,0,0.5585412589143425
1,Logistic + Interval Features,C0245,2021-12-31,0,0.5363601570261345
1,Logistic + Interval Features,C0246,2021-09-30,0,0.5132491083344733
1,Logistic + Interval Features,C0246,2021-12-31,0,0.43285116618146424
1,Logistic + Interval Features,C0247,2021-09-30,0,0.4205832154766457
1,Logistic + Interval Features,C0247,2021-12-31,0,0.4586975471118748
1,Logistic + Interval Features,C0248,2021-09-30,0,0.7561407637493608
1,Logistic + Interval Features,C0248,2021-12-31,0,0.7323332107025406
1,Logistic + Interval Features,C0249,2021-09-30,0,0.3044620705717304
1,Logistic + Interval Features,C0249,2021-12-31,0,0.23564090401463877
1,Logistic + Interval Features,C0250,2021-09-30,0,0.40805520632398345
1,Logistic + Interval Features,C0250,2021-12-31,0,0.20989963117993565
1,Logistic + Interval Features,C0251,2021-09-30,0,0.27945884188743136
1,Logistic + Interval Features,C0251,2021-12-31,0,0.29651581731790877
1,Logistic + Interval Features,C0252,2021-09-30,0,0.427752144091247
1,Logistic + Interval Features,C0252,2021-12-31,0,0.380783268600141
1,Logistic + Interval Features,C0253,2021-09-30,0,0.7572631091797948
1,Logistic + Interval Features,C0253,2021-12-31,0,0.7931457335946959
1,Logistic + Interval Features,C0254,2021-09-30,1,0.7126248165480137
1,Logistic + Interval Features,C0254,2021-12-31,0,0.7490944111576106
1,Logistic + Interval Features,C0255,2021-09-30,0,0.5261526228426695
1,Logistic + Interval Features,C0255,2021-12-31,1,0.5922330765622467
1,Logistic + Interval Features,C0256,2021-09-30,0,0.3303530820059742
1,Logistic + Interval Features,C0256,2021-12-31,0,0.28382647561123586
1,Logistic + Interval Features,C0257,2021-09-30,0,0.3680677120228091
1,Logistic + Interval Features,C0257,2021-12-31,1,0.26521210647394566
1,Logistic + Interval Features,C0258,2021-09-30,0,0.5961386358595058
1,Logistic + Interval Features,C0258,2021-12-31,1,0.5598741759017744
1,Logistic + Interval Features,C0259,2021-09-30,0,0.285065912483677
1,Logistic + Interval Features,C0259,2021-12-31,0,0.12989710412851518
1,Logistic + Interval Features,C0260,2021-09-30,0,0.3563237970813361
1,Logistic + Interval Features,C0260,2021-12-31,0,0.6716400472526963
1,Logistic + Interval Features,C0261,2021-09-30,0,0.4829798020316188
1,Logistic + Interval Features,C0261,2021-12-31,0,0.16870710262037683
1,Logistic + Interval Features,C0262,2021-09-30,1,0.4720366111885619
1,Logistic + Interval Features,C0262,2021-12-31,0,0.44259304878778166
1,Logistic + Interval Features,C0263,2021-09-30,0,0.2817112306868035
1,Logistic + Interval Features,C0263,2021-12-31,0,0.42506962221416705
1,Logistic + Interval Features,C0264,2021-09-30,0,0.5186627064035768
1,Logistic + Interval Features,C0264,2021-12-31,0,0.015729922193216735
1,Logistic + Interval Features,C0265,2021-09-30,0,0.6383471098828162
1,Logistic + Interval Features,C0265,2021-12-31,0,0.6144683251774554
1,Logistic + Interval Features,C0266,2021-09-30,0,0.2701651932027849
1,Logistic + Interval Features,C0266,2021-12-31,0,0.23708453182279998
1,Logistic + Interval Features,C0267,2021-09-30,0,0.5006010119666336
1,Logistic + Interval Features,C0267,2021-12-31,0,0.6118384201627732
1,Logistic + Interval Features,C0268,2021-09-30,0,0.32910623681363577
1,Logistic + Interval Features,C0268,2021-12-31,0,0.33666675607861973
1,Logistic + Interval Features,C0269,2021-09-30,0,0.39044688598579474
1,Logistic + Interval Features,C0269,2021-12-31,0,0.2594804990994732
1,Logistic + Interval Features,C0270,2021-09-30,0,0.35117965777144367
1,Logistic + Interval Features,C0270,2021-12-31,0,0.2854695174783967
1,Logistic + Interval Features,C0271,2021-09-30,0,0.6322489247125865
1,Logistic + Interval Features,C0271,2021-12-31,0,0.4904086618635654
1,Logistic + Interval Features,C0272,2021-09-30,0,0.17287564184568063
1,Logistic + Interval Features,C0272,2021-12-31,0,0.3977495772349495
1,Logistic + Interval Features,C0273,2021-09-30,0,0.7311999950894423
1,Logistic + Interval Features,C0273,2021-12-31,1,0.5931380733792708
1,Logistic + Interval Features,C0274,2021-09-30,0,0.3369123371308894
1,Logistic + Interval Features,C0274,2021-12-31,1,0.5424570297749309
1,Logistic + Interval Features,C0275,2021-09-30,0,0.22565091915195906
1,Logistic + Interval Features,C0275,2021-12-31,0,0.12977205787146878
1,Logistic + Interval Features,C0276,2021-09-30,0,0.253417279565218
1,Logistic + Interval Features,C0276,2021-12-31,0,0.48470995527702054
1,Logistic + Interval Features,C0277,2021-09-30,0,0.7912595680079855
1,Logistic + Interval Features,C0277,2021-12-31,0,0.6450800987812949
1,Logistic + Interval Features,C0278,2021-09-30,0,0.38050301772108475
1,Logistic + Interval Features,C0278,2021-12-31,0,0.4282266815574563
1,Logistic + Interval Features,C0279,2021-09-30,0,0.7454591769781785
1,Logistic + Interval Features,C0279,2021-12-31,0,0.7495116637067456
1,Logistic + Interval Features,C0280,2021-09-30,0,0.4949120351152962
1,Logistic + Interval Features,C0280,2021-12-31,0,0.6253731260575139
1,Logistic + Interval Features,C0281,2021-09-30,1,0.9675956560092941
1,Logistic + Interval Features,C0281,2021-12-31,1,0.9494085450513451
1,Logistic + Interval Features,C0282,2021-09-30,0,0.42814097721356525
1,Logistic + Interval Features,C0282,2021-12-31,0,0.49871465118474145
1,Logistic + Interval Features,C0283,2021-09-30,0,0.3143154205398101
1,Logistic + Interval Features,C0283,2021-12-31,1,0.49990713338798765
1,Logistic + Interval Features,C0284,2021-09-30,0,0.330910494114206
1,Logistic + Interval Features,C0284,2021-12-31,0,0.3479741824877371
1,Logistic + Interval Features,C0285,2021-09-30,0,0.5960362749855994
1,Logistic + Interval Features,C0285,2021-12-31,0,0.47397907412239526
1,Logistic + Interval Features,C0286,2021-09-30,0,0.7231061062875794
1,Logistic + Interval Features,C0286,2021-12-31,0,0.7023823405937689
1,Logistic + Interval Features,C0287,2021-09-30,0,0.2979151970090079
1,Logistic + Interval Features,C0287,2021-12-31,0,0.26783059959471306
1,Logistic + Interval Features,C0288,2021-09-30,0,0.49714786968474833
1,Logistic + Interval Features,C0288,2021-12-31,0,0.49730325682944415
1,Logistic + Interval Features,C0289,2021-09-30,1,0.48348195946398026
1,Logistic + Interval Features,C0289,2021-12-31,0,0.8431026770606683
1,Logistic + Interval Features,C0290,2021-09-30,0,0.8723453812849414
1,Logistic + Interval Features,C0290,2021-12-31,0,0.8551341935815931
1,Logistic + Interval Features,C0291,2021-09-30,0,0.011869449484959766
1,Logistic + Interval Features,C0291,2021-12-31,0,0.4228647794024794
1,Logistic + Interval Features,C0292,2021-09-30,0,0.36778898307541813
1,Logistic + Interval Features,C0292,2021-12-31,0,0.3476517447471632
1,Logistic + Interval Features,C0293,2021-09-30,0,0.49822387629236253
1,Logistic + Interval Features,C0293,2021-12-31,0,0.3701250618404554
1,Logistic + Interval Features,C0294,2021-09-30,0,0.5040746433678964
1,Logistic + Interval Features,C0294,2021-12-31,0,0.528901779776904
1,Logistic + Interval Features,C0295,2021-09-30,1,0.5354637703240801
1,Logistic + Interval Features,C0295,2021-12-31,0,0.35496560629906143
1,Logistic + Interval Features,C0296,2021-09-30,0,0.3796272313169715
1,Logistic + Interval Features,C0296,2021-12-31,0,0.6262073569050047
1,Logistic + Interval Features,C0297,2021-09-30,0,0.6535983542474673
1,Logistic + Interval Features,C0297,2021-12-31,0,0.4594404104743968
1,Logistic + Interval Features,C0298,2021-09-30,0,0.5372911516505969
1,Logistic + Interval Features,C0298,2021-12-31,0,0.5439552432491189
1,Logistic + Interval Features,C0299,2021-09-30,0,0.5974237756192005
1,Logistic + Interval Features,C0299,2021-12-31,0,0.5220051977789546
2,Logistic + Interval Features,C0000,2022-03-31,0,0.49676659765862724
2,Logistic + Interval Features,C0000,2022-06-30,1,0.6135963989730145
2,Logistic + Interval Features,C0001,2022-03-31,0,0.880958535373064
2,Logistic + Interval Features,C0001,2022-06-30,1,0.8121082933990823
2,Logistic + Interval Features,C0002,2022-03-31,0,0.22866358642382956
2,Logistic + Interval Features,C0002,2022-06-30,0,0.38191177309154345
2,Logistic + Interval Features,C0003,2022-03-31,0,0.49206428115539697
2,Logistic + Interval Features,C0003,2022-06-30,0,0.39226256377052393
2,Logistic + Interval Features,C0004,2022-03-31,0,0.32066065985175557
2,Logistic + Interval Features,C0004,2022-06-30,0,0.27737023609632333
2,Logistic + Interval Features,C0005,2022-03-31,0,0.24212184885864615
2,Logistic + Interval Features,C0005,2022-06-30,0,0.28138884099118616
2,Logistic + Interval Features,C0006,2022-03-31,0,0.7155611056367454
2,Logistic + Interval Features,C0006,2022-06-30,1,0.5412579900475339
2,Logistic + Interval Features,C0007,2022-03-31,1,0.5753751093774327
2,Logistic + Interval Features,C0007,2022-06-30,0,0.5743353340914074
2,Logistic + Interval Features,C0008,2022-03-31,0,0.25542659421841457
2,Logistic + Interval Features,C0008,2022-06-30,0,0.4662573639775488
2,Logistic + Interval Features,C0009,2022-03-31,0,0.6804222572282057
2,Logistic + Interval Features,C0009,2022-06-30,0,0.49117585166524397
2,Logistic + Interval Features,C0010,2022-03-31,0,0.257859133830847
2,Logistic + Interval Features,C0010,2022-06-30,1,0.37773025304141195
2,Logistic + Interval Features,C0011,2022-03-31,0,0.12248971897974252
2,Logistic + Interval Features,C0011,2022-06-30,0,0.08106410493261655
2,Logistic + Interval Features,C0012,2022-03-31,0,0.15384804122436452
2,Logistic + Interval Features,C0012,2022-06-30,0,0.1910056758873236
2,Logistic + Interval Features,C0013,2022-03-31,0,0.4981650273067138
2,Logistic + Interval Features,C0013,2022-06-30,0,0.6367289160446171
2,Logistic + Interval Features,C0014,2022-03-31,1,0.6213517341396605
2,Logistic + Interval Features,C0014,2022-06-30,0,0.5976355963759488
2,Logistic + Interval Features,C0015,2022-03-31,0,0.23523927420107568
2,Logistic + Interval Features,C0015,2022-06-30,0,0.5382620139900597
2,Logistic + Interval Features,C0016,2022-03-31,0,0.3593859261034684
2,Logistic + Interval Features,C0016,2022-06-30,1,0.23843584025003547
2,Logistic + Interval Features,C0017,2022-03-31,0,0.47668981417808226
2,Logistic + Interval Features,C0017,2022-06-30,0,0.3739032866083276
2,Logistic + Interval Features,C0018,2022-03-31,0,0.635573155275207
2,Logistic + Interval Features,C0018,2022-06-30,1,0.4118423177889449
2,Logistic + Interval Features,C0019,2022-03-31,0,0.673819688036169
2,Logistic + Interval Features,C0019,2022-06-30,1,0.3039810560411595
2,Logistic + Interval Features,C0020,2022-03-31,0,0.41783758679478855
2,Logistic + Interval Features,C0020,2022-06-30,0,0.23369864494021073
2,Logistic + Interval Features,C0021,2022-03-31,0,0.2895039151795831
2,Logistic + Interval Features,C0021,2022-06-30,0,0.42777887577431095
2,Logistic + Interval Features,C0022,2022-03-31,0,0.4952537498715374
2,Logistic + Interval Features,C0022,2022-06-30,0,0.3557275198610937
2,Logistic + Interval Features,C0023,2022-03-31,0,0.3124210077489731
2,Logistic + Interval Features,C0023,2022-06-30,0,0.26367826757427465
2,Logistic + Interval Features,C0024,2022-03-31,0,0.7315004294047985
2,Logistic + Interval Features,C0024,2022-06-30,0,0.6641597379902294
2,Logistic + Interval Features,C0025,2022-03-31,0,0.337660306492291
2,Logistic + Interval Features,C0025,2022-06-30,0,0.28895593000304004
2,Logistic + Interval Features,C0026,2022-03-31,0,0.3415584924466344
2,Logistic + Interval Features,C0026,2022-06-30,0,0.5619545617933035
2,Logistic + Interval Features,C0027,2022-03-31,0,0.530004455085822
2,Logistic + Interval Features,C0027,2022-06-30,0,0.6399317202026403
2,Logistic + Interval Features,C0028,2022-03-31,0,0.4428276523979235
2,Logistic + Interval Features,C0028,2022-06-30,0,0.37282923512902877
2,Logistic + Interval Features,C0029,2022-03-31,0,0.5932844380934523
2,Logistic + Interval Features,C0029,2022-06-30,0,0.5087555879836742
2,Logistic + Interval Features,C0030,2022-03-31,0,0.39779979222599987
2,Logistic + Interval Features,C0030,2022-06-30,0,0.5326161210277017
2,Logistic + Interval Features,C0031,2022-03-31,0,0.3371260016762663
2,Logistic + Interval Features,C0031,2022-06-30,0,0.6286189547766273
2,Logistic + Interval Features,C0032,2022-03-31,1,0.49835135629891514
2,Logistic + Interval Features,C0032,2022-06-30,0,0.6403732973345598
2,Logistic + Interval Features,C0033,2022-03-31,0,0.6500790186795494
2,Logistic + Interval Features,C0033,2022-06-30,1,0.4658559949039302
2,Logistic + Interval Features,C0034,2022-03-31,0,0.37872991984940463
2,Logistic + Interval Features,C0034,2022-06-30,0,0.4357099199893503
2,Logistic + Interval Features,C0035,2022-03-31,0,0.4801613636962609
2,Logistic + Interval Features,C0035,2022-06-30,0,0.4803499754035944
2,Logistic + Interval Features,C0036,2022-03-31,0,0.32481601415034395
2,Logistic + Interval Features,C0036,2022-06-30,0,0.297459920636513
2,Logistic + Interval Features,C0037,2022-03-31,0,0.7707873351516831
2,Logistic + Interval Features,C0037,2022-06-30,0,0.6672115746357796
2,Logistic + Interval Features,C0038,2022-03-31,0,0.3074054173572596
2,Logistic + Interval Features,C0038,2022-06-30,0,0.5098372575363249
2,Logistic + Interval Features,C0039,2022-03-31,0,0.3810426990234472
2,Logistic + Interval Features,C0039,2022-06-30,0,0.5132375714413346
2,Logistic + Interval Features,C0040,2022-03-31,0,0.3208300936923597
2,Logistic + Interval Features,C0040,2022-06-30,0,0.22736946220520704
2,Logistic + Interval Features,C0041,2022-03-31,1,0.7274313838929054
2,Logistic + Interval Features,C0041,2022-06-30,0,0.7291810506469063
2,Logistic + Interval Features,C0042,2022-03-31,0,0.2816161973383177
2,Logistic + Interval Features,C0042,2022-06-30,0,0.17338689759320944
2,Logistic + Interval Features,C0043,2022-03-31,0,0.160970507494148
2,Logistic + Interval Features,C0043,2022-06-30,0,0.1846683771880925
2,Logistic + Interval Features,C0044,2022-03-31,0,0.11051796462915338
2,Logistic + Interval Features,C0044,2022-06-30,0,0.1294045889149958
2,Logistic + Interval Features,C0045,2022-03-31,0,0.33581943294044414
2,Logistic + Interval Features,C0045,2022-06-30,0,0.19498966127245365
2,Logistic + Interval Features,C0046,2022-03-31,0,0.1993787706485365
2,Logistic + Interval Features,C0046,2022-06-30,0,0.17028392528891823
2,Logistic + Interval Features,C0047,2022-03-31,1,0.7972468029616488
2,Logistic + Interval Features,C0047,2022-06-30,0,0.6301249432852482
2,Logistic + Interval Features,C0048,2022-03-31,1,0.6017579239180301
2,Logistic + Interval Features,C0048,2022-06-30,1,0.4279188296527338
2,Logistic + Interval Features,C0049,2022-03-31,0,0.49209183931581024
2,Logistic + Interval Features,C0049,2022-06-30,0,0.2584229203776207
2,Logistic + Interval Features,C0050,2022-03-31,0,0.28645124622030554
2,Logistic + Interval Features,C0050,2022-06-30,0,0.3721598793929271
2,Logistic + Interval Features,C0051,2022-03-31,0,0.3124590788447389
2,Logistic + Interval Features,C0051,2022-06-30,1,0.3238576517641433
2,Logistic + Interval Features,C0052,2022-03-31,0,0.36122736175124803
2,Logistic + Interval Features,C0052,2022-06-30,0,0.4334255153384863
2,Logistic + Interval Features,C0053,2022-03-31,0,0.8779636535657258
2,Logistic + Interval Features,C0053,2022-06-30,0,0.7735778864563934
2,Logistic + Interval Features,C0054,2022-03-31,0,0.19505721922547542
2,Logistic + Interval Features,C0054,2022-06-30,0,0.2853947197628127
2,Logistic + Interval Features,C0055,2022-03-31,0,0.9594583122685351
2,Logistic + Interval Features,C0055,2022-06-30,0,0.9610835349522601
2,Logistic + Interval Features,C0056,2022-03-31,0,0.5769748132555085
2,Logistic + Interval Features,C0056,2022-06-30,1,0.6124098565480433
2,Logistic + Interval Features,C0057,2022-03-31,0,0.9992228249704882
2,Logistic + Interval Features,C0057,2022-06-30,1,0.5362681520731836
2,Logistic + Interval Features,C0058,2022-03-31,1,0.6489790561350115
2,Logistic + Interval Features,C0058,2022-06-30,0,0.6567191048652136
2,Logistic + Interval Features,C0059,2022-03-31,0,0.4693920220222245
2,Logistic + Interval Features,C0059,2022-06-30,1,0.4659190953722697
2,Logistic + Interval Features,C0060,2022-03-31,0,0.32488910952656164
2,Logistic + Interval Features,C0060,2022-06-30,0,0.30620247756903834
2,Logistic + Interval Features,C0061,2022-03-31,0,0.4369296322437524
2,Logistic + Interval Features,C0061,2022-06-30,0,0.5519257668509018
2,Logistic + Interval Features,C0062,2022-03-31,0,0.6684429145811653
2,Logistic + Interval Features,C0062,2022-06-30,1,0.7736756044117727
2,Logistic + Interval Features,C0063,2022-03-31,0,0.6693188938923916
2,Logistic + Interval Features,C0063,2022-06-30,0,0.39628206854703946
2,Logistic + Interval Features,C0064,2022-03-31,0,0.3166335526671437
2,Logistic + Interval Features,C0064,2022-06-30,0,0.4212007634096435
2,Logistic + Interval Features,C0065,2022-03-31,1,0.7754553051206158
2,Logistic + Interval Features,C0065,2022-06-30,1,0.6143904185359165
2,Logistic + Interval Features,C0066,2022-03-31,0,0.34376853697447
2,Logistic + Interval Features,C0066,2022-06-30,0,0.19593310464118896
2,Logistic + Interval Features,C0067,2022-03-31,0,0.14905727576074385
2,Logistic + Interval Features,C0067,2022-06-30,0,0.2168609196970547
2,Logistic + Interval Features,C0068,2022-03-31,0,0.4677425709467692
2,Logistic + Interval Features,C0068,2022-06-30,1,0.46342778965147746
2,Logistic + Interval Features,C0069,2022-03-31,0,0.7800966183777056
2,Logistic + Interval Features,C0069,2022-06-30,0,0.5408671345940635
2,Logistic + Interval Features,C0070,2022-03-31,0,0.3666913186901733
2,Logistic + Interval Features,C0070,2022-06-30,0,0.2658466377542104
2,Logistic + Interval Features,C0071,2022-03-31,0,0.4119634101203608
2,Logistic + Interval Features,C0071,2022-06-30,0,0.48580514736218344
2,Logistic + Interval Features,C0072,2022-03-31,0,0.5969016925896691
2,Logistic + Interval Features,C0072,2022-06-30,0,0.40120853538005086
2,Logistic + Interval Features,C0073,2022-03-31,0,0.20398652189110125
2,Logistic + Interval Features,C0073,2022-06-30,0,0.253700092769179
2,Logistic + Interval Features,C0074,2022-03-31,0,0.4300545779493106
2,Logistic + Interval Features,C0074,2022-06-30,0,0.4260116103165182
2,Logistic + Interval Features,C0075,2022-03-31,0,0.5090053797937607
2,Logistic + Interval Features,C0075,2022-06-30,0,0.4006336219748726
2,Logistic + Interval Features,C0076,2022-03-31,0,0.14124768791915746
2,Logistic + Interval Features,C0076,2022-06-30,0,0.2035398764858085
2,Logistic + Interval Features,C0077,2022-03-31,0,0.49916195024005283
2,Logistic + Interval Features,C0077,2022-06-30,0,0.5978589433804962
2,Logistic + Interval Features,C0078,2022-03-31,0,0.18860941318116983
2,Logistic + Interval Features,C0078,2022-06-30,0,0.24137380724533175
2,Logistic + Interval Features,C0079,2022-03-31,0,0.7841080016218881
2,Logistic + Interval Features,C0079,2022-06-30,0,0.6902308115241852
2,Logistic + Interval Features,C0080,2022-03-31,0,0.5403108362466167
2,Logistic + Interval Features,C0080,2022-06-30,0,0.27341454162592976
2,Logistic + Interval Features,C0081,2022-03-31,0,0.3484744131993072
2,Logistic + Interval Features,C0081,2022-06-30,0,0.3030559705902287
2,Logistic + Interval Features,C0082,2022-03-31,1,0.7745258474422347
2,Logistic + Interval Features,C0082,2022-06-30,0,0.8461457597991149
2,Logistic + Interval Features,C0083,2022-03-31,0,0.5704015850158337
2,Logistic + Interval Features,C0083,2022-06-30,0,0.4165990050011562
2,Logistic + Interval Features,C0084,2022-03-31,0,0.059266880041420215
2,Logistic + Interval Features,C0084,2022-06-30,0,0.044312097755657344
2,Logistic + Interval Features,C0085,2022-03-31,0,0.4633896018823775
2,Logistic + Interval Features,C0085,2022-06-30,0,0.36431360190357287
2,Logistic + Interval Features,C0086,2022-03-31,1,0.2265263922548544
2,Logistic + Interval Features,C0086,2022-06-30,1,0.43688861482079505
2,Logistic + Interval Features,C0087,2022-03-31,0,0.5925835058760972
2,Logistic + Interval Features,C0087,2022-06-30,0,0.3939656302288706
2,Logistic + Interval Features,C0088,2022-03-31,0,0.24133116519020642
2,Logistic + Interval Features,C0088,2022-06-30,0,0.23901516601030812
2,Logistic + Interval Features,C0089,2022-03-31,0,0.5759003116503619
2,Logistic + Interval Features,C0089,2022-06-30,0,0.49040360068511124
2,Logistic + Interval Features,C0090,2022-03-31,1,0.878843697681064
2,Logistic + Interval Features,C0090,2022-06-30,1,0.7900535760870849
2,Logistic + Interval Features,C0091,2022-03-31,0,0.25385233144615826
2,Logistic + Interval Features,C0091,2022-06-30,0,0.2698565129153857
2,Logistic + Interval Features,C0092,2022-03-31,0,0.3154389538581499
2,Logistic + Interval Features,C0092,2022-06-30,0,0.2953605903735861
2,Logistic + Interval Features,C0093,2022-03-31,1,0.20797642273401762
2,Logistic + Interval Features,C0093,2022-06-30,0,0.1735016711236951
2,Logistic + Interval Features,C0094,2022-03-31,0,0.10991654944610631
2,Logistic + Interval Features,C0094,2022-06-30,0,0.10791613325723423
2,Logistic + Interval Features,C0095,2022-03-31,0,0.3100406242274456
2,Logistic + Interval Features,C0095,2022-06-30,0,0.32999355770778915
2,Logistic + Interval Features,C0096,2022-03-31,0,0.3927871331148371
2,Logistic + Interval Features,C0096,2022-06-30,0,0.4111070367229524
2,Logistic + Interval Features,C0097,2022-03-31,0,0.6384968577381628
2,Logistic + Interval Features,C0097,2022-06-30,0,0.5701669624980482
2,Logistic + Interval Features,C0098,2022-03-31,0,0.32432213068497867
2,Logistic + Interval Features,C0098,2022-06-30,0,0.4286343691066576
2,Logistic + Interval Features,C0099,2022-03-31,1,0.461755731866721
2,Logistic + Interval Features,C0099,2022-06-30,0,0.29046622721902715
2,Logistic + Interval Features,C0100,2022-03-31,0,0.4490948816088296
2,Logistic + Interval Features,C0100,2022-06-30,0,0.4461077369935861
2,Logistic + Interval Features,C0101,2022-03-31,0,0.5667948979393952
2,Logistic + Interval Features,C0101,2022-06-30,0,0.4592385306591956
2,Logistic + Interval Features,C0102,2022-03-31,0,0.47601663133474736
2,Logistic + Interval Features,C0102,2022-06-30,0,0.7110036192205855
2,Logistic + Interval Features,C0103,2022-03-31,0,0.08968658534917033
2,Logistic + Interval Features,C0103,2022-06-30,0,0.19775933194381023
2,Logistic + Interval Features,C0104,2022-03-31,0,0.46908642661927796
2,Logistic + Interval Features,C0104,2022-06-30,0,0.011324598579165887
2,Logistic + Interval Features,C0105,2022-03-31,0,0.5241563004024787
2,Logistic + Interval Features,C0105,2022-06-30,1,0.5333737207819501
2,Logistic + Interval Features,C0106,2022-03-31,0,0.6797888064475527
2,Logistic + Interval Features,C0106,2022-06-30,1,0.5941994968355403
2,Logistic + Interval Features,C0107,2022-03-31,0,0.5791721399093697
2,Logistic + Interval Features,C0107,2022-06-30,0,0.3737490478434109
2,Logistic + Interval Features,C0108,2022-03-31,0,0.7951779695639093
2,Logistic + Interval Features,C0108,2022-06-30,0,0.7924854532186963
2,Logistic + Interval Features,C0109,2022-03-31,0,0.5801920369007727
2,Logistic + Interval Features,C0109,2022-06-30,0,0.46767992400803354
2,Logistic + Interval Features,C0110,2022-03-31,0,0.6306212322772163
2,Logistic + Interval Features,C0110,2022-06-30,0,0.4988973517468739
2,Logistic + Interval Features,C0111,2022-03-31,0,0.3512552091901869
2,Logistic + Interval Features,C0111,2022-06-30,0,0.40854832992504864
2,Logistic + Interval Features,C0112,2022-03-31,0,0.3386431968486035
2,Logistic + Interval Features,C0112,2022-06-30,0,0.807377719822655
2,Logistic + Interval Features,C0113,2022-03-31,0,0.35133035818278313
2,Logistic + Interval Features,C0113,2022-06-30,1,0.38344819636355265
2,Logistic + Interval Features,C0114,2022-03-31,0,0.10177569801766562
2,Logistic + Interval Features,C0114,2022-06-30,0,0.002584901004650722
2,Logistic + Interval Features,C0115,2022-03-31,1,0.5270347141127072
2,Logistic + Interval Features,C0115,2022-06-30,0,0.16257921707481682
2,Logistic + Interval Features,C0116,2022-03-31,1,0.2653594924637539
2,Logistic + Interval Features,C0116,2022-06-30,0,0.372404067610419
2,Logistic + Interval Features,C0117,2022-03-31,1,0.5377040569037148
2,Logistic + Interval Features,C0117,2022-06-30,0,0.16937010497997831
2,Logistic + Interval Features,C0118,2022-03-31,1,0.4003892205704655
2,Logistic + Interval Features,C0118,2022-06-30,1,0.49691643611087516
2,Logistic + Interval Features,C0119,2022-03-31,0,0.3253325723187431
2,Logistic + Interval Features,C0119,2022-06-30,0,0.24429999777009362
2,Logistic + Interval Features,C0120,2022-03-31,0,0.2698601740299395
2,Logistic + Interval Features,C0120,2022-06-30,0,0.2853698493052211
2,Logistic + Interval Features,C0121,2022-03-31,0,0.8026822089356932
2,Logistic + Interval Features,C0121,2022-06-30,0,0.6444933878897994
2,Logistic + Interval Features,C0122,2022-03-31,0,0.5149436769330594
2,Logistic + Interval Features,C0122,2022-06-30,1,0.6530434657679349
2,Logistic + Interval Features,C0123,2022-03-31,0,0.339109747546075
2,Logistic + Interval Features,C0123,2022-06-30,1,0.4027434211027886
2,Logistic + Interval Features,C0124,2022-03-31,0,0.6979370670052865
2,Logistic + Interval Features,C0124,2022-06-30,1,0.7594578335871469
2,Logistic + Interval Features,C0125,2022-03-31,0,0.7227032224044614
2,Logistic + Interval Features,C0125,2022-06-30,1,0.3390543367108242
2,Logistic + Interval Features,C0126,2022-03-31,0,0.24587257540353105
2,Logistic + Interval Features,C0126,2022-06-30,0,0.1891282514572939
2,Logistic + Interval Features,C0127,2022-03-31,0,0.1522090681457372
2,Logistic + Interval Features,C0127,2022-06-30,0,0.3925535338249845
2,Logistic + Interval Features,C0128,2022-03-31,0,0.26471906042262067
2,Logistic + Interval Features,C0128,2022-06-30,0,0.3459060821571325
2,Logistic + Interval Features,C0129,2022-03-31,1,0.6304734421669552
2,Logistic + Interval Features,C0129,2022-06-30,0,0.4999530161851826
2,Logistic + Interval Features,C0130,2022-03-31,0,0.4588900051675553
2,Logistic + Interval Features,C0130,2022-06-30,1,0.3684305443665095
2,Logistic + Interval Features,C0131,2022-03-31,0,0.5261595144086384
2,Logistic + Interval Features,C0131,2022-06-30,1,0.4520691080704707
2,Logistic + Interval Features,C0132,2022-03-31,0,0.21095491738813107
2,Logistic + Interval Features,C0132,2022-06-30,0,0.23557807588644525
2,Logistic + Interval Features,C0133,2022-03-31,0,0.3984414356062165
2,Logistic + Interval Features,C0133,2022-06-30,0,0.3394311797180146
2,Logistic + Interval Features,C0134,2022-03-31,1,0.8425748862941586
2,Logistic + Interval Features,C0134,2022-06-30,1,0.8474200038086681
2,Logistic + Interval Features,C0135,2022-03-31,1,0.4327053452210607
2,Logistic + Interval Features,C0135,2022-06-30,0,0.6037289209451048
2,Logistic + Interval Features,C0136,2022-03-31,0,0.7280573031791017
2,Logistic + Interval Features,C0136,2022-06-30,0,0.567320634390086
2,Logistic + Interval Features,C0137,2022-03-31,0,0.2607306246382771
2,Logistic + Interval Features,C0137,2022-06-30,0,0.38731990102214636
2,Logistic + Interval Features,C0138,2022-03-31,0,0.41679216148678294
2,Logistic + Interval Features,C0138,2022-06-30,0,0.4411850713940759
2,Logistic + Interval Features,C0139,2022-03-31,0,0.5403601878341583
2,Logistic + Interval Features,C0139,2022-06-30,0,0.42047945387691466
2,Logistic + Interval Features,C0140,2022-03-31,0,0.3894697468184187
2,Logistic + Interval Features,C0140,2022-06-30,0,0.6114105645258974
2,Logistic + Interval Features,C0141,2022-03-31,0,0.279167024909393
2,Logistic + Interval Features,C0141,2022-06-30,0,0.5021410040278655
2,Logistic + Interval Features,C0142,2022-03-31,0,0.270205406153622
2,Logistic + Interval Features,C0142,2022-06-30,0,0.28085712056763296
2,Logistic + Interval Features,C0143,2022-03-31,0,0.47564915585954837
2,Logistic + Interval Features,C0143,2022-06-30,1,0.656797587822991
2,Logistic + Interval Features,C0144,2022-03-31,0,0.3456870756639931
2,Logistic + Interval Features,C0144,2022-06-30,0,0.17491849279778218
2,Logistic + Interval Features,C0145,2022-03-31,0,0.4506194747161171
2,Logistic + Interval Features,C0145,2022-06-30,1,0.5157093819941305
2,Logistic + Interval Features,C0146,2022-03-31,0,0.17810086409886583
2,Logistic + Interval Features,C0146,2022-06-30,0,0.2253105240229605
2,Logistic + Interval Features,C0147,2022-03-31,0,0.39737490681296966
2,Logistic + Interval Features,C0147,2022-06-30,0,0.4660831409931332
2,Logistic + Interval Features,C0148,2022-03-31,0,0.3374746027653621
2,Logistic + Interval Features,C0148,2022-06-30,0,0.24324877730596697
2,Logistic + Interval Features,C0149,2022-03-31,0,0.2580329446191527
2,Logistic + Interval Features,C0149,2022-06-30,0,0.23497147863779894
2,Logistic + Interval Features,C0150,2022-03-31,1,0.8457507422898508
2,Logistic + Interval Features,C0150,2022-06-30,1,0.8204849210571319
2,Logistic + Interval Features,C0151,2022-03-31,0,0.6225373382863597
2,Logistic + Interval Features,C0151,2022-06-30,0,0.6595738000120088
2,Logistic + Interval Features,C0152,2022-03-31,1,0.40036148069886474
2,Logistic + Interval Features,C0152,2022-06-30,0,0.32230758583009467
2,Logistic + Interval Features,C0153,2022-03-31,1,0.580991044498855
2,Logistic + Interval Features,C0153,2022-06-30,1,0.5108241177595728
2,Logistic + Interval Features,C0154,2022-03-31,0,0.24719719054053813
2,Logistic + Interval Features,C0154,2022-06-30,0,0.17145408825176411
2,Logistic + Interval Features,C0155,2022-03-31,0,0.25097705683690463
2,Logistic + Interval Features,C0155,2022-06-30,0,0.16989926642781078
2,Logistic + Interval Features,C0156,2022-03-31,0,0.6403658610961281
2,Logistic + Interval Features,C0156,2022-06-30,0,0.4609431078918374
2,Logistic + Interval Features,C0157,2022-03-31,0,0.4044199677973406
2,Logistic + Interval Features,C0157,2022-06-30,0,0.5924690679365614
2,Logistic + Interval Features,C0158,2022-03-31,0,0.29020748862827006
2,Logistic + Interval Features,C0158,2022-06-30,1,0.566733170582843
2,Logistic + Interval Features,C0159,2022-03-31,0,0.6729362151102177
2,Logistic + Interval Features,C0159,2022-06-30,0,0.8611193359499355
2,Logistic + Interval Features,C0160,2022-03-31,0,0.2157853495161313
2,Logistic + Interval Features,C0160,2022-06-30,0,0.29451198054349026
2,Logistic + Interval Features,C0161,2022-03-31,0,0.35562570261155235
2,Logistic + Interval Features,C0161,2022-06-30,0,0.41751159413927763
2,Logistic + Interval Features,C0162,2022-03-31,0,0.7407475674202283
2,Logistic + Interval Features,C0162,2022-06-30,0,0.6635397395513579
2,Logistic + Interval Features,C0163,2022-03-31,0,0.4722190783503781
2,Logistic + Interval Features,C0163,2022-06-30,1,0.41721616784654353
2,Logistic + Interval Features,C0164,2022-03-31,0,0.46544136773813716
2,Logistic + Interval Features,C0164,2022-06-30,0,0.5610044469042715
2,Logistic + Interval Features,C0165,2022-03-31,0,0.8228729004708903
2,Logistic + Interval Features,C0165,2022-06-30,1,0.8921688012164711
2,Logistic + Interval Features,C0166,2022-03-31,0,0.7489949702004404
2,Logistic + Interval Features,C0166,2022-06-30,0,0.09578819271943623
2,Logistic + Interval Features,C0167,2022-03-31,0,0.31512878920841414
2,Logistic + Interval Features,C0167,2022-06-30,0,0.44653900737242935
2,Logistic + Interval Features,C0168,2022-03-31,0,0.6430523926519705
2,Logistic + Interval Features,C0168,2022-06-30,0,0.587722780060812
2,Logistic + Interval Features,C0169,2022-03-31,1,0.9005626924240359
2,Logistic + Interval Features,C0169,2022-06-30,1,0.8640369833859944
2,Logistic + Interval Features,C0170,2022-03-31,0,0.10759046581158631
2,Logistic + Interval Features,C0170,2022-06-30,0,0.8383007788785287
2,Logistic + Interval Features,C0171,2022-03-31,0,0.6121933723721382
2,Logistic + Interval Features,C0171,2022-06-30,0,0.04727309804113252
2,Logistic + Interval Features,C0172,2022-03-31,0,0.30100489175031675
2,Logistic + Interval Features,C0172,2022-06-30,0,0.39817707688198023
2,Logistic + Interval Features,C0173,2022-03-31,0,0.20030388708402497
2,Logistic + Interval Features,C0173,2022-06-30,0,0.22160921472884834
2,Logistic + Interval Features,C0174,2022-03-31,0,0.12990884030959637
2,Logistic + Interval Features,C0174,2022-06-30,0,0.2325908244133732
2,Logistic + Interval Features,C0175,2022-03-31,0,0.1665800291953972
2,Logistic + Interval Features,C0175,2022-06-30,0,0.20150688480637433
2,Logistic + Interval Features,C0176,2022-03-31,0,0.49527787402558177
2,Logistic + Interval Features,C0176,2022-06-30,1,0.4761704384495579
2,Logistic + Interval Features,C0177,2022-03-31,1,0.6799088060495266
2,Logistic + Interval Features,C0177,2022-06-30,0,0.7290194236134856
2,Logistic + Interval Features,C0178,2022-03-31,1,0.48044953286689007
2,Logistic + Interval Features,C0178,2022-06-30,0,0.35860378516219016
2,Logistic + Interval Features,C0179,2022-03-31,1,0.5518325717585972
2,Logistic + Interval Features,C0179,2022-06-30,0,0.5796047389879143
2,Logistic + Interval Features,C0180,2022-03-31,0,0.514063538385175
2,Logistic + Interval Features,C0180,2022-06-30,0,0.43740399741811087
2,Logistic + Interval Features,C0181,2022-03-31,0,0.6323205470438957
2,Logistic + Interval Features,C0181,2022-06-30,0,0.3458416698581634
2,Logistic + Interval Features,C0182,2022-03-31,0,0.6421626422347688
2,Logistic + Interval Features,C0182,2022-06-30,0,0.6931236685363474
2,Logistic + Interval Features,C0183,2022-03-31,0,0.22403809396324306
2,Logistic + Interval Features,C0183,2022-06-30,0,0.22704019868196945
2,Logistic + Interval Features,C0184,2022-03-31,0,0.38915763021971433
2,Logistic + Interval Features,C0184,2022-06-30,0,0.5410739617010454
2,Logistic + Interval Features,C0185,2022-03-31,1,0.5428668416372487
2,Logistic + Interval Features,C0185,2022-06-30,0,0.42926921280404096
2,Logistic + Interval Features,C0186,2022-03-31,0,0.6095448895962421
2,Logistic + Interval Features,C0186,2022-06-30,0,0.49552939749635067
2,Logistic + Interval Features,C0187,2022-03-31,0,0.5462763935202902
2,Logistic + Interval Features,C0187,2022-06-30,0,0.4413909854654541
2,Logistic + Interval Features,C0188,2022-03-31,0,0.44119684264395503
2,Logistic + Interval Features,C0188,2022-06-30,0,0.4615194232361231
2,Logistic + Interval Features,C0189,2022-03-31,0,0.28902462441085347
2,Logistic + Interval Features,C0189,2022-06-30,0,0.25693176652120703
2,Logistic + Interval Features,C0190,2022-03-31,0,0.1956515113564084
2,Logistic + Interval Features,C0190,2022-06-30,1,0.3010989392628692
2,Logistic + Interval Features,C0191,2022-03-31,0,0.0185018370101659
2,Logistic + Interval Features,C0191,2022-06-30,0,0.05094992425359795
2,Logistic + Interval Features,C0192,2022-03-31,0,0.2728047464060761
2,Logistic + Interval Features,C0192,2022-06-30,0,0.35884844442809166
2,Logistic + Interval Features,C0193,2022-03-31,0,0.1709969073567461
2,Logistic + Interval Features,C0193,2022-06-30,0,0.36180705128668933
2,Logistic + Interval Features,C0194,2022-03-31,0,0.439905102822253
2,Logistic + Interval Features,C0194,2022-06-30,0,0.37220640374664454
2,Logistic + Interval Features,C0195,2022-03-31,0,0.2912384035301444
2,Logistic + Interval Features,C0195,2022-06-30,0,0.2225185044036472
2,Logistic + Interval Features,C0196,2022-03-31,0,0.30936401407932645
2,Logistic + Interval Features,C0196,2022-06-30,0,0.2247419136320016
2,Logistic + Interval Features,C0197,2022-03-31,0,0.45180345690156676
2,Logistic + Interval Features,C0197,2022-06-30,0,0.37343534534053363
2,Logistic + Interval Features,C0198,2022-03-31,1,0.7496973909361978
2,Logistic + Interval Features,C0198,2022-06-30,0,0.24998192356245688
2,Logistic + Interval Features,C0199,2022-03-31,0,0.8489495729596017
2,Logistic + Interval Features,C0199,2022-06-30,0,0.8381797769045505
2,Logistic + Interval Features,C0200,2022-03-31,0,0.3110474015016144
2,Logistic + Interval Features,C0200,2022-06-30,0,0.31554371338623
2,Logistic + Interval Features,C0201,2022-03-31,0,0.14019779308117206
2,Logistic + Interval Features,C0201,2022-06-30,0,0.24082491273130655
2,Logistic + Interval Features,C0202,2022-03-31,0,0.6647918128241335
2,Logistic + Interval Features,C0202,2022-06-30,0,0.37409641034802815
2,Logistic + Interval Features,C0203,2022-03-31,0,0.3780038667401
2,Logistic + Interval Features,C0203,2022-06-30,0,0.3579610892839622
2,Logistic + Interval Features,C0204,2022-03-31,0,0.4236048174265976
2,Logistic + Interval Features,C0204,2022-06-30,0,0.4047127552114157
2,Logistic + Interval Features,C0205,2022-03-31,0,0.3861064652678096
2,Logistic + Interval Features,C0205,2022-06-30,0,0.415721422209658
2,Logistic + Interval Features,C0206,2022-03-31,0,0.3672087769826665
2,Logistic + Interval Features,C0206,2022-06-30,0,0.37384979585099737
2,Logistic + Interval Features,C0207,2022-03-31,1,0.8099508667388556
2,Logistic + Interval Features,C0207,2022-06-30,1,0.8576516464456944
2,Logistic + Interval Features,C0208,2022-03-31,0,0.4592727037252795
2,Logistic + Interval Features,C0208,2022-06-30,0,0.20619172992631005
2,Logistic + Interval Features,C0209,2022-03-31,0,0.4600262182923281
2,Logistic + Interval Features,C0209,2022-06-30,0,0.5158323948384268
2,Logistic + Interval Features,C0210,2022-03-31,0,0.2643065169528515
2,Logistic + Interval Features,C0210,2022-06-30,1,0.21853611568383957
2,Logistic + Interval Features,C0211,2022-03-31,0,0.2310726245858932
2,Logistic + Interval Features,C0211,2022-06-30,0,0.34672927451018515
2,Logistic + Interval Features,C0212,2022-03-31,0,0.26580033607618525
2,Logistic + Interval Features,C0212,2022-06-30,0,0.41594677390440066
2,Logistic + Interval Features,C0213,2022-03-31,0,0.09918820163741296
2,Logistic + Interval Features,C0213,2022-06-30,0,0.2317664818427158
2,Logistic + Interval Features,C0214,2022-03-31,0,0.10526085696042871
2,Logistic + Interval Features,C0214,2022-06-30,0,0.2739404368763046
2,Logistic + Interval Features,C0215,2022-03-31,0,0.2306908653921219
2,Logistic + Interval Features,C0215,2022-06-30,1,0.31423115298822746
2,Logistic + Interval Features,C0216,2022-03-31,0,0.656512402160132
2,Logistic + Interval Features,C0216,2022-06-30,0,0.403639442568045
2,Logistic + Interval Features,C0217,2022-03-31,0,0.350037854221743
2,Logistic + Interval Features,C0217,2022-06-30,0,0.43281461217501804
2,Logistic + Interval Features,C0218,2022-03-31,0,0.6683952988606554
2,Logistic + Interval Features,C0218,2022-06-30,1,0.5666617625137369
2,Logistic + Interval Features,C0219,2022-03-31,1,0.3314494560670159
2,Logistic + Interval Features,C0219,2022-06-30,0,0.21853684796818432
2,Logistic + Interval Features,C0220,2022-03-31,1,0.39719156881821516
2,Logistic + Interval Features,C0220,2022-06-30,0,0.2810349728131212
2,Logistic + Interval Features,C0221,2022-03-31,1,0.6757222607412772
2,Logistic + Interval Features,C0221,2022-06-30,0,0.6683562677741784
2,Logistic + Interval Features,C0222,2022-03-31,0,0.43382958542045924
2,Logistic + Interval Features,C0222,2022-06-30,0,0.4230673125742759
2,Logistic + Interval Features,C0223,2022-03-31,0,0.5966001980938306
2,Logistic + Interval Features,C0223,2022-06-30,0,0.5107482255486901
2,Logistic + Interval Features,C0224,2022-03-31,0,0.25921595286971083
2,Logistic + Interval Features,C0224,2022-06-30,0,0.21300180609763558
2,Logistic + Interval Features,C0225,2022-03-31,0,0.8040590838164163
2,Logistic + Interval Features,C0225,2022-06-30,0,0.3763471612753023
2,Logistic + Interval Features,C0226,2022-03-31,0,0.2073667141926503
2,Logistic + Interval Features,C0226,2022-06-30,0,0.2305440615516163
2,Logistic + Interval Features,C0227,2022-03-31,0,0.18314930046085048
2,Logistic + Interval Features,C0227,2022-06-30,0,0.2937560812722848
2,Logistic + Interval Features,C0228,2022-03-31,1,0.6184880738046308
2,Logistic + Interval Features,C0228,2022-06-30,0,0.45334166967863343
2,Logistic + Interval Features,C0229,2022-03-31,0,0.35868133426951687
2,Logistic + Interval Features,C0229,2022-06-30,0,0.29383173186873185
2,Logistic + Interval Features,C0230,2022-03-31,0,0.43921149081105315
2,Logistic + Interval Features,C0230,2022-06-30,0,0.33085816177096294
2,Logistic + Interval Features,C0231,2022-03-31,0,0.381913535107339
2,Logistic + Interval Features,C0231,2022-06-30,0,0.4043775329638329
2,Logistic + Interval Features,C0232,2022-03-31,0,0.41596611645368564
2,Logistic + Interval Features,C0232,2022-06-30,0,0.3770845147658596
2,Logistic + Interval Features,C0233,2022-03-31,0,0.3832346538121016
2,Logistic + Interval Features,C0233,2022-06-30,0,0.4519143791683481
2,Logistic + Interval Features,C0234,2022-03-31,0,0.3533857253399997
2,Logistic + Interval Features,C0234,2022-06-30,0,0.27861994927312456
2,Logistic + Interval Features,C0235,2022-03-31,0,0.4039438360650525
2,Logistic + Interval Features,C0235,2022-06-30,0,0.4706906261643587
2,Logistic + Interval Features,C0236,2022-03-31,0,0.3551863529483469
2,Logistic + Interval Features,C0236,2022-06-30,0,0.24550308429546877
2,Logistic + Interval Features,C0237,2022-03-31,0,0.5974769202536268
2,Logistic + Interval Features,C0237,2022-06-30,0,0.564887079365991
2,Logistic + Interval Features,C0238,2022-03-31,0,0.36220863705026596
2,Logistic + Interval Features,C0238,2022-06-30,1,0.7619615803531219
2,Logistic + Interval Features,C0239,2022-03-31,0,0.797202834819753
2,Logistic + Interval Features,C0239,2022-06-30,1,0.5470300734139805
2,Logistic + Interval Features,C0240,2022-03-31,1,0.3569918067556501
2,Logistic + Interval Features,C0240,2022-06-30,0,0.2975523030606711
2,Logistic + Interval Features,C0241,2022-03-31,0,0.46806267808405067
2,Logistic + Interval Features,C0241,2022-06-30,0,0.5761478784823472
2,Logistic + Interval Features,C0242,2022-03-31,0,0.572753457765059
2,Logistic + Interval Features,C0242,2022-06-30,0,0.6009669389458733
2,Logistic + Interval Features,C0243,2022-03-31,0,0.2898634340289003
2,Logistic + Interval Features,C0243,2022-06-30,0,0.4548266160093073
2,Logistic + Interval Features,C0244,2022-03-31,0,0.8654763795470363
2,Logistic + Interval Features,C0244,2022-06-30,1,0.9197005479142755
2,Logistic + Interval Features,C0245,2022-03-31,0,0.500493699311337
2,Logistic + Interval Features,C0245,2022-06-30,0,0.4067598424135001
2,Logistic + Interval Features,C0246,2022-03-31,0,0.3636724335864387
2,Logistic + Interval Features,C0246,2022-06-30,0,0.41724076871552995
2,Logistic + Interval Features,C0247,2022-03-31,0,0.3251900729502805
2,Logistic + Interval Features,C0247,2022-06-30,0,0.28778469344426894
2,Logistic + Interval Features,C0248,2022-03-31,1,0.745141087768695
2,Logistic + Interval Features,C0248,2022-06-30,0,0.7157610070540411
2,Logistic + Interval Features,C0249,2022-03-31,0,0.12762481899093078
2,Logistic + Interval Features,C0249,2022-06-30,0,0.12127689382200556
2,Logistic + Interval Features,C0250,2022-03-31,0,0.2641010260712372
2,Logistic + Interval Features,C0250,2022-06-30,0,0.369994925361877
2,Logistic + Interval Features,C0251,2022-03-31,0,0.14119560568294134
2,Logistic + Interval Features,C0251,2022-06-30,0,0.15462174178092228
2,Logistic + Interval Features,C0252,2022-03-31,0,0.4311165122395372
2,Logistic + Interval Features,C0252,2022-06-30,0,0.42672827855807177
2,Logistic + Interval Features,C0253,2022-03-31,0,0.7330174592400562
2,Logistic + Interval Features,C0253,2022-06-30,0,0.22477045077479008
2,Logistic + Interval Features,C0254,2022-03-31,1,0.7867442706784549
2,Logistic + Interval Features,C0254,2022-06-30,1,0.39814445617604033
2,Logistic + Interval Features,C0255,2022-03-31,0,0.5386040995980577
2,Logistic + Interval Features,C0255,2022-06-30,0,0.44774750243810335
2,Logistic + Interval Features,C0256,2022-03-31,0,0.3717981618729415
2,Logistic + Interval Features,C0256,2022-06-30,0,0.3326553496415802
2,Logistic + Interval Features,C0257,2022-03-31,0,0.2283813036877494
2,Logistic + Interval Features,C0257,2022-06-30,0,0.4666771065396148
2,Logistic + Interval Features,C0258,2022-03-31,0,0.47373459467737933
2,Logistic + Interval Features,C0258,2022-06-30,1,0.7113260595075604
2,Logistic + Interval Features,C0259,2022-03-31,0,0.17975552316716992
2,Logistic + Interval Features,C0259,2022-06-30,0,0.0735762325001738
2,Logistic + Interval Features,C0260,2022-03-31,0,0.37692263716641483
2,Logistic + Interval Features,C0260,2022-06-30,0,0.4237251570675604
2,Logistic + Interval Features,C0261,2022-03-31,1,0.23278666336664988
2,Logistic + Interval Features,C0261,2022-06-30,0,0.14408076180158616
2,Logistic + Interval Features,C0262,2022-03-31,1,0.5315863608066642
2,Logistic + Interval Features,C0262,2022-06-30,0,0.5041985526048751
2,Logistic + Interval Features,C0263,2022-03-31,0,0.3869302176721392
2,Logistic + Interval Features,C0263,2022-06-30,0,0.3165074062781591
2,Logistic + Interval Features,C0264,2022-03-31,0,0.2947023140463284
2,Logistic + Interval Features,C0264,2022-06-30,0,0.2744449846589743
2,Logistic + Interval Features,C0265,2022-03-31,0,0.7700662948773269
2,Logistic + Interval Features,C0265,2022-06-30,0,0.7616997828808636
2,Logistic + Interval Features,C0266,2022-03-31,0,0.23234901895485802
2,Logistic + Interval Features,C0266,2022-06-30,1,0.17866959104434932
2,Logistic + Interval Features,C0267,2022-03-31,1,0.8123388625340474
2,Logistic + Interval Features,C0267,2022-06-30,0,0.5941460836622069
2,Logistic + Interval Features,C0268,2022-03-31,0,0.29275111646762036
2,Logistic + Interval Features,C0268,2022-06-30,0,0.15054300822191627
2,Logistic + Interval Features,C0269,2022-03-31,0,0.36192754304679425
2,Logistic + Interval Features,C0269,2022-06-30,1,0.25054480670044976
2,Logistic + Interval Features,C0270,2022-03-31,0,0.08740240715811858
2,Logistic + Interval Features,C0270,2022-06-30,0,0.09807647061336922
2,Logistic + Interval Features,C0271,2022-03-31,0,0.41385952865382164
2,Logistic + Interval Features,C0271,2022-06-30,0,0.5578131164172461
2,Logistic + Interval Features,C0272,2022-03-31,0,0.2874771352635618
2,Logistic + Interval Features,C0272,2022-06-30,0,0.22142294440815016
2,Logistic + Interval Features,C0273,2022-03-31,0,0.6194369066179936
2,Logistic + Interval Features,C0273,2022-06-30,1,0.7351521555938066
2,Logistic + Interval Features,C0274,2022-03-31,0,0.6335662327732027
2,Logistic + Interval Features,C0274,2022-06-30,0,0.5093916019037364
2,Logistic + Interval Features,C0275,2022-03-31,0,0.16251290490555084
2,Logistic + Interval Features,C0275,2022-06-30,0,0.26882265495744956
2,Logistic + Interval Features,C0276,2022-03-31,1,0.42516408305935804
2,Logistic + Interval Features,C0276,2022-06-30,0,0.8727947805371178
2,Logistic + Interval Features,C0277,2022-03-31,1,0.6909697683342971
2,Logistic + Interval Features,C0277,2022-06-30,0,0.5468930581999328
2,Logistic + Interval Features,C0278,2022-03-31,0,0.5641006949735923
2,Logistic + Interval Features,C0278,2022-06-30,0,0.6302538690371913
2,Logistic + Interval Features,C0279,2022-03-31,0,0.5223804305343481
2,Logistic + Interval Features,C0279,2022-06-30,0,0.6711022737575567
2,Logistic + Interval Features,C0280,2022-03-31,1,0.42745746672301593
2,Logistic + Interval Features,C0280,2022-06-30,1,0.6811840898636969
2,Logistic + Interval Features,C0281,2022-03-31,1,0.9732842331071982
2,Logistic + Interval Features,C0281,2022-06-30,1,0.9655151099510786
2,Logistic + Interval Features,C0282,2022-03-31,0,0.3511567194559669
2,Logistic + Interval Features,C0282,2022-06-30,0,0.2689138632228806
2,Logistic + Interval Features,C0283,2022-03-31,0,0.49376721910917504
2,Logistic + Interval Features,C0283,2022-06-30,0,0.35235859860017
2,Logistic + Interval Features,C0284,2022-03-31,0,0.4950992345178319
2,Logistic + Interval Features,C0284,2022-06-30,0,0.372326620186906
2,Logistic + Interval Features,C0285,2022-03-31,1,0.6864728366033711
2,Logistic + Interval Features,C0285,2022-06-30,0,0.5049673505726637
2,Logistic + Interval Features,C0286,2022-03-31,0,0.4880465636876499
2,Logistic + Interval Features,C0286,2022-06-30,0,0.715100027766169
2,Logistic + Interval Features,C0287,2022-03-31,0,0.16164936171861977
2,Logistic + Interval Features,C0287,2022-06-30,0,0.26535296117762047
2,Logistic + Interval Features,C0288,2022-03-31,0,0.39904691936966746
2,Logistic + Interval Features,C0288,2022-06-30,0,0.4149294915508511
2,Logistic + Interval Features,C0289,2022-03-31,0,0.028491680582244994
2,Logistic + Interval Features,C0289,2022-06-30,0,0.04336268175073107
2,Logistic + Interval Features,C0290,2022-03-31,0,0.8520488228222064
2,Logistic + Interval Features,C0290,2022-06-30,1,0.9717382395239195
2,Logistic + Interval Features,C0291,2022-03-31,0,0.41453932972202423
2,Logistic + Interval Features,C0291,2022-06-30,0,0.2816167424592082
2,Logistic + Interval Features,C0292,2022-03-31,0,0.3486193572935315
2,Logistic + Interval Features,C0292,2022-06-30,0,0.40237495520343486
2,Logistic + Interval Features,C0293,2022-03-31,0,0.28882096886788544
2,Logistic + Interval Features,C0293,2022-06-30,0,0.1843192646353572
2,Logistic + Interval Features,C0294,2022-03-31,1,0.48715590563920663
2,Logistic + Interval Features,C0294,2022-06-30,0,0.4607293205084179
2,Logistic + Interval Features,C0295,2022-03-31,1,0.47396905341183365
2,Logistic + Interval Features,C0295,2022-06-30,0,0.5434005169520703
2,Logistic + Interval Features,C0296,2022-03-31,0,0.35311147608899773
2,Logistic + Interval Features,C0296,2022-06-30,0,0.4452410888387343
2,Logistic + Interval Features,C0297,2022-03-31,1,0.5204298264961753
2,Logistic + Interval Features,C0297,2022-06-30,0,0.6488578825506973
2,Logistic + Interval Features,C0298,2022-03-31,0,0.4388436195626432
2,Logistic + Interval Features,C0298,2022-06-30,0,0.4842037346414528
2,Logistic + Interval Features,C0299,2022-03-31,0,0.32764529122000335
2,Logistic + Interval Features,C0299,2022-06-30,1,0.3870314458489435
3,Logistic + Interval Features,C0000,2022-09-30,0,0.6310780609642704
3,Logistic + Interval Features,C0000,2022-12-31,0,0.6863191423956917
3,Logistic + Interval Features,C0001,2022-09-30,0,0.7409407848598799
3,Logistic + Interval Features,C0001,2022-12-31,0,0.7796515207684013
3,Logistic + Interval Features,C0002,2022-09-30,0,0.39332977199264474
3,Logistic + Interval Features,C0002,2022-12-31,0,0.5196881264535992
3,Logistic + Interval Features,C0003,2022-09-30,0,0.4339340488019051
3,Logistic + Interval Features,C0003,2022-12-31,1,0.4350272050445344
3,Logistic + Interval Features,C0004,2022-09-30,0,0.32312309748011236
3,Logistic + Interval Features,C0004,2022-12-31,0,0.263567365212996
3,Logistic + Interval Features,C0005,2022-09-30,0,0.260139663115015
3,Logistic + Interval Features,C0005,2022-12-31,0,0.19106985718694178
3,Logistic + Interval Features,C0006,2022-09-30,0,0.5614485114674224
3,Logistic + Interval Features,C0006,2022-12-31,0,0.6353788196846524
3,Logistic + Interval Features,C0007,2022-09-30,0,0.5154082973600886
3,Logistic + Interval Features,C0007,2022-12-31,1,0.5107125677309051
3,Logistic + Interval Features,C0008,2022-09-30,0,0.36232164206593037
3,Logistic + Interval Features,C0008,2022-12-31,0,0.3489618319864332
3,Logistic + Interval Features,C0009,2022-09-30,0,0.46312273909448226
3,Logistic + Interval Features,C0009,2022-12-31,0,0.3686152650150171
3,Logistic + Interval Features,C0010,2022-09-30,0,0.34613618515646005
3,Logistic + Interval Features,C0010,2022-12-31,1,0.3940636088846516
3,Logistic + Interval Features,C0011,2022-09-30,0,0.07955700967247159
3,Logistic + Interval Features,C0011,2022-12-31,0,0.08066237336180378
3,Logistic + Interval Features,C0012,2022-09-30,1,0.12557313286293095
3,Logistic + Interval Features,C0012,2022-12-31,0,0.21337774940535256
3,Logistic + Interval Features,C0013,2022-09-30,1,0.6643458355851947
3,Logistic + Interval Features,C0013,2022-12-31,0,0.47263974173136103
3,Logistic + Interval Features,C0014,2022-09-30,1,0.6339340073381597
3,Logistic + Interval Features,C0014,2022-12-31,0,0.4766034592083302
3,Logistic + Interval Features,C0015,2022-09-30,0,0.40622254383181416
3,Logistic + Interval Features,C0015,2022-12-31,0,0.36333069130444673
3,Logistic + Interval Features,C0016,2022-09-30,0,0.7036903868342893
3,Logistic + Interval Features,C0016,2022-12-31,0,0.7442164191614071
3,Logistic + Interval Features,C0017,2022-09-30,1,0.29431903277837507
3,Logistic + Interval Features,C0017,2022-12-31,0,0.24226945021934437
3,Logistic + Interval Features,C0018,2022-09-30,0,0.5331461304828962
3,Logistic + Interval Features,C0018,2022-12-31,0,0.4052071110360423
3,Logistic + Interval Features,C0019,2022-09-30,0,0.5590642269507928
3,Logistic + Interval Features,C0019,2022-12-31,0,0.18131478993216515
3,Logistic + Interval Features,C0020,2022-09-30,0,0.31681536573756897
3,Logistic + Interval Features,C0020,2022-12-31,0,0.21539217266065158
3,Logistic + Interval Features,C0021,2022-09-30,0,0.47009648187057845
3,Logistic + Interval Features,C0021,2022-12-31,0,0.2852114572206655
3,Logistic + Interval Features,C0022,2022-09-30,0,0.2864176924848059
3,Logistic + Interval Features,C0022,2022-12-31,0,0.5153736905092068
3,Logistic + Interval Features,C0023,2022-09-30,0,0.30051118039251695
3,Logistic + Interval Features,C0023,2022-12-31,1,0.3264840203579913
3,Logistic + Interval Features,C0024,2022-09-30,1,0.7063336488761933
3,Logistic + Interval Features,C0024,2022-12-31,1,0.6856770439885765
3,Logistic + Interval Features,C0025,2022-09-30,0,0.32315540956661043
3,Logistic + Interval Features,C0025,2022-12-31,0,0.33755055573905945
3,Logistic + Interval Features,C0026,2022-09-30,0,0.43167929971733976
3,Logistic + Interval Features,C0026,2022-12-31,0,0.23363650636531968
3,Logistic + Interval Features,C0027,2022-09-30,0,0.6960454359609259
3,Logistic + Interval Features,C0027,2022-12-31,0,0.6483710561043168
3,Logistic + Interval Features,C0028,2022-09-30,0,0.3007742354100946
3,Logistic + Interval Features,C0028,2022-12-31,0,0.3665407027849141
3,Logistic + Interval Features,C0029,2022-09-30,1,0.7089407165417277
3,Logistic + Interval Features,C0029,2022-12-31,0,0.6344946645783761
3,Logistic + Interval Features,C0030,2022-09-30,0,0.6100666456098934
3,Logistic + Interval Features,C0030,2022-12-31,1,0.5834618864800862
3,Logistic + Interval Features,C0031,2022-09-30,0,0.6056931603325155
3,Logistic + Interval Features,C0031,2022-12-31,0,0.7235642103965371
3,Logistic + Interval Features,C0032,2022-09-30,1,0.589514671769165
3,Logistic + Interval Features,C0032,2022-12-31,0,0.6389576204817713
3,Logistic + Interval Features,C0033,2022-09-30,0,0.5409609907386563
3,Logistic + Interval Features,C0033,2022-12-31,0,0.5212811983733739
3,Logistic + Interval Features,C0034,2022-09-30,1,0.47268261804464984
3,Logistic + Interval Features,C0034,2022-12-31,0,0.49744413825777584
3,Logistic + Interval Features,C0035,2022-09-30,0,0.26890775882515594
3,Logistic + Interval Features,C0035,2022-12-31,0,0.27354898097467395
3,Logistic + Interval Features,C0036,2022-09-30,0,0.26503745155756453
3,Logistic + Interval Features,C0036,2022-12-31,0,0.26086365537312
3,Logistic + Interval Features,C0037,2022-09-30,0,0.75422278048967
3,Logistic + Interval Features,C0037,2022-12-31,0,0.7342629726389643
3,Logistic + Interval Features,C0038,2022-09-30,0,0.461604413280165
3,Logistic + Interval Features,C0038,2022-12-31,0,0.4795577693355876
3,Logistic + Interval Features,C0039,2022-09-30,0,0.2749061922197307
3,Logistic + Interval Features,C0039,2022-12-31,0,0.1573028179466939
3,Logistic + Interval Features,C0040,2022-09-30,0,0.27379401402620657
3,Logistic + Interval Features,C0040,2022-12-31,0,0.4575412689556025
3,Logistic + Interval Features,C0041,2022-09-30,0,0.8646119935754842
3,Logistic + Interval Features,C0041,2022-12-31,0,0.7959475466486292
3,Logistic + Interval Features,C0042,2022-09-30,0,0.18542910399717963
3,Logistic + Interval Features,C0042,2022-12-31,0,0.1999711799958724
3,Logistic + Interval Features,C0043,2022-09-30,0,0.2405638940652004
3,Logistic + Interval Features,C0043,2022-12-31,0,0.21463504916880888
3,Logistic + Interval Features,C0044,2022-09-30,0,0.28301764323183776
3,Logistic + Interval Features,C0044,2022-12-31,0,0.18307685353302824
3,Logistic + Interval Features,C0045,2022-09-30,0,0.19896136269173764
3,Logistic + Interval Features,C0045,2022-12-31,1,0.30817198363761517
3,Logistic + Interval Features,C0046,2022-09-30,0,0.14794675919683836
3,Logistic + Interval Features,C0046,2022-12-31,0,0.16492882948787832
3,Logistic + Interval Features,C0047,2022-09-30,1,0.9478161796464193
3,Logistic + Interval Features,C0047,2022-12-31,0,0.5313047334001448
3,Logistic + Interval Features,C0048,2022-09-30,1,0.7995000476748555
3,Logistic + Interval Features,C0048,2022-12-31,0,0.32252097050843354
3,Logistic + Interval Features,C0049,2022-09-30,0,0.22335872575301596
3,Logistic + Interval Features,C0049,2022-12-31,0,0.22034140493880028
3,Logistic + Interval Features,C0050,2022-09-30,0,0.31206048962064176
3,Logistic + Interval Features,C0050,2022-12-31,0,0.2711966202310944
3,Logistic + Interval Features,C0051,2022-09-30,0,0.4147485839768589
3,Logistic + Interval Features,C0051,2022-12-31,0,0.2515314672479138
3,Logistic + Interval Features,C0052,2022-09-30,0,0.39746461333107874
3,Logistic + Interval Features,C0052,2022-12-31,0,0.34170359614289025
3,Logistic + Interval Features,C0053,2022-09-30,1,0.7699322414123236
3,Logistic + Interval Features,C0053,2022-12-31,0,0.7652285364335436
3,Logistic + Interval Features,C0054,2022-09-30,0,0.5112900311965042
3,Logistic + Interval Features,C0054,2022-12-31,0,0.4352067528451158
3,Logistic + Interval Features,C0055,2022-09-30,0,0.9358169816463345
3,Logistic + Interval Features,C0055,2022-12-31,0,0.7270161420083645
3,Logistic + Interval Features,C0056,2022-09-30,0,0.6991195085386893
3,Logistic + Interval Features,C0056,2022-12-31,0,0.663882279047176
3,Logistic + Interval Features,C0057,2022-09-30,0,0.3008719984375856
3,Logistic + Interval Features,C0057,2022-12-31,0,0.43137124039536257
3,Logistic + Interval Features,C0058,2022-09-30,0,0.09829812690394563
3,Logistic + Interval Features,C0058,2022-12-31,1,0.7378900616114975
3,Logistic + Interval Features,C0059,2022-09-30,1,0.545028492364378
3,Logistic + Interval Features,C0059,2022-12-31,0,0.48366522498663084
3,Logistic + Interval Features,C0060,2022-09-30,0,0.49693948272121374
3,Logistic + Interval Features,C0060,2022-12-31,0,0.4320883130373143
3,Logistic + Interval Features,C0061,2022-09-30,0,0.5450136247496605
3,Logistic + Interval Features,C0061,2022-12-31,0,0.43687548613174326
3,Logistic + Interval Features,C0062,2022-09-30,0,0.7492454475176097
3,Logistic + Interval Features,C0062,2022-12-31,0,0.43856766350325704
3,Logistic + Interval Features,C0063,2022-09-30,0,0.5202012140904385
3,Logistic + Interval Features,C0063,2022-12-31,0,0.5684105446724219
3,Logistic + Interval Features,C0064,2022-09-30,0,0.46602049590910194
3,Logistic + Interval Features,C0064,2022-12-31,0,0.45888742810995564
3,Logistic + Interval Features,C0065,2022-09-30,0,0.5817498945883651
3,Logistic + Interval Features,C0065,2022-12-31,0,0.5713383680995215
3,Logistic + Interval Features,C0066,2022-09-30,0,0.36278552600445324
3,Logistic + Interval Features,C0066,2022-12-31,0,0.46560629695706734
3,Logistic + Interval Features,C0067,2022-09-30,0,0.40999766178129116
3,Logistic + Interval Features,C0067,2022-12-31,0,0.23070864395445845
3,Logistic + Interval Features,C0068,2022-09-30,0,0.41768082644981736
3,Logistic + Interval Features,C0068,2022-12-31,0,0.40105070223826955
3,Logistic + Interval Features,C0069,2022-09-30,1,0.5929447387402186
3,Logistic + Interval Features,C0069,2022-12-31,0,0.7793446750114716
3,Logistic + Interval Features,C0070,2022-09-30,0,0.29853396521030284
3,Logistic + Interval Features,C0070,2022-12-31,0,0.3165993802881965
3,Logistic + Interval Features,C0071,2022-09-30,0,0.42248837722128707
3,Logistic + Interval Features,C0071,2022-12-31,0,0.3701572055994481
3,Logistic + Interval Features,C0072,2022-09-30,0,0.3445101186033287
3,Logistic + Interval Features,C0072,2022-12-31,0,0.5361825933006363
3,Logistic + Interval Features,C0073,2022-09-30,0,0.2404418625334313
3,Logistic + Interval Features,C0073,2022-12-31,0,0.22299222153802842
3,Logistic + Interval Features,C0074,2022-09-30,0,0.39338998026318467
3,Logistic + Interval Features,C0074,2022-12-31,0,0.21674080516665392
3,Logistic + Interval Features,C0075,2022-09-30,0,0.5941479831012086
3,Logistic + Interval Features,C0075,2022-12-31,0,0.5804316202576464
3,Logistic + Interval Features,C0076,2022-09-30,0,0.30258386674706444
3,Logistic + Interval Features,C0076,2022-12-31,0,0.2027989708074745
3,Logistic + Interval Features,C0077,2022-09-30,0,0.45967249097841106
3,Logistic + Interval Features,C0077,2022-12-31,0,0.3328932526726524
3,Logistic + Interval Features,C0078,2022-09-30,0,0.2125743755073434
3,Logistic + Interval Features,C0078,2022-12-31,0,0.24260332557976774
3,Logistic + Interval Features,C0079,2022-09-30,0,0.744695371165173
3,Logistic + Interval Features,C0079,2022-12-31,0,0.7317985966822619
3,Logistic + Interval Features,C0080,2022-09-30,0,0.4210481265877323
3,Logistic + Interval Features,C0080,2022-12-31,0,0.49580010823214643
3,Logistic + Interval Features,C0081,2022-09-30,0,0.40329280660313976
3,Logistic + Interval Features,C0081,2022-12-31,0,0.2468880820980337
3,Logistic + Interval Features,C0082,2022-09-30,0,0.7774934652928793
3,Logistic + Interval Features,C0082,2022-12-31,1,0.8052237026483179
3,Logistic + Interval Features,C0083,2022-09-30,0,0.4159074918184538
3,Logistic + Interval Features,C0083,2022-12-31,1,0.3558416658411634
3,Logistic + Interval Features,C0084,2022-09-30,0,0.04946422924704559
3,Logistic + Interval Features,C0084,2022-12-31,0,0.03541167055921661
3,Logistic + Interval Features,C0085,2022-09-30,0,0.328733122953181
3,Logistic + Interval Features,C0085,2022-12-31,0,0.26720611751253637
3,Logistic + Interval Features,C0086,2022-09-30,0,0.3377008569040937
3,Logistic + Interval Features,C0086,2022-12-31,0,0.45518103427673057
3,Logistic + Interval Features,C0087,2022-09-30,0,0.4635549971848302
3,Logistic + Interval Features,C0087,2022-12-31,0,0.37741859217017854
3,Logistic + Interval Features,C0088,2022-09-30,0,0.19693573790357524
3,Logistic + Interval Features,C0088,2022-12-31,0,0.12554789600153393
3,Logistic + Interval Features,C0089,2022-09-30,0,0.4476988226860314
3,Logistic + Interval Features,C0089,2022-12-31,0,0.3485234341981262
3,Logistic + Interval Features,C0090,2022-09-30,1,0.8459263640796347
3,Logistic + Interval Features,C0090,2022-12-31,1,0.8106189228046964
3,Logistic + Interval Features,C0091,2022-09-30,0,0.36016883245108317
3,Logistic + Interval Features,C0091,2022-12-31,0,0.41382183159840946
3,Logistic + Interval Features,C0092,2022-09-30,1,0.33880285182987485
3,Logistic + Interval Features,C0092,2022-12-31,1,0.3906655903989348
3,Logistic + Interval Features,C0093,2022-09-30,0,0.12601770525784475
3,Logistic + Interval Features,C0093,2022-12-31,0,0.20974338539864965
3,Logistic + Interval Features,C0094,2022-09-30,0,0.11745430087204287
3,Logistic + Interval Features,C0094,2022-12-31,0,0.10231194328986562
3,Logistic + Interval Features,C0095,2022-09-30,0,0.3288939621105345
3,Logistic + Interval Features,C0095,2022-12-31,0,0.12608606779949347
3,Logistic + Interval Features,C0096,2022-09-30,0,0.5292283620503843
3,Logistic + Interval Features,C0096,2022-12-31,0,0.38755281206322584
3,Logistic + Interval Features,C0097,2022-09-30,0,0.4637380686051767
3,Logistic + Interval Features,C0097,2022-12-31,0,0.3458465191088796
3,Logistic + Interval Features,C0098,2022-09-30,0,0.263389413969641
3,Logistic + Interval Features,C0098,2022-12-31,0,0.20581353717827933
3,Logistic + Interval Features,C0099,2022-09-30,0,0.2980837359659633
3,Logistic + Interval Features,C0099,2022-12-31,0,0.34095395370762227
3,Logistic + Interval Features,C0100,2022-09-30,0,0.46601622577430024
3,Logistic + Interval Features,C0100,2022-12-31,0,0.22683379704935797
3,Logistic + Interval Features,C0101,2022-09-30,0,0.4899761000167014
3,Logistic + Interval Features,C0101,2022-12-31,0,0.4083470143637033
3,Logistic + Interval Features,C0102,2022-09-30,0,0.46981606395548586
3,Logistic + Interval Features,C0102,2022-12-31,1,0.5916388869596232
3,Logistic + Interval Features,C0103,2022-09-30,1,0.27100495494509086
3,Logistic + Interval Features,C0103,2022-12-31,0,0.18709666894230656
3,Logistic + Interval Features,C0104,2022-09-30,0,0.5429930498466523
3,Logistic + Interval Features,C0104,2022-12-31,1,0.4389041722966783
3,Logistic + Interval Features,C0105,2022-09-30,0,0.503710651210709
3,Logistic + Interval Features,C0105,2022-12-31,0,0.4012276470789615
3,Logistic + Interval Features,C0106,2022-09-30,0,0.6382289667375964
3,Logistic + Interval Features,C0106,2022-12-31,0,0.6405908635154771
3,Logistic + Interval Features,C0107,2022-09-30,0,0.4508399442686692
3,Logistic + Interval Features,C0107,2022-12-31,0,0.310333040755997
3,Logistic + Interval Features,C0108,2022-09-30,1,0.7028531790776603
3,Logistic + Interval Features,C0108,2022-12-31,1,0.6655554691947501
3,Logistic + Interval Features,C0109,2022-09-30,0,0.41754948037067574
3,Logistic + Interval Features,C0109,2022-12-31,1,0.49279893298068705
3,Logistic + Interval Features,C0110,2022-09-30,0,0.49669480160540275
3,Logistic + Interval Features,C0110,2022-12-31,0,0.5986956749819419
3,Logistic + Interval Features,C0111,2022-09-30,0,0.34027411522365997
3,Logistic + Interval Features,C0111,2022-12-31,0,0.2269611047858183
3,Logistic + Interval Features,C0112,2022-09-30,0,0.9999957712296588
3,Logistic + Interval Features,C0112,2022-12-31,0,0.9998976316779337
3,Logistic + Interval Features,C0113,2022-09-30,1,0.4405219887267362
3,Logistic + Interval Features,C0113,2022-12-31,0,0.37287069884085683
3,Logistic + Interval Features,C0114,2022-09-30,0,0.5739687754284281
3,Logistic + Interval Features,C0114,2022-12-31,1,0.6567161281686816
3,Logistic + Interval Features,C0115,2022-09-30,0,0.4628958060723184
3,Logistic + Interval Features,C0115,2022-12-31,1,0.43544440401650153
3,Logistic + Interval Features,C0116,2022-09-30,0,0.5349062103368885
3,Logistic + Interval Features,C0116,2022-12-31,1,0.6453680599809793
3,Logistic + Interval Features,C0117,2022-09-30,1,0.17011677451346524
3,Logistic + Interval Features,C0117,2022-12-31,0,0.1691757961750488
3,Logistic + Interval Features,C0118,2022-09-30,0,0.3347891405564535
3,Logistic + Interval Features,C0118,2022-12-31,0,0.3050846859989736
3,Logistic + Interval Features,C0119,2022-09-30,0,0.153287847614008
3,Logistic + Interval Features,C0119,2022-12-31,0,0.1753610523875364
3,Logistic + Interval Features,C0120,2022-09-30,0,0.30726479893378555
3,Logistic + Interval Features,C0120,2022-12-31,1,0.35412258138906844
3,Logistic + Interval Features,C0121,2022-09-30,1,0.8110917576890154
3,Logistic + Interval Features,C0121,2022-12-31,0,0.6031061796891763
3,Logistic + Interval Features,C0122,2022-09-30,0,0.6441140894736419
3,Logistic + Interval Features,C0122,2022-12-31,0,0.6668653174591396
3,Logistic + Interval Features,C0123,2022-09-30,0,0.3914273524482314
3,Logistic + Interval Features,C0123,2022-12-31,0,0.33125449507440796
3,Logistic + Interval Features,C0124,2022-09-30,0,0.7759320082182737
3,Logistic + Interval Features,C0124,2022-12-31,0,0.6571543414379277
3,Logistic + Interval Features,C0125,2022-09-30,0,0.17925833220654988
3,Logistic + Interval Features,C0125,2022-12-31,0,0.062480699545007165
3,Logistic + Interval Features,C0126,2022-09-30,0,0.2208327089337344
3,Logistic + Interval Features,C0126,2022-12-31,0,0.21133858061925476
3,Logistic + Interval Features,C0127,2022-09-30,1,0.4253010160341355
3,Logistic + Interval Features,C0127,2022-12-31,0,0.24133178701984823
3,Logistic + Interval Features,C0128,2022-09-30,0,0.21771627729263685
3,Logistic + Interval Features,C0128,2022-12-31,0,0.3235625568874858
3,Logistic + Interval Features,C0129,2022-09-30,0,0.5796857905124772
3,Logistic + Interval Features,C0129,2022-12-31,1,0.5532331583788787
3,Logistic + Interval Features,C0130,2022-09-30,0,0.48913931556885715
3,Logistic + Interval Features,C0130,2022-12-31,0,0.5191443249131222
3,Logistic + Interval Features,C0131,2022-09-30,1,0.46175850424524667
3,Logistic + Interval Features,C0131,2022-12-31,1,0.5856224489699764
3,Logistic + Interval Features,C0132,2022-09-30,1,0.381444008066703
3,Logistic + Interval Features,C0132,2022-12-31,0,0.35941130279967826
3,Logistic + Interval Features,C0133,2022-09-30,0,0.2502294567631282
3,Logistic + Interval Features,C0133,2022-12-31,0,0.3114002978672242
3,Logistic + Interval Features,C0134,2022-09-30,0,0.750490957119184
3,Logistic + Interval Features,C0134,2022-12-31,0,0.691018084607652
3,Logistic + Interval Features,C0135,2022-09-30,0,0.47734995375740175
3,Logistic + Interval Features,C0135,2022-12-31,0,0.5486212648111833
3,Logistic + Interval Features,C0136,2022-09-30,0,0.3726544172129708
3,Logistic + Interval Features,C0136,2022-12-31,0,0.7584283779348828
3,Logistic + Interval Features,C0137,2022-09-30,0,0.2382891765231275
3,Logistic + Interval Features,C0137,2022-12-31,0,0.24148586244130116
3,Logistic + Interval Features,C0138,2022-09-30,1,0.4369421150907147
3,Logistic + Interval Features,C0138,2022-12-31,1,0.26638413087753143
3,Logistic + Interval Features,C0139,2022-09-30,0,0.2971905654901901
3,Logistic + Interval Features,C0139,2022-12-31,0,0.23219561186510673
3,Logistic + Interval Features,C0140,2022-09-30,0,0.5725208575701956
3,Logistic + Interval Features,C0140,2022-12-31,1,0.11271972535293669
3,Logistic + Interval Features,C0141,2022-09-30,0,0.42166622667116427
3,Logistic + Interval Features,C0141,2022-12-31,0,0.35426699954288765
3,Logistic + Interval Features,C0142,2022-09-30,0,0.3805183165152592
3,Logistic + Interval Features,C0142,2022-12-31,0,0.47440602751717614
3,Logistic + Interval Features,C0143,2022-09-30,1,0.60378193679673
3,Logistic + Interval Features,C0143,2022-12-31,0,0.6558710166859205
3,Logistic + Interval Features,C0144,2022-09-30,0,0.14735154279037227
3,Logistic + Interval Features,C0144,2022-12-31,0,0.10183620417653948
3,Logistic + Interval Features,C0145,2022-09-30,0,0.3423231474773209
3,Logistic + Interval Features,C0145,2022-12-31,0,0.267461339027552
3,Logistic + Interval Features,C0146,2022-09-30,0,0.01466355581115312
3,Logistic + Interval Features,C0146,2022-12-31,0,0.20022209496834306
3,Logistic + Interval Features,C0147,2022-09-30,1,0.37187631942896937
3,Logistic + Interval Features,C0147,2022-12-31,0,0.3946024610982934
3,Logistic + Interval Features,C0148,2022-09-30,1,0.2935567130256015
3,Logistic + Interval Features,C0148,2022-12-31,0,0.23071162413706028
3,Logistic + Interval Features,C0149,2022-09-30,0,0.2658231261496992
3,Logistic + Interval Features,C0149,2022-12-31,0,0.29081982422073965
3,Logistic + Interval Features,C0150,2022-09-30,0,0.7473542159199181
3,Logistic + Interval Features,C0150,2022-12-31,1,0.70405075446883
3,Logistic + Interval Features,C0151,2022-09-30,0,0.6778815491157594
3,Logistic + Interval Features,C0151,2022-12-31,1,0.6641070616126681
3,Logistic + Interval Features,C0152,2022-09-30,0,0.4076708280299388
3,Logistic + Interval Features,C0152,2022-12-31,0,0.23017455530940048
3,Logistic + Interval Features,C0153,2022-09-30,0,0.4601289517031779
3,Logistic + Interval Features,C0153,2022-12-31,0,0.5118378609258948
3,Logistic + Interval Features,C0154,2022-09-30,0,0.13386430180896333
3,Logistic + Interval Features,C0154,2022-12-31,0,0.124081743361186
3,Logistic + Interval Features,C0155,2022-09-30,0,0.16782459421731483
3,Logistic + Interval Features,C0155,2022-12-31,0,0.21469883414335744
3,Logistic + Interval Features,C0156,2022-09-30,0,0.3965476350816083
3,Logistic + Interval Features,C0156,2022-12-31,0,0.40342937979723403
3,Logistic + Interval Features,C0157,2022-09-30,0,0.2600437324968601
3,Logistic + Interval Features,C0157,2022-12-31,0,0.3273807764056953
3,Logistic + Interval Features,C0158,2022-09-30,0,0.39696752102750626
3,Logistic + Interval Features,C0158,2022-12-31,0,0.26531792590788833
3,Logistic + Interval Features,C0159,2022-09-30,0,0.718048954803342
3,Logistic + Interval Features,C0159,2022-12-31,1,0.7133262962301345
3,Logistic + Interval Features,C0160,2022-09-30,0,0.25556733233722767
3,Logistic + Interval Features,C0160,2022-12-31,0,0.13379897403802146
3,Logistic + Interval Features,C0161,2022-09-30,0,0.5870203963222818
3,Logistic + Interval Features,C0161,2022-12-31,0,0.4544427203572015
3,Logistic + Interval Features,C0162,2022-09-30,1,0.7164635664060235
3,Logistic + Interval Features,C0162,2022-12-31,1,0.5527861677375163
3,Logistic + Interval Features,C0163,2022-09-30,0,0.34886646703262936
3,Logistic + Interval Features,C0163,2022-12-31,1,0.24274016881492885
3,Logistic + Interval Features,C0164,2022-09-30,0,0.5401891194576308
3,Logistic + Interval Features,C0164,2022-12-31,0,0.39455717819331015
3,Logistic + Interval Features,C0165,2022-09-30,0,0.8697501661809103
3,Logistic + Interval Features,C0165,2022-12-31,1,0.9038884957518586
3,Logistic + Interval Features,C0166,2022-09-30,0,0.259750158259407
3,Logistic + Interval Features,C0166,2022-12-31,0,0.25677098544935284
3,Logistic + Interval Features,C0167,2022-09-30,0,0.40413839357502856
3,Logistic + Interval Features,C0167,2022-12-31,1,0.3588684998873531
3,Logistic + Interval Features,C0168,2022-09-30,0,0.6221503482399462
3,Logistic + Interval Features,C0168,2022-12-31,0,0.4662387707602509
3,Logistic + Interval Features,C0169,2022-09-30,1,0.8211030836712677
3,Logistic + Interval Features,C0169,2022-12-31,1,0.8061496197751582
3,Logistic + Interval Features,C0170,2022-09-30,1,0.8279510166961358
3,Logistic + Interval Features,C0170,2022-12-31,0,0.8268633547439423
3,Logistic + Interval Features,C0171,2022-09-30,0,0.7142420011686786
3,Logistic + Interval Features,C0171,2022-12-31,1,0.40219034530042214
3,Logistic + Interval Features,C0172,2022-09-30,0,0.4149795888829442
3,Logistic + Interval Features,C0172,2022-12-31,0,0.29683636087802945
3,Logistic + Interval Features,C0173,2022-09-30,0,0.16487855085851952
3,Logistic + Interval Features,C0173,2022-12-31,0,0.2180270762185885
3,Logistic + Interval Features,C0174,2022-09-30,0,0.13443345393228623
3,Logistic + Interval Features,C0174,2022-12-31,0,0.1343224133338421
3,Logistic + Interval Features,C0175,2022-09-30,0,0.319935932599288
3,Logistic + Interval Features,C0175,2022-12-31,0,0.4195203373464085
3,Logistic + Interval Features,C0176,2022-09-30,0,0.5921238880270152
3,Logistic + Interval Features,C0176,2022-12-31,0,0.5588862919105976
3,Logistic + Interval Features,C0177,2022-09-30,0,0.6000521519010352
3,Logistic + Interval Features,C0177,2022-12-31,0,0.661991680657394
3,Logistic + Interval Features,C0178,2022-09-30,1,0.22794848986316676
3,Logistic + Interval Features,C0178,2022-12-31,0,0.21779281541504236
3,Logistic + Interval Features,C0179,2022-09-30,0,0.5360015152990995
3,Logistic + Interval Features,C0179,2022-12-31,0,0.4095008941881797
3,Logistic + Interval Features,C0180,2022-09-30,0,0.34391157538752043
3,Logistic + Interval Features,C0180,2022-12-31,0,0.4018213620115071
3,Logistic + Interval Features,C0181,2022-09-30,0,0.4782048441253909
3,Logistic + Interval Features,C0181,2022-12-31,0,0.5066669488353386
3,Logistic + Interval Features,C0182,2022-09-30,0,0.523726932143397
3,Logistic + Interval Features,C0182,2022-12-31,1,0.6110275918007734
3,Logistic + Interval Features,C0183,2022-09-30,0,0.19164932336850657
3,Logistic + Interval Features,C0183,2022-12-31,0,0.16252675436058212
3,Logistic + Interval Features,C0184,2022-09-30,0,0.594112636596749
3,Logistic + Interval Features,C0184,2022-12-31,0,0.39595731449698834
3,Logistic + Interval Features,C0185,2022-09-30,0,0.44404803470700105
3,Logistic + Interval Features,C0185,2022-12-31,1,0.47658298231789675
3,Logistic + Interval Features,C0186,2022-09-30,0,0.5331037439494819
3,Logistic + Interval Features,C0186,2022-12-31,0,0.3239306684558806
3,Logistic + Interval Features,C0187,2022-09-30,0,0.45680480379756194
3,Logistic + Interval Features,C0187,2022-12-31,0,0.47604354974923335
3,Logistic + Interval Features,C0188,2022-09-30,1,0.5180197437925703
3,Logistic + Interval Features,C0188,2022-12-31,0,0.3960603525493616
3,Logistic + Interval Features,C0189,2022-09-30,0,0.38143918224092754
3,Logistic + Interval Features,C0189,2022-12-31,1,0.5711454660545991
3,Logistic + Interval Features,C0190,2022-09-30,0,0.22216982858989212
3,Logistic + Interval Features,C0190,2022-12-31,0,0.19711478608613847
3,Logistic + Interval Features,C0191,2022-09-30,0,0.0879285035396547
3,Logistic + Interval Features,C0191,2022-12-31,0,0.08932683396363165
3,Logistic + Interval Features,C0192,2022-09-30,0,0.3699673661650857
3,Logistic + Interval Features,C0192,2022-12-31,0,0.319656329870137
3,Logistic + Interval Features,C0193,2022-09-30,1,0.3015615098526125
3,Logistic + Interval Features,C0193,2022-12-31,0,0.42109577699599215
3,Logistic + Interval Features,C0194,2022-09-30,0,0.3017505657076685
3,Logistic + Interval Features,C0194,2022-12-31,0,0.5028614122003093
3,Logistic + Interval Features,C0195,2022-09-30,0,0.2920465845781344
3,Logistic + Interval Features,C0195,2022-12-31,0,0.37447388698080886
3,Logistic + Interval Features,C0196,2022-09-30,0,0.4142002910649913
3,Logistic + Interval Features,C0196,2022-12-31,0,0.37066285928077447
3,Logistic + Interval Features,C0197,2022-09-30,0,0.4153951589695735
3,Logistic + Interval Features,C0197,2022-12-31,0,0.25193663424643925
3,Logistic + Interval Features,C0198,2022-09-30,0,0.22414922613528696
3,Logistic + Interval Features,C0198,2022-12-31,1,0.22352386398037705
3,Logistic + Interval Features,C0199,2022-09-30,0,0.7948921222443406
3,Logistic + Interval Features,C0199,2022-12-31,0,0.8409330142516293
3,Logistic + Interval Features,C0200,2022-09-30,0,0.296646308442767
3,Logistic + Interval Features,C0200,2022-12-31,0,0.38435931727678224
3,Logistic + Interval Features,C0201,2022-09-30,0,0.13105947061738393
3,Logistic + Interval Features,C0201,2022-12-31,0,0.13541238130554462
3,Logistic + Interval Features,C0202,2022-09-30,0,0.43992164711452014
3,Logistic + Interval Features,C0202,2022-12-31,0,0.4276404709976986
3,Logistic + Interval Features,C0203,2022-09-30,0,0.3628452503248897
3,Logistic + Interval Features,C0203,2022-12-31,0,0.2840186962863499
3,Logistic + Interval Features,C0204,2022-09-30,0,0.4885901610994594
3,Logistic + Interval Features,C0204,2022-12-31,0,0.2577468554107119
3,Logistic + Interval Features,C0205,2022-09-30,0,0.3771782286154982
3,Logistic + Interval Features,C0205,2022-12-31,0,0.44041411677493364
3,Logistic + Interval Features,C0206,2022-09-30,1,0.45666042515636485
3,Logistic + Interval Features,C0206,2022-12-31,0,0.4005598055669014
3,Logistic + Interval Features,C0207,2022-09-30,1,0.8643061246346245
3,Logistic + Interval Features,C0207,2022-12-31,1,0.8555248604310168
3,Logistic + Interval Features,C0208,2022-09-30,0,0.30632020623889905
3,Logistic + Interval Features,C0208,2022-12-31,0,0.27401499685567454
3,Logistic + Interval Features,C0209,2022-09-30,0,0.41161890838633347
3,Logistic + Interval Features,C0209,2022-12-31,1,0.5319327429315025
3,Logistic + Interval Features,C0210,2022-09-30,0,0.2897221612281533
3,Logistic + Interval Features,C0210,2022-12-31,0,0.3005700543657199
3,Logistic + Interval Features,C0211,2022-09-30,0,0.23313996464810408
3,Logistic + Interval Features,C0211,2022-12-31,0,0.3640109424768374
3,Logistic + Interval Features,C0212,2022-09-30,0,0.35248373984239606
3,Logistic + Interval Features,C0212,2022-12-31,0,0.2304615367044509
3,Logistic + Interval Features,C0213,2022-09-30,0,0.26599383800840953
3,Logistic + Interval Features,C0213,2022-12-31,0,0.22326366689994792
3,Logistic + Interval Features,C0214,2022-09-30,0,0.23353146957537788
3,Logistic + Interval Features,C0214,2022-12-31,0,0.16455555494360385
3,Logistic + Interval Features,C0215,2022-09-30,0,0.49776706140616067
3,Logistic + Interval Features,C0215,2022-12-31,0,0.3301222882040066
3,Logistic + Interval Features,C0216,2022-09-30,0,0.5283382534377334
3,Logistic + Interval Features,C0216,2022-12-31,0,0.5886311982036897
3,Logistic + Interval Features,C0217,2022-09-30,1,0.48379396403274183
3,Logistic + Interval Features,C0217,2022-12-31,0,0.4947845386549195
3,Logistic + Interval Features,C0218,2022-09-30,0,0.4375582988370452
3,Logistic + Interval Features,C0218,2022-12-31,0,0.5882759905035272
3,Logistic + Interval Features,C0219,2022-09-30,0,0.2184286003557918
3,Logistic + Interval Features,C0219,2022-12-31,1,0.2995300908862997
3,Logistic + Interval Features,C0220,2022-09-30,0,0.339111669136603
3,Logistic + Interval Features,C0220,2022-12-31,0,0.28782105898632804
3,Logistic + Interval Features,C0221,2022-09-30,0,0.5864416849937513
3,Logistic + Interval Features,C0221,2022-12-31,1,0.6983170164871431
3,Logistic + Interval Features,C0222,2022-09-30,0,0.35887033863162676
3,Logistic + Interval Features,C0222,2022-12-31,1,0.47600816465209955
3,Logistic + Interval Features,C0223,2022-09-30,0,0.5377941138941266
3,Logistic + Interval Features,C0223,2022-12-31,1,0.3546400231646166
3,Logistic + Interval Features,C0224,2022-09-30,0,0.19636867630346927
3,Logistic + Interval Features,C0224,2022-12-31,0,0.30763208977793915
3,Logistic + Interval Features,C0225,2022-09-30,0,0.42406388518780175
3,Logistic + Interval Features,C0225,2022-12-31,0,0.3439729117775543
3,Logistic + Interval Features,C0226,2022-09-30,0,0.23419492454903384
3,Logistic + Interval Features,C0226,2022-12-31,0,0.11819771083797927
3,Logistic + Interval Features,C0227,2022-09-30,0,0.3853754782075923
3,Logistic + Interval Features,C0227,2022-12-31,0,0.15384778012638395
3,Logistic + Interval Features,C0228,2022-09-30,0,0.2909018251680427
3,Logistic + Interval Features,C0228,2022-12-31,0,0.48110693216098416
3,Logistic + Interval Features,C0229,2022-09-30,0,0.2944991531093668
3,Logistic + Interval Features,C0229,2022-12-31,0,0.2343605400774789
3,Logistic + Interval Features,C0230,2022-09-30,0,0.30784290391426317
3,Logistic + Interval Features,C0230,2022-12-31,0,0.2765336342273614
3,Logistic + Interval Features,C0231,2022-09-30,0,0.27494701606075256
3,Logistic + Interval Features,C0231,2022-12-31,0,0.24757777339674075
3,Logistic + Interval Features,C0232,2022-09-30,1,0.11525282570278883
3,Logistic + Interval Features,C0232,2022-12-31,0,0.3314815870554547
3,Logistic + Interval Features,C0233,2022-09-30,0,0.39485058371435594
3,Logistic + Interval Features,C0233,2022-12-31,0,0.3653054525194589
3,Logistic + Interval Features,C0234,2022-09-30,0,0.327209413313944
3,Logistic + Interval Features,C0234,2022-12-31,0,0.17489576036444537
3,Logistic + Interval Features,C0235,2022-09-30,1,0.351320696832716
3,Logistic + Interval Features,C0235,2022-12-31,0,0.37176930947058523
3,Logistic + Interval Features,C0236,2022-09-30,0,0.23923099143525814
3,Logistic + Interval Features,C0236,2022-12-31,0,0.22135534951989483
3,Logistic + Interval Features,C0237,2022-09-30,0,0.6611548533245303
3,Logistic + Interval Features,C0237,2022-12-31,0,0.5073699746291077
3,Logistic + Interval Features,C0238,2022-09-30,0,0.5982514113484042
3,Logistic + Interval Features,C0238,2022-12-31,0,0.4267341755057245
3,Logistic + Interval Features,C0239,2022-09-30,0,0.6826068328459582
3,Logistic + Interval Features,C0239,2022-12-31,1,0.6786190266424263
3,Logistic + Interval Features,C0240,2022-09-30,0,0.2861651263480826
3,Logistic + Interval Features,C0240,2022-12-31,0,0.4182301095424296
3,Logistic + Interval Features,C0241,2022-09-30,0,0.268348715238159
3,Logistic + Interval Features,C0241,2022-12-31,1,0.6729716215330542
3,Logistic + Interval Features,C0242,2022-09-30,0,0.5726986987856851
3,Logistic + Interval Features,C0242,2022-12-31,0,0.5715588363347422
3,Logistic + Interval Features,C0243,2022-09-30,1,0.3066273681384159
3,Logistic + Interval Features,C0243,2022-12-31,0,0.16912616836258612
3,Logistic + Interval Features,C0244,2022-09-30,0,0.8478057300994464
3,Logistic + Interval Features,C0244,2022-12-31,1,0.7141304796155667
3,Logistic + Interval Features,C0245,2022-09-30,1,0.827625981512273
3,Logistic + Interval Features,C0245,2022-12-31,0,0.2883894002035358
3,Logistic + Interval Features,C0246,2022-09-30,0,0.39771873830961973
3,Logistic + Interval Features,C0246,2022-12-31,0,0.4438591998233179
3,Logistic + Interval Features,C0247,2022-09-30,1,0.43881186773849234
3,Logistic + Interval Features,C0247,2022-12-31,0,0.48456542599898983
3,Logistic + Interval Features,C0248,2022-09-30,0,0.6870947461814081
3,Logistic + Interval Features,C0248,2022-12-31,0,0.717257813547019
3,Logistic + Interval Features,C0249,2022-09-30,0,0.11442025719395266
3,Logistic + Interval Features,C0249,2022-12-31,0,0.07778758560623567
3,Logistic + Interval Features,C0250,2022-09-30,0,0.2876568221235704
3,Logistic + Interval Features,C0250,2022-12-31,1,0.19480475966806635
3,Logistic + Interval Features,C0251,2022-09-30,0,0.005524883975782087
3,Logistic + Interval Features,C0251,2022-12-31,0,0.16315891436457106
3,Logistic + Interval Features,C0252,2022-09-30,1,0.5611319844421967
3,Logistic + Interval Features,C0252,2022-12-31,0,0.49360817685347774
3,Logistic + Interval Features,C0253,2022-09-30,0,0.25050393205654675
3,Logistic + Interval Features,C0253,2022-12-31,0,0.2738518222418738
3,Logistic + Interval Features,C0254,2022-09-30,1,0.42839742200104997
3,Logistic + Interval Features,C0254,2022-12-31,0,0.530712304925766
3,Logistic + Interval Features,C0255,2022-09-30,0,0.3298455756167753
3,Logistic + Interval Features,C0255,2022-12-31,0,0.3465911173866778
3,Logistic + Interval Features,C0256,2022-09-30,0,0.22784270030325685
3,Logistic + Interval Features,C0256,2022-12-31,0,0.3709497301415549
3,Logistic + Interval Features,C0257,2022-09-30,0,0.22837915134177275
3,Logistic + Interval Features,C0257,2022-12-31,0,0.3238952316386543
3,Logistic + Interval Features,C0258,2022-09-30,0,0.5075084865865184
3,Logistic + Interval Features,C0258,2022-12-31,0,0.7313209198414833
3,Logistic + Interval Features,C0259,2022-09-30,0,0.16732981912272255
3,Logistic + Interval Features,C0259,2022-12-31,0,0.07881701601648056
3,Logistic + Interval Features,C0260,2022-09-30,0,0.5980613738416141
3,Logistic + Interval Features,C0260,2022-12-31,0,0.443615321717761
3,Logistic + Interval Features,C0261,2022-09-30,0,0.20802798946760775
3,Logistic + Interval Features,C0261,2022-12-31,0,0.2081641789051114
3,Logistic + Interval Features,C0262,2022-09-30,0,0.4632888641182305
3,Logistic + Interval Features,C0262,2022-12-31,0,0.39295837391157623
3,Logistic + Interval Features,C0263,2022-09-30,0,0.23123476378678162
3,Logistic + Interval Features,C0263,2022-12-31,0,0.32622864209857005
3,Logistic + Interval Features,C0264,2022-09-30,0,0.6492285228913853
3,Logistic + Interval Features,C0264,2022-12-31,0,0.4279449918280275
3,Logistic + Interval Features,C0265,2022-09-30,1,0.6615208918532969
3,Logistic + Interval Features,C0265,2022-12-31,0,0.5599767869547672
3,Logistic + Interval Features,C0266,2022-09-30,0,0.29760171529305546
3,Logistic + Interval Features,C0266,2022-12-31,0,0.2082426631805139
3,Logistic + Interval Features,C0267,2022-09-30,0,0.776005988691867
3,Logistic + Interval Features,C0267,2022-12-31,1,0.8333367926363473
3,Logistic + Interval Features,C0268,2022-09-30,1,0.3462355656831334
3,Logistic + Interval Features,C0268,2022-12-31,0,0.2834573946690183
3,Logistic + Interval Features,C0269,2022-09-30,1,0.15068259901512232
3,Logistic + Interval Features,C0269,2022-12-31,0,0.30999635267037706
3,Logistic + Interval Features,C0270,2022-09-30,0,0.41645625674716685
3,Logistic + Interval Features,C0270,2022-12-31,0,0.12574138071936533
3,Logistic + Interval Features,C0271,2022-09-30,1,0.581997790190153
3,Logistic + Interval Features,C0271,2022-12-31,0,0.47463906184737037
3,Logistic + Interval Features,C0272,2022-09-30,0,0.3503779414324227
3,Logistic + Interval Features,C0272,2022-12-31,0,0.23357529525826745
3,Logistic + Interval Features,C0273,2022-09-30,0,0.6585315516131812
3,Logistic + Interval Features,C0273,2022-12-31,1,0.714619464817061
3,Logistic + Interval Features,C0274,2022-09-30,0,0.26496379216805127
3,Logistic + Interval Features,C0274,2022-12-31,0,0.09113085032425212
3,Logistic + Interval Features,C0275,2022-09-30,0,0.20685358215086316
3,Logistic + Interval Features,C0275,2022-12-31,0,0.20966126981678035
3,Logistic + Interval Features,C0276,2022-09-30,0,0.651768689298616
3,Logistic + Interval Features,C0276,2022-12-31,0,0.7077370077062056
3,Logistic + Interval Features,C0277,2022-09-30,0,0.5116104782005443
3,Logistic + Interval Features,C0277,2022-12-31,0,0.49332428720226196
3,Logistic + Interval Features,C0278,2022-09-30,0,0.5830009345649244
3,Logistic + Interval Features,C0278,2022-12-31,0,0.739965662529105
3,Logistic + Interval Features,C0279,2022-09-30,0,0.5940029818926941
3,Logistic + Interval Features,C0279,2022-12-31,0,0.60004069575355
3,Logistic + Interval Features,C0280,2022-09-30,0,0.5678231807167804
3,Logistic + Interval Features,C0280,2022-12-31,0,0.5164851252143715
3,Logistic + Interval Features,C0281,2022-09-30,1,0.9712176769691031
3,Logistic + Interval Features,C0281,2022-12-31,1,0.9418970932172734
3,Logistic + Interval Features,C0282,2022-09-30,0,0.2972126170126678
3,Logistic + Interval Features,C0282,2022-12-31,0,0.32460876788583326
3,Logistic + Interval Features,C0283,2022-09-30,0,0.5168263911300164
3,Logistic + Interval Features,C0283,2022-12-31,1,0.4350917354959592
3,Logistic + Interval Features,C0284,2022-09-30,0,0.38388300108663004
3,Logistic + Interval Features,C0284,2022-12-31,0,0.20415088978118223
3,Logistic + Interval Features,C0285,2022-09-30,0,0.4429004220188182
3,Logistic + Interval Features,C0285,2022-12-31,0,0.631736241947437
3,Logistic + Interval Features,C0286,2022-09-30,0,0.5962126451503524
3,Logistic + Interval Features,C0286,2022-12-31,0,0.6843438236062942
3,Logistic + Interval Features,C0287,2022-09-30,0,0.2998525913456834
3,Logistic + Interval Features,C0287,2022-12-31,0,0.25035705240268186
3,Logistic + Interval Features,C0288,2022-09-30,1,0.5075727968774972
3,Logistic + Interval Features,C0288,2022-12-31,0,0.5921826777306874
3,Logistic + Interval Features,C0289,2022-09-30,0,0.05916557755755281
3,Logistic + Interval Features,C0289,2022-12-31,0,0.12501577691930627
3,Logistic + Interval Features,C0290,2022-09-30,0,0.7064991107955763
3,Logistic + Interval Features,C0290,2022-12-31,0,0.6275824449405093
3,Logistic + Interval Features,C0291,2022-09-30,0,0.3955303726840335
3,Logistic + Interval Features,C0291,2022-12-31,0,0.3924144675182212
3,Logistic + Interval Features,C0292,2022-09-30,0,0.3312128397344917
3,Logistic + Interval Features,C0292,2022-12-31,0,0.3420022764120404
3,Logistic + Interval Features,C0293,2022-09-30,0,0.12857936325783978
3,Logistic + Interval Features,C0293,2022-12-31,0,0.15907741242905532
3,Logistic + Interval Features,C0294,2022-09-30,0,0.26939528068664637
3,Logistic + Interval Features,C0294,2022-12-31,0,0.3305394725495665
3,Logistic + Interval Features,C0295,2022-09-30,0,0.6804987026455055
3,Logistic + Interval Features,C0295,2022-12-31,0,0.685974128914967
3,Logistic + Interval Features,C0296,2022-09-30,0,0.42398505705391754
3,Logistic + Interval Features,C0296,2022-12-31,0,0.42024243896740165
3,Logistic + Interval Features,C0297,2022-09-30,0,0.5238535380154803
3,Logistic + Interval Features,C0297,2022-12-31,1,0.6959611884738549
3,Logistic + Interval Features,C0298,2022-09-30,1,0.41132473738363834
3,Logistic + Interval Features,C0298,2022-12-31,0,0.26569417574236787
3,Logistic + Interval Features,C0299,2022-09-30,0,0.35901189536212624
3,Logistic + Interval Features,C0299,2022-12-31,0,0.2974205984602615
1,Elastic Net + Interval Features,C0000,2021-09-30,0,0.25312380109731014
1,Elastic Net + Interval Features,C0000,2021-12-31,1,8.20934813299679e-15
1,Elastic Net + Interval Features,C0001,2021-09-30,1,0.8007939725986299
1,Elastic Net + Interval Features,C0001,2021-12-31,1,0.8533931777387329
1,Elastic Net + Interval Features,C0002,2021-09-30,0,0.3175169320317624
1,Elastic Net + Interval Features,C0002,2021-12-31,0,0.3277792119907382
1,Elastic Net + Interval Features,C0003,2021-09-30,0,0.26348986112736744
1,Elastic Net + Interval Features,C0003,2021-12-31,0,0.29674174031325345
1,Elastic Net + Interval Features,C0004,2021-09-30,0,0.2272852722469556
1,Elastic Net + Interval Features,C0004,2021-12-31,0,0.3091067767935743
1,Elastic Net + Interval Features,C0005,2021-09-30,0,0.3096719822915565
1,Elastic Net + Interval Features,C0005,2021-12-31,0,0.09780920026022964
1,Elastic Net + Interval Features,C0006,2021-09-30,0,0.6881769602651912
1,Elastic Net + Interval Features,C0006,2021-12-31,1,0.6675530517384284
1,Elastic Net + Interval Features,C0007,2021-09-30,0,0.6474798007027011
1,Elastic Net + Interval Features,C0007,2021-12-31,0,0.5606204510240721
1,Elastic Net + Interval Features,C0008,2021-09-30,0,0.5364784091991649
1,Elastic Net + Interval Features,C0008,2021-12-31,0,0.4642605805350871
1,Elastic Net + Interval Features,C0009,2021-09-30,0,0.5521778240530747
1,Elastic Net + Interval Features,C0009,2021-12-31,0,0.4892292315440796
1,Elastic Net + Interval Features,C0010,2021-09-30,0,0.5036617115631519
1,Elastic Net + Interval Features,C0010,2021-12-31,0,0.3336852110919322
1,Elastic Net + Interval Features,C0011,2021-09-30,0,0.10663122173789069
1,Elastic Net + Interval Features,C0011,2021-12-31,0,0.26496404041210103
1,Elastic Net + Interval Features,C0012,2021-09-30,0,0.21388301155018086
1,Elastic Net + Interval Features,C0012,2021-12-31,0,0.12135025172798715
1,Elastic Net + Interval Features,C0013,2021-09-30,1,0.5946072388262471
1,Elastic Net + Interval Features,C0013,2021-12-31,0,0.5665549196684921
1,Elastic Net + Interval Features,C0014,2021-09-30,0,0.7996022498749249
1,Elastic Net + Interval Features,C0014,2021-12-31,0,0.7522136395271563
1,Elastic Net + Interval Features,C0015,2021-09-30,0,0.5703029500100145
1,Elastic Net + Interval Features,C0015,2021-12-31,0,0.43840547901027416
1,Elastic Net + Interval Features,C0016,2021-09-30,1,0.991233521535949
1,Elastic Net + Interval Features,C0016,2021-12-31,1,0.7438182339302088
1,Elastic Net + Interval Features,C0017,2021-09-30,0,0.45977087775827225
1,Elastic Net + Interval Features,C0017,2021-12-31,0,0.46735254148567984
1,Elastic Net + Interval Features,C0018,2021-09-30,0,0.37328708182461456
1,Elastic Net + Interval Features,C0018,2021-12-31,0,0.3850311459481663
1,Elastic Net + Interval Features,C0019,2021-09-30,1,0.4965145564094403
1,Elastic Net + Interval Features,C0019,2021-12-31,0,0.29262395240634714
1,Elastic Net + Interval Features,C0020,2021-09-30,0,0.36631883742541416
1,Elastic Net + Interval Features,C0020,2021-12-31,0,0.3025256482324788
1,Elastic Net + Interval Features,C0021,2021-09-30,0,0.49817023597745325
1,Elastic Net + Interval Features,C0021,2021-12-31,0,0.4800380273118412
1,Elastic Net + Interval Features,C0022,2021-09-30,0,0.4406255993612946
1,Elastic Net + Interval Features,C0022,2021-12-31,0,0.4248085034857651
1,Elastic Net + Interval Features,C0023,2021-09-30,0,0.3135859466110506
1,Elastic Net + Interval Features,C0023,2021-12-31,0,0.43179408798132973
1,Elastic Net + Interval Features,C0024,2021-09-30,0,0.5668178955169609
1,Elastic Net + Interval Features,C0024,2021-12-31,0,0.6196419239273565
1,Elastic Net + Interval Features,C0025,2021-09-30,0,0.3307268407966176
1,Elastic Net + Interval Features,C0025,2021-12-31,0,0.33257746191483983
1,Elastic Net + Interval Features,C0026,2021-09-30,0,0.4548511773561396
1,Elastic Net + Interval Features,C0026,2021-12-31,0,0.3290801854827896
1,Elastic Net + Interval Features,C0027,2021-09-30,0,0.3150146918786919
1,Elastic Net + Interval Features,C0027,2021-12-31,0,0.3565396740490675
1,Elastic Net + Interval Features,C0028,2021-09-30,0,0.37023597058238694
1,Elastic Net + Interval Features,C0028,2021-12-31,0,0.5273408219524677
1,Elastic Net + Interval Features,C0029,2021-09-30,0,0.5195391630591563
1,Elastic Net + Interval Features,C0029,2021-12-31,0,0.4937425724021052
1,Elastic Net + Interval Features,C0030,2021-09-30,0,0.3986073447663612
1,Elastic Net + Interval Features,C0030,2021-12-31,0,0.49351527498258185
1,Elastic Net + Interval Features,C0031,2021-09-30,0,0.2524557125925746
1,Elastic Net + Interval Features,C0031,2021-12-31,1,0.0688640306957713
1,Elastic Net + Interval Features,C0032,2021-09-30,0,0.5261677562835926
1,Elastic Net + Interval Features,C0032,2021-12-31,1,0.5563955519609595
1,Elastic Net + Interval Features,C0033,2021-09-30,0,0.6744663890523417
1,Elastic Net + Interval Features,C0033,2021-12-31,0,0.7846326068060477
1,Elastic Net + Interval Features,C0034,2021-09-30,0,0.5455874926058737
1,Elastic Net + Interval Features,C0034,2021-12-31,1,0.5446036922793358
1,Elastic Net + Interval Features,C0035,2021-09-30,0,0.2628673334725697
1,Elastic Net + Interval Features,C0035,2021-12-31,0,0.2918806361153885
1,Elastic Net + Interval Features,C0036,2021-09-30,0,0.38920898216207317
1,Elastic Net + Interval Features,C0036,2021-12-31,0,0.2745419591652859
1,Elastic Net + Interval Features,C0037,2021-09-30,0,0.677752169338767
1,Elastic Net + Interval Features,C0037,2021-12-31,0,0.6672910813710989
1,Elastic Net + Interval Features,C0038,2021-09-30,1,0.24310487497783864
1,Elastic Net + Interval Features,C0038,2021-12-31,0,0.2119428152113709
1,Elastic Net + Interval Features,C0039,2021-09-30,0,0.27188035318249854
1,Elastic Net + Interval Features,C0039,2021-12-31,0,0.1411216995856558
1,Elastic Net + Interval Features,C0040,2021-09-30,0,0.29301095145790856
1,Elastic Net + Interval Features,C0040,2021-12-31,0,0.26771688144181544
1,Elastic Net + Interval Features,C0041,2021-09-30,0,0.8632783845405675
1,Elastic Net + Interval Features,C0041,2021-12-31,0,0.8657650702547784
1,Elastic Net + Interval Features,C0042,2021-09-30,0,0.36622671654395844
1,Elastic Net + Interval Features,C0042,2021-12-31,0,0.36773210430660863
1,Elastic Net + Interval Features,C0043,2021-09-30,0,0.2167392352192571
1,Elastic Net + Interval Features,C0043,2021-12-31,0,0.382995417754478
1,Elastic Net + Interval Features,C0044,2021-09-30,0,0.23765712695737864
1,Elastic Net + Interval Features,C0044,2021-12-31,0,0.16549824059052315
1,Elastic Net + Interval Features,C0045,2021-09-30,0,0.42213489378423924
1,Elastic Net + Interval Features,C0045,2021-12-31,0,0.2532562683021758
1,Elastic Net + Interval Features,C0046,2021-09-30,0,0.297700489791237
1,Elastic Net + Interval Features,C0046,2021-12-31,0,0.38129972534847184
1,Elastic Net + Interval Features,C0047,2021-09-30,1,0.843488972221045
1,Elastic Net + Interval Features,C0047,2021-12-31,0,0.7352973673683177
1,Elastic Net + Interval Features,C0048,2021-09-30,0,0.6246480530465733
1,Elastic Net + Interval Features,C0048,2021-12-31,0,0.33447344591012734
1,Elastic Net + Interval Features,C0049,2021-09-30,0,0.5149972046279002
1,Elastic Net + Interval Features,C0049,2021-12-31,0,0.1898171336248911
1,Elastic Net + Interval Features,C0050,2021-09-30,0,0.37993166423822794
1,Elastic Net + Interval Features,C0050,2021-12-31,0,0.2546079057395378
1,Elastic Net + Interval Features,C0051,2021-09-30,0,0.31045072691233055
1,Elastic Net + Interval Features,C0051,2021-12-31,0,0.46095538120756463
1,Elastic Net + Interval Features,C0052,2021-09-30,0,0.23829028760993373
1,Elastic Net + Interval Features,C0052,2021-12-31,1,0.5366211505714461
1,Elastic Net + Interval Features,C0053,2021-09-30,0,0.8707893465869816
1,Elastic Net + Interval Features,C0053,2021-12-31,0,0.7151397085331332
1,Elastic Net + Interval Features,C0054,2021-09-30,0,0.2787071799957772
1,Elastic Net + Interval Features,C0054,2021-12-31,0,0.33895996553153473
1,Elastic Net + Interval Features,C0055,2021-09-30,1,0.8173091277523494
1,Elastic Net + Interval Features,C0055,2021-12-31,0,0.8407652140722577
1,Elastic Net + Interval Features,C0056,2021-09-30,0,0.6464584668679869
1,Elastic Net + Interval Features,C0056,2021-12-31,0,0.6176055217276442
1,Elastic Net + Interval Features,C0057,2021-09-30,0,0.6914874587393051
1,Elastic Net + Interval Features,C0057,2021-12-31,0,0.5223437634557007
1,Elastic Net + Interval Features,C0058,2021-09-30,1,0.7619963467070062
1,Elastic Net + Interval Features,C0058,2021-12-31,0,0.728645831011677
1,Elastic Net + Interval Features,C0059,2021-09-30,0,0.2886663284499072
1,Elastic Net + Interval Features,C0059,2021-12-31,0,0.5809878833518206
1,Elastic Net + Interval Features,C0060,2021-09-30,0,0.33693150121306953
1,Elastic Net + Interval Features,C0060,2021-12-31,1,0.3792987318535323
1,Elastic Net + Interval Features,C0061,2021-09-30,0,0.9864636241103691
1,Elastic Net + Interval Features,C0061,2021-12-31,0,0.9701867020665309
1,Elastic Net + Interval Features,C0062,2021-09-30,0,0.7418322768212626
1,Elastic Net + Interval Features,C0062,2021-12-31,0,0.6537049263878273
1,Elastic Net + Interval Features,C0063,2021-09-30,0,0.4142908491787378
1,Elastic Net + Interval Features,C0063,2021-12-31,0,0.6596874032956436
1,Elastic Net + Interval Features,C0064,2021-09-30,0,0.45023735713183455
1,Elastic Net + Interval Features,C0064,2021-12-31,0,0.40683323904941365
1,Elastic Net + Interval Features,C0065,2021-09-30,0,0.7147545376508111
1,Elastic Net + Interval Features,C0065,2021-12-31,0,0.7497643540169109
1,Elastic Net + Interval Features,C0066,2021-09-30,0,0.4388252849578571
1,Elastic Net + Interval Features,C0066,2021-12-31,0,0.2858366543343334
1,Elastic Net + Interval Features,C0067,2021-09-30,0,0.49269870462905957
1,Elastic Net + Interval Features,C0067,2021-12-31,0,0.34747356414537534
1,Elastic Net + Interval Features,C0068,2021-09-30,1,0.5240621771264609
1,Elastic Net + Interval Features,C0068,2021-12-31,0,0.4282177054020261
1,Elastic Net + Interval Features,C0069,2021-09-30,0,0.8279035348749374
1,Elastic Net + Interval Features,C0069,2021-12-31,0,0.6856508588193937
1,Elastic Net + Interval Features,C0070,2021-09-30,0,0.6528057094823855
1,Elastic Net + Interval Features,C0070,2021-12-31,0,0.50121750063791
1,Elastic Net + Interval Features,C0071,2021-09-30,0,0.2297548202578248
1,Elastic Net + Interval Features,C0071,2021-12-31,0,0.3360856078264721
1,Elastic Net + Interval Features,C0072,2021-09-30,0,0.6571332745028869
1,Elastic Net + Interval Features,C0072,2021-12-31,0,0.7045809081080521
1,Elastic Net + Interval Features,C0073,2021-09-30,0,0.3587755815429734
1,Elastic Net + Interval Features,C0073,2021-12-31,0,0.2849543013070964
1,Elastic Net + Interval Features,C0074,2021-09-30,0,0.5715603343312635
1,Elastic Net + Interval Features,C0074,2021-12-31,0,0.5220637351067402
1,Elastic Net + Interval Features,C0075,2021-09-30,1,0.48753786731962084
1,Elastic Net + Interval Features,C0075,2021-12-31,0,0.49402702453928915
1,Elastic Net + Interval Features,C0076,2021-09-30,0,0.19871830996166404
1,Elastic Net + Interval Features,C0076,2021-12-31,0,0.1850867328127517
1,Elastic Net + Interval Features,C0077,2021-09-30,0,0.7112472428444029
1,Elastic Net + Interval Features,C0077,2021-12-31,1,0.774234389574197
1,Elastic Net + Interval Features,C0078,2021-09-30,0,0.10943788581100417
1,Elastic Net + Interval Features,C0078,2021-12-31,0,0.09031092902769876
1,Elastic Net + Interval Features,C0079,2021-09-30,0,0.7157539988404581
1,Elastic Net + Interval Features,C0079,2021-12-31,0,0.6609003942275953
1,Elastic Net + Interval Features,C0080,2021-09-30,0,0.47815982091807396
1,Elastic Net + Interval Features,C0080,2021-12-31,0,0.45992632998253796
1,Elastic Net + Interval Features,C0081,2021-09-30,1,0.45166686540466666
1,Elastic Net + Interval Features,C0081,2021-12-31,0,0.4037319750483461
1,Elastic Net + Interval Features,C0082,2021-09-30,0,0.8316986520055246
1,Elastic Net + Interval Features,C0082,2021-12-31,1,0.7659919977701688
1,Elastic Net + Interval Features,C0083,2021-09-30,0,0.38970228645802035
1,Elastic Net + Interval Features,C0083,2021-12-31,0,0.45293991778743087
1,Elastic Net + Interval Features,C0084,2021-09-30,0,0.06731503194071158
1,Elastic Net + Interval Features,C0084,2021-12-31,0,0.07809560432557248
1,Elastic Net + Interval Features,C0085,2021-09-30,0,0.5974083136197074
1,Elastic Net + Interval Features,C0085,2021-12-31,0,0.6208644409891085
1,Elastic Net + Interval Features,C0086,2021-09-30,0,0.4514327594183471
1,Elastic Net + Interval Features,C0086,2021-12-31,0,0.23477835083446702
1,Elastic Net + Interval Features,C0087,2021-09-30,0,0.6101431443425435
1,Elastic Net + Interval Features,C0087,2021-12-31,0,0.47423941792917057
1,Elastic Net + Interval Features,C0088,2021-09-30,0,0.19087459182797414
1,Elastic Net + Interval Features,C0088,2021-12-31,0,0.14094635201815695
1,Elastic Net + Interval Features,C0089,2021-09-30,0,0.5350053677691489
1,Elastic Net + Interval Features,C0089,2021-12-31,0,0.48870277698466225
1,Elastic Net + Interval Features,C0090,2021-09-30,1,0.6906442070070471
1,Elastic Net + Interval Features,C0090,2021-12-31,0,0.7914623929641554
1,Elastic Net + Interval Features,C0091,2021-09-30,0,0.22391098969430454
1,Elastic Net + Interval Features,C0091,2021-12-31,0,0.246707450237711
1,Elastic Net + Interval Features,C0092,2021-09-30,1,0.10164837703236532
1,Elastic Net + Interval Features,C0092,2021-12-31,0,0.44200498238777924
1,Elastic Net + Interval Features,C0093,2021-09-30,0,0.15834902159012293
1,Elastic Net + Interval Features,C0093,2021-12-31,0,0.22836269982032387
1,Elastic Net + Interval Features,C0094,2021-09-30,0,0.06702780921242943
1,Elastic Net + Interval Features,C0094,2021-12-31,0,0.0708657628711774
1,Elastic Net + Interval Features,C0095,2021-09-30,0,0.21212814233745567
1,Elastic Net + Interval Features,C0095,2021-12-31,1,0.42673919178616415
1,Elastic Net + Interval Features,C0096,2021-09-30,0,0.4268379676952277
1,Elastic Net + Interval Features,C0096,2021-12-31,0,0.36300128689547395
1,Elastic Net + Interval Features,C0097,2021-09-30,0,0.385358317950335
1,Elastic Net + Interval Features,C0097,2021-12-31,0,0.4635814629992946
1,Elastic Net + Interval Features,C0098,2021-09-30,0,0.2746334695212262
1,Elastic Net + Interval Features,C0098,2021-12-31,1,0.5332968421328692
1,Elastic Net + Interval Features,C0099,2021-09-30,0,0.4457294885038224
1,Elastic Net + Interval Features,C0099,2021-12-31,0,0.2686686143402014
1,Elastic Net + Interval Features,C0100,2021-09-30,1,0.3597559523332812
1,Elastic Net + Interval Features,C0100,2021-12-31,0,0.3866275540996045
1,Elastic Net + Interval Features,C0101,2021-09-30,0,0.5336813386796883
1,Elastic Net + Interval Features,C0101,2021-12-31,1,0.557609226473567
1,Elastic Net + Interval Features,C0102,2021-09-30,0,0.6571111426752969
1,Elastic Net + Interval Features,C0102,2021-12-31,0,0.6431524375658879
1,Elastic Net + Interval Features,C0103,2021-09-30,0,0.1733671413919797
1,Elastic Net + Interval Features,C0103,2021-12-31,0,0.24280977097862594
1,Elastic Net + Interval Features,C0104,2021-09-30,0,0.5740312793983434
1,Elastic Net + Interval Features,C0104,2021-12-31,0,0.6643299045182456
1,Elastic Net + Interval Features,C0105,2021-09-30,0,0.7354062057464341
1,Elastic Net + Interval Features,C0105,2021-12-31,0,0.5434297073675132
1,Elastic Net + Interval Features,C0106,2021-09-30,0,0.6096134216539562
1,Elastic Net + Interval Features,C0106,2021-12-31,0,0.6139834610350569
1,Elastic Net + Interval Features,C0107,2021-09-30,0,0.3700701159296836
1,Elastic Net + Interval Features,C0107,2021-12-31,0,0.5770383230620908
1,Elastic Net + Interval Features,C0108,2021-09-30,0,0.694852477084759
1,Elastic Net + Interval Features,C0108,2021-12-31,0,0.6736211262352015
1,Elastic Net + Interval Features,C0109,2021-09-30,0,0.6097993956531481
1,Elastic Net + Interval Features,C0109,2021-12-31,1,0.5275502398964006
1,Elastic Net + Interval Features,C0110,2021-09-30,0,0.841611053495493
1,Elastic Net + Interval Features,C0110,2021-12-31,0,0.6773339480791509
1,Elastic Net + Interval Features,C0111,2021-09-30,0,0.52948950902912
1,Elastic Net + Interval Features,C0111,2021-12-31,0,0.2550484048705633
1,Elastic Net + Interval Features,C0112,2021-09-30,0,0.15645947820824416
1,Elastic Net + Interval Features,C0112,2021-12-31,0,0.2219683113668719
1,Elastic Net + Interval Features,C0113,2021-09-30,0,0.2854477282098189
1,Elastic Net + Interval Features,C0113,2021-12-31,1,0.35216961921116124
1,Elastic Net + Interval Features,C0114,2021-09-30,0,0.9597955739715287
1,Elastic Net + Interval Features,C0114,2021-12-31,0,0.42349032777178885
1,Elastic Net + Interval Features,C0115,2021-09-30,0,0.7847132029757036
1,Elastic Net + Interval Features,C0115,2021-12-31,1,0.6579009991142017
1,Elastic Net + Interval Features,C0116,2021-09-30,0,0.48887953418796537
1,Elastic Net + Interval Features,C0116,2021-12-31,0,0.3301619440343655
1,Elastic Net + Interval Features,C0117,2021-09-30,0,0.40816708533058
1,Elastic Net + Interval Features,C0117,2021-12-31,0,0.26250808048254987
1,Elastic Net + Interval Features,C0118,2021-09-30,0,0.36699794088315896
1,Elastic Net + Interval Features,C0118,2021-12-31,0,0.30745121207819903
1,Elastic Net + Interval Features,C0119,2021-09-30,0,0.13609306346161948
1,Elastic Net + Interval Features,C0119,2021-12-31,0,0.2641935104274185
1,Elastic Net + Interval Features,C0120,2021-09-30,0,0.4192952690261512
1,Elastic Net + Interval Features,C0120,2021-12-31,0,0.4654934255117094
1,Elastic Net + Interval Features,C0121,2021-09-30,0,0.6104919184577322
1,Elastic Net + Interval Features,C0121,2021-12-31,0,0.7209381322519036
1,Elastic Net + Interval Features,C0122,2021-09-30,0,0.8179432346279344
1,Elastic Net + Interval Features,C0122,2021-12-31,0,0.6490887976074585
1,Elastic Net + Interval Features,C0123,2021-09-30,0,0.4234949919119116
1,Elastic Net + Interval Features,C0123,2021-12-31,0,0.3148146478284839
1,Elastic Net + Interval Features,C0124,2021-09-30,1,0.5674638679799268
1,Elastic Net + Interval Features,C0124,2021-12-31,1,0.4271276442505804
1,Elastic Net + Interval Features,C0125,2021-09-30,0,0.4787417206925366
1,Elastic Net + Interval Features,C0125,2021-12-31,0,0.44915774795296487
1,Elastic Net + Interval Features,C0126,2021-09-30,0,0.4881717632241193
1,Elastic Net + Interval Features,C0126,2021-12-31,0,0.27507214297878146
1,Elastic Net + Interval Features,C0127,2021-09-30,0,0.19962487193026335
1,Elastic Net + Interval Features,C0127,2021-12-31,0,0.36402531195609045
1,Elastic Net + Interval Features,C0128,2021-09-30,0,0.26183135118978307
1,Elastic Net + Interval Features,C0128,2021-12-31,0,0.19471952764088454
1,Elastic Net + Interval Features,C0129,2021-09-30,0,0.6164103030430592
1,Elastic Net + Interval Features,C0129,2021-12-31,0,0.5068335952268845
1,Elastic Net + Interval Features,C0130,2021-09-30,0,0.42637432582090434
1,Elastic Net + Interval Features,C0130,2021-12-31,0,0.47473459486948577
1,Elastic Net + Interval Features,C0131,2021-09-30,0,0.49789620335629603
1,Elastic Net + Interval Features,C0131,2021-12-31,0,0.42989798512724015
1,Elastic Net + Interval Features,C0132,2021-09-30,0,0.4238337200266994
1,Elastic Net + Interval Features,C0132,2021-12-31,1,0.4572031130311365
1,Elastic Net + Interval Features,C0133,2021-09-30,0,0.20111131343341213
1,Elastic Net + Interval Features,C0133,2021-12-31,0,0.38380156729309245
1,Elastic Net + Interval Features,C0134,2021-09-30,0,0.8809212143392671
1,Elastic Net + Interval Features,C0134,2021-12-31,0,0.832189419776893
1,Elastic Net + Interval Features,C0135,2021-09-30,0,0.5467127443442409
1,Elastic Net + Interval Features,C0135,2021-12-31,0,0.6082294382475663
1,Elastic Net + Interval Features,C0136,2021-09-30,0,0.6234823732369942
1,Elastic Net + Interval Features,C0136,2021-12-31,1,0.6061297234851395
1,Elastic Net + Interval Features,C0137,2021-09-30,0,0.46929328368068873
1,Elastic Net + Interval Features,C0137,2021-12-31,1,0.36175160648662313
1,Elastic Net + Interval Features,C0138,2021-09-30,0,0.3638360432073924
1,Elastic Net + Interval Features,C0138,2021-12-31,0,0.5698259958828576
1,Elastic Net + Interval Features,C0139,2021-09-30,0,0.6974774053169429
1,Elastic Net + Interval Features,C0139,2021-12-31,0,0.3519035452957986
1,Elastic Net + Interval Features,C0140,2021-09-30,0,0.6371209696915923
1,Elastic Net + Interval Features,C0140,2021-12-31,0,0.5987940346562679
1,Elastic Net + Interval Features,C0141,2021-09-30,0,0.44492632764841017
1,Elastic Net + Interval Features,C0141,2021-12-31,0,0.3782120935644785
1,Elastic Net + Interval Features,C0142,2021-09-30,0,0.48191076452839304
1,Elastic Net + Interval Features,C0142,2021-12-31,1,0.4085852945028727
1,Elastic Net + Interval Features,C0143,2021-09-30,0,0.5774658007637683
1,Elastic Net + Interval Features,C0143,2021-12-31,0,0.7356276409867726
1,Elastic Net + Interval Features,C0144,2021-09-30,0,0.24595697226919144
1,Elastic Net + Interval Features,C0144,2021-12-31,0,0.08673273655743584
1,Elastic Net + Interval Features,C0145,2021-09-30,0,0.4186514043887855
1,Elastic Net + Interval Features,C0145,2021-12-31,1,0.27232095223107444
1,Elastic Net + Interval Features,C0146,2021-09-30,0,0.24523891317427493
1,Elastic Net + Interval Features,C0146,2021-12-31,0,0.25023383598283144
1,Elastic Net + Interval Features,C0147,2021-09-30,0,0.358819427896678
1,Elastic Net + Interval Features,C0147,2021-12-31,0,0.5643050027104939
1,Elastic Net + Interval Features,C0148,2021-09-30,0,0.42917409513399746
1,Elastic Net + Interval Features,C0148,2021-12-31,0,0.2498297107956013
1,Elastic Net + Interval Features,C0149,2021-09-30,0,0.3957205818350368
1,Elastic Net + Interval Features,C0149,2021-12-31,1,0.28308123157430864
1,Elastic Net + Interval Features,C0150,2021-09-30,1,0.9022842964805164
1,Elastic Net + Interval Features,C0150,2021-12-31,0,0.9201843880477544
1,Elastic Net + Interval Features,C0151,2021-09-30,0,0.6106589531311437
1,Elastic Net + Interval Features,C0151,2021-12-31,0,0.6572197345923966
1,Elastic Net + Interval Features,C0152,2021-09-30,0,0.3775048160354003
1,Elastic Net + Interval Features,C0152,2021-12-31,0,0.43786779629699374
1,Elastic Net + Interval Features,C0153,2021-09-30,1,0.5527932703086778
1,Elastic Net + Interval Features,C0153,2021-12-31,0,0.3920366320311848
1,Elastic Net + Interval Features,C0154,2021-09-30,0,0.27555612456128
1,Elastic Net + Interval Features,C0154,2021-12-31,1,0.3286262714418057
1,Elastic Net + Interval Features,C0155,2021-09-30,0,0.09886463009560068
1,Elastic Net + Interval Features,C0155,2021-12-31,0,0.07928778824676605
1,Elastic Net + Interval Features,C0156,2021-09-30,0,0.35972532007752434
1,Elastic Net + Interval Features,C0156,2021-12-31,0,0.5264206449129353
1,Elastic Net + Interval Features,C0157,2021-09-30,0,0.37480824630663656
1,Elastic Net + Interval Features,C0157,2021-12-31,0,0.28929621559824187
1,Elastic Net + Interval Features,C0158,2021-09-30,0,0.2892127667832857
1,Elastic Net + Interval Features,C0158,2021-12-31,1,0.49093225082725117
1,Elastic Net + Interval Features,C0159,2021-09-30,0,0.8664861223962854
1,Elastic Net + Interval Features,C0159,2021-12-31,1,0.8012564631039194
1,Elastic Net + Interval Features,C0160,2021-09-30,0,0.36545724671628665
1,Elastic Net + Interval Features,C0160,2021-12-31,0,0.40350078934858963
1,Elastic Net + Interval Features,C0161,2021-09-30,0,0.42716036044199984
1,Elastic Net + Interval Features,C0161,2021-12-31,0,0.4443042272813832
1,Elastic Net + Interval Features,C0162,2021-09-30,0,0.6912714548550408
1,Elastic Net + Interval Features,C0162,2021-12-31,0,0.7693208989279344
1,Elastic Net + Interval Features,C0163,2021-09-30,0,0.7003135619895551
1,Elastic Net + Interval Features,C0163,2021-12-31,0,0.5869726274936614
1,Elastic Net + Interval Features,C0164,2021-09-30,0,0.54850025534021
1,Elastic Net + Interval Features,C0164,2021-12-31,1,0.599057392997166
1,Elastic Net + Interval Features,C0165,2021-09-30,0,0.9499817151327309
1,Elastic Net + Interval Features,C0165,2021-12-31,0,0.9008020346393557
1,Elastic Net + Interval Features,C0166,2021-09-30,0,0.6976926030118328
1,Elastic Net + Interval Features,C0166,2021-12-31,0,0.2938872358991545
1,Elastic Net + Interval Features,C0167,2021-09-30,0,0.45581187991262007
1,Elastic Net + Interval Features,C0167,2021-12-31,0,0.40533123914748054
1,Elastic Net + Interval Features,C0168,2021-09-30,0,0.7046027517355835
1,Elastic Net + Interval Features,C0168,2021-12-31,0,0.5910667658382004
1,Elastic Net + Interval Features,C0169,2021-09-30,1,0.8991788120198504
1,Elastic Net + Interval Features,C0169,2021-12-31,1,0.7582732498480376
1,Elastic Net + Interval Features,C0170,2021-09-30,1,0.6737792590258276
1,Elastic Net + Interval Features,C0170,2021-12-31,0,0.7963196966885694
1,Elastic Net + Interval Features,C0171,2021-09-30,0,0.6511447088124329
1,Elastic Net + Interval Features,C0171,2021-12-31,0,0.7875653748073448
1,Elastic Net + Interval Features,C0172,2021-09-30,0,0.4233884731941276
1,Elastic Net + Interval Features,C0172,2021-12-31,0,0.18250513209148558
1,Elastic Net + Interval Features,C0173,2021-09-30,0,0.24290590637031678
1,Elastic Net + Interval Features,C0173,2021-12-31,0,0.10709209805465805
1,Elastic Net + Interval Features,C0174,2021-09-30,0,0.17296419051844059
1,Elastic Net + Interval Features,C0174,2021-12-31,0,0.19964300849259253
1,Elastic Net + Interval Features,C0175,2021-09-30,0,0.5743734358311696
1,Elastic Net + Interval Features,C0175,2021-12-31,0,0.2816239964280254
1,Elastic Net + Interval Features,C0176,2021-09-30,0,0.5907210621433523
1,Elastic Net + Interval Features,C0176,2021-12-31,0,0.5997007622456091
1,Elastic Net + Interval Features,C0177,2021-09-30,0,0.8026497957633374
1,Elastic Net + Interval Features,C0177,2021-12-31,0,0.5896900486597929
1,Elastic Net + Interval Features,C0178,2021-09-30,0,0.3691545229699812
1,Elastic Net + Interval Features,C0178,2021-12-31,0,0.4822247990231094
1,Elastic Net + Interval Features,C0179,2021-09-30,1,0.5550018375191738
1,Elastic Net + Interval Features,C0179,2021-12-31,1,0.48102028405349656
1,Elastic Net + Interval Features,C0180,2021-09-30,0,0.9300889544224527
1,Elastic Net + Interval Features,C0180,2021-12-31,0,0.8554747819189382
1,Elastic Net + Interval Features,C0181,2021-09-30,0,0.26554333036963684
1,Elastic Net + Interval Features,C0181,2021-12-31,0,0.49784692347823545
1,Elastic Net + Interval Features,C0182,2021-09-30,0,0.6408754361543058
1,Elastic Net + Interval Features,C0182,2021-12-31,0,0.5920146493584488
1,Elastic Net + Interval Features,C0183,2021-09-30,0,0.3233812347989077
1,Elastic Net + Interval Features,C0183,2021-12-31,0,0.21341985548190454
1,Elastic Net + Interval Features,C0184,2021-09-30,0,0.8143309092821321
1,Elastic Net + Interval Features,C0184,2021-12-31,1,0.45901945541161815
1,Elastic Net + Interval Features,C0185,2021-09-30,0,0.5271948457424552
1,Elastic Net + Interval Features,C0185,2021-12-31,0,0.6082176690327641
1,Elastic Net + Interval Features,C0186,2021-09-30,0,0.5948136654904972
1,Elastic Net + Interval Features,C0186,2021-12-31,0,0.5187654679725959
1,Elastic Net + Interval Features,C0187,2021-09-30,0,0.5342880887045709
1,Elastic Net + Interval Features,C0187,2021-12-31,0,0.6799846756204058
1,Elastic Net + Interval Features,C0188,2021-09-30,1,0.4126174338349187
1,Elastic Net + Interval Features,C0188,2021-12-31,0,0.43088575964243514
1,Elastic Net + Interval Features,C0189,2021-09-30,0,0.5365042964339088
1,Elastic Net + Interval Features,C0189,2021-12-31,0,0.31409498419395876
1,Elastic Net + Interval Features,C0190,2021-09-30,0,0.16315533326308082
1,Elastic Net + Interval Features,C0190,2021-12-31,0,0.2426468171235821
1,Elastic Net + Interval Features,C0191,2021-09-30,0,0.18110619176928575
1,Elastic Net + Interval Features,C0191,2021-12-31,0,0.30147736605867403
1,Elastic Net + Interval Features,C0192,2021-09-30,0,0.5507219411193911
1,Elastic Net + Interval Features,C0192,2021-12-31,0,0.4868233345409499
1,Elastic Net + Interval Features,C0193,2021-09-30,0,0.5123961731659168
1,Elastic Net + Interval Features,C0193,2021-12-31,0,0.4582812698184143
1,Elastic Net + Interval Features,C0194,2021-09-30,0,0.5234100471109503
1,Elastic Net + Interval Features,C0194,2021-12-31,0,0.49531274627685545
1,Elastic Net + Interval Features,C0195,2021-09-30,0,0.17960859135317828
1,Elastic Net + Interval Features,C0195,2021-12-31,0,0.260078076881645
1,Elastic Net + Interval Features,C0196,2021-09-30,1,0.5264704019949006
1,Elastic Net + Interval Features,C0196,2021-12-31,0,0.32351166606815446
1,Elastic Net + Interval Features,C0197,2021-09-30,1,0.5111937475863815
1,Elastic Net + Interval Features,C0197,2021-12-31,0,0.6005310102344732
1,Elastic Net + Interval Features,C0198,2021-09-30,0,0.4791808499157666
1,Elastic Net + Interval Features,C0198,2021-12-31,1,0.5601114700274512
1,Elastic Net + Interval Features,C0199,2021-09-30,0,0.9199986940462082
1,Elastic Net + Interval Features,C0199,2021-12-31,0,0.8803948376271326
1,Elastic Net + Interval Features,C0200,2021-09-30,0,0.41983318273443465
1,Elastic Net + Interval Features,C0200,2021-12-31,0,0.48409058842124936
1,Elastic Net + Interval Features,C0201,2021-09-30,0,0.1580798900834598
1,Elastic Net + Interval Features,C0201,2021-12-31,0,0.22941599441685262
1,Elastic Net + Interval Features,C0202,2021-09-30,0,0.5001918555868287
1,Elastic Net + Interval Features,C0202,2021-12-31,0,0.5288077579902862
1,Elastic Net + Interval Features,C0203,2021-09-30,0,0.24785576409033006
1,Elastic Net + Interval Features,C0203,2021-12-31,0,0.3250806427400828
1,Elastic Net + Interval Features,C0204,2021-09-30,0,0.5945745913048145
1,Elastic Net + Interval Features,C0204,2021-12-31,0,0.5039417359010225
1,Elastic Net + Interval Features,C0205,2021-09-30,1,0.5985880901235364
1,Elastic Net + Interval Features,C0205,2021-12-31,0,0.6460070772122252
1,Elastic Net + Interval Features,C0206,2021-09-30,0,0.27641535765842984
1,Elastic Net + Interval Features,C0206,2021-12-31,0,0.2007750431709909
1,Elastic Net + Interval Features,C0207,2021-09-30,1,0.8153539337075763
1,Elastic Net + Interval Features,C0207,2021-12-31,0,0.8788849309342901
1,Elastic Net + Interval Features,C0208,2021-09-30,0,0.41776812085212495
1,Elastic Net + Interval Features,C0208,2021-12-31,1,0.47259503747078835
1,Elastic Net + Interval Features,C0209,2021-09-30,0,0.6268624305288814
1,Elastic Net + Interval Features,C0209,2021-12-31,0,0.614828483210165
1,Elastic Net + Interval Features,C0210,2021-09-30,0,0.3769822895148317
1,Elastic Net + Interval Features,C0210,2021-12-31,0,0.07859904635282676
1,Elastic Net + Interval Features,C0211,2021-09-30,0,0.4942362374881014
1,Elastic Net + Interval Features,C0211,2021-12-31,0,0.25678085684922664
1,Elastic Net + Interval Features,C0212,2021-09-30,0,0.2648896133415056
1,Elastic Net + Interval Features,C0212,2021-12-31,0,0.37794693301284066
1,Elastic Net + Interval Features,C0213,2021-09-30,0,0.13732158227904065
1,Elastic Net + Interval Features,C0213,2021-12-31,0,0.12726941667639335
1,Elastic Net + Interval Features,C0214,2021-09-30,1,0.20794167805518568
1,Elastic Net + Interval Features,C0214,2021-12-31,0,0.14790079705590245
1,Elastic Net + Interval Features,C0215,2021-09-30,0,0.3822160150804347
1,Elastic Net + Interval Features,C0215,2021-12-31,0,0.6077600451081487
1,Elastic Net + Interval Features,C0216,2021-09-30,0,0.5577982284353855
1,Elastic Net + Interval Features,C0216,2021-12-31,0,0.7016440804624797
1,Elastic Net + Interval Features,C0217,2021-09-30,0,0.6438583832236116
1,Elastic Net + Interval Features,C0217,2021-12-31,0,0.620137487445245
1,Elastic Net + Interval Features,C0218,2021-09-30,1,0.5531473975343647
1,Elastic Net + Interval Features,C0218,2021-12-31,1,0.5963770163055289
1,Elastic Net + Interval Features,C0219,2021-09-30,0,0.3797206591259053
1,Elastic Net + Interval Features,C0219,2021-12-31,0,0.27912119482084424
1,Elastic Net + Interval Features,C0220,2021-09-30,0,0.3925516773345733
1,Elastic Net + Interval Features,C0220,2021-12-31,0,0.2013453983603608
1,Elastic Net + Interval Features,C0221,2021-09-30,0,0.744280371089532
1,Elastic Net + Interval Features,C0221,2021-12-31,1,0.6690410493103439
1,Elastic Net + Interval Features,C0222,2021-09-30,0,0.5609662056403653
1,Elastic Net + Interval Features,C0222,2021-12-31,1,0.670409357764013
1,Elastic Net + Interval Features,C0223,2021-09-30,0,0.5158782263276226
1,Elastic Net + Interval Features,C0223,2021-12-31,0,0.44664312770237335
1,Elastic Net + Interval Features,C0224,2021-09-30,0,0.5512190321955265
1,Elastic Net + Interval Features,C0224,2021-12-31,0,0.44130552031823916
1,Elastic Net + Interval Features,C0225,2021-09-30,0,0.7849859741705622
1,Elastic Net + Interval Features,C0225,2021-12-31,0,0.8399894906580825
1,Elastic Net + Interval Features,C0226,2021-09-30,0,0.08999189743652697
1,Elastic Net + Interval Features,C0226,2021-12-31,0,0.12555009765708683
1,Elastic Net + Interval Features,C0227,2021-09-30,0,0.049994499474522947
1,Elastic Net + Interval Features,C0227,2021-12-31,0,0.008706829576792068
1,Elastic Net + Interval Features,C0228,2021-09-30,0,0.80012101485266
1,Elastic Net + Interval Features,C0228,2021-12-31,0,0.6230781611046237
1,Elastic Net + Interval Features,C0229,2021-09-30,0,0.23298056211389817
1,Elastic Net + Interval Features,C0229,2021-12-31,0,0.40955925733644233
1,Elastic Net + Interval Features,C0230,2021-09-30,0,0.16840990445870888
1,Elastic Net + Interval Features,C0230,2021-12-31,0,0.20687541537660964
1,Elastic Net + Interval Features,C0231,2021-09-30,0,0.29406259106344457
1,Elastic Net + Interval Features,C0231,2021-12-31,0,0.3431044343036883
1,Elastic Net + Interval Features,C0232,2021-09-30,1,0.3645469998155754
1,Elastic Net + Interval Features,C0232,2021-12-31,0,0.43432911420417314
1,Elastic Net + Interval Features,C0233,2021-09-30,1,0.309118773595725
1,Elastic Net + Interval Features,C0233,2021-12-31,0,0.25221113630156083
1,Elastic Net + Interval Features,C0234,2021-09-30,1,0.458011051322194
1,Elastic Net + Interval Features,C0234,2021-12-31,0,0.37322693400224655
1,Elastic Net + Interval Features,C0235,2021-09-30,1,0.47860584977504006
1,Elastic Net + Interval Features,C0235,2021-12-31,1,0.43315181474325365
1,Elastic Net + Interval Features,C0236,2021-09-30,0,0.1918522720651909
1,Elastic Net + Interval Features,C0236,2021-12-31,0,0.28007048467670814
1,Elastic Net + Interval Features,C0237,2021-09-30,0,0.5098949500842085
1,Elastic Net + Interval Features,C0237,2021-12-31,0,0.5693509252724651
1,Elastic Net + Interval Features,C0238,2021-09-30,0,0.39401269222318536
1,Elastic Net + Interval Features,C0238,2021-12-31,1,0.4076682069510856
1,Elastic Net + Interval Features,C0239,2021-09-30,1,0.7848692011542476
1,Elastic Net + Interval Features,C0239,2021-12-31,0,0.7807001649439513
1,Elastic Net + Interval Features,C0240,2021-09-30,0,0.5386571017663481
1,Elastic Net + Interval Features,C0240,2021-12-31,1,0.5467950725117672
1,Elastic Net + Interval Features,C0241,2021-09-30,0,0.5089356516828405
1,Elastic Net + Interval Features,C0241,2021-12-31,0,0.5903850345669555
1,Elastic Net + Interval Features,C0242,2021-09-30,0,0.5699435546914804
1,Elastic Net + Interval Features,C0242,2021-12-31,0,0.5040710960583434
1,Elastic Net + Interval Features,C0243,2021-09-30,0,0.33111774588017495
1,Elastic Net + Interval Features,C0243,2021-12-31,0,0.2249098871161705
1,Elastic Net + Interval Features,C0244,2021-09-30,1,0.7522652324615297
1,Elastic Net + Interval Features,C0244,2021-12-31,0,0.8041171632099706
1,Elastic Net + Interval Features,C0245,2021-09-30,0,0.5540781776077554
1,Elastic Net + Interval Features,C0245,2021-12-31,0,0.5275749695608234
1,Elastic Net + Interval Features,C0246,2021-09-30,0,0.5134528329829807
1,Elastic Net + Interval Features,C0246,2021-12-31,0,0.44782302362869
1,Elastic Net + Interval Features,C0247,2021-09-30,0,0.4202365996745577
1,Elastic Net + Interval Features,C0247,2021-12-31,0,0.4596419938971136
1,Elastic Net + Interval Features,C0248,2021-09-30,0,0.7558221308057812
1,Elastic Net + Interval Features,C0248,2021-12-31,0,0.7294765220163593
1,Elastic Net + Interval Features,C0249,2021-09-30,0,0.29658675040246607
1,Elastic Net + Interval Features,C0249,2021-12-31,0,0.23811540495450986
1,Elastic Net + Interval Features,C0250,2021-09-30,0,0.40682640632736244
1,Elastic Net + Interval Features,C0250,2021-12-31,0,0.21469614108967136
1,Elastic Net + Interval Features,C0251,2021-09-30,0,0.2764141406344424
1,Elastic Net + Interval Features,C0251,2021-12-31,0,0.292746184621577
1,Elastic Net + Interval Features,C0252,2021-09-30,0,0.42537286737850494
1,Elastic Net + Interval Features,C0252,2021-12-31,0,0.37593029651004195
1,Elastic Net + Interval Features,C0253,2021-09-30,0,0.764106053273354
1,Elastic Net + Interval Features,C0253,2021-12-31,0,0.8072409148282363
1,Elastic Net + Interval Features,C0254,2021-09-30,1,0.7052117811740248
1,Elastic Net + Interval Features,C0254,2021-12-31,0,0.7416893054830895
1,Elastic Net + Interval Features,C0255,2021-09-30,0,0.5185833727435918
1,Elastic Net + Interval Features,C0255,2021-12-31,1,0.5881627341182596
1,Elastic Net + Interval Features,C0256,2021-09-30,0,0.3276571633308644
1,Elastic Net + Interval Features,C0256,2021-12-31,0,0.2813284586071363
1,Elastic Net + Interval Features,C0257,2021-09-30,0,0.3668869036683591
1,Elastic Net + Interval Features,C0257,2021-12-31,1,0.2668525895034772
1,Elastic Net + Interval Features,C0258,2021-09-30,0,0.5927871292512777
1,Elastic Net + Interval Features,C0258,2021-12-31,1,0.559615899570786
1,Elastic Net + Interval Features,C0259,2021-09-30,0,0.28098516913217464
1,Elastic Net + Interval Features,C0259,2021-12-31,0,0.13122105006808774
1,Elastic Net + Interval Features,C0260,2021-09-30,0,0.35030510277621413
1,Elastic Net + Interval Features,C0260,2021-12-31,0,0.6687064787930508
1,Elastic Net + Interval Features,C0261,2021-09-30,0,0.4634866305211296
1,Elastic Net + Interval Features,C0261,2021-12-31,0,0.16800288243918152
1,Elastic Net + Interval Features,C0262,2021-09-30,1,0.4740316674656864
1,Elastic Net + Interval Features,C0262,2021-12-31,0,0.44662217258453146
1,Elastic Net + Interval Features,C0263,2021-09-30,0,0.2811907134248908
1,Elastic Net + Interval Features,C0263,2021-12-31,0,0.4201592031485686
1,Elastic Net + Interval Features,C0264,2021-09-30,0,0.5239193736977723
1,Elastic Net + Interval Features,C0264,2021-12-31,0,0.017246731283689615
1,Elastic Net + Interval Features,C0265,2021-09-30,0,0.647214881927264
1,Elastic Net + Interval Features,C0265,2021-12-31,0,0.6175596116971577
1,Elastic Net + Interval Features,C0266,2021-09-30,0,0.27150458207793227
1,Elastic Net + Interval Features,C0266,2021-12-31,0,0.23865998715918488
1,Elastic Net + Interval Features,C0267,2021-09-30,0,0.5025162288046613
1,Elastic Net + Interval Features,C0267,2021-12-31,0,0.6123141608582083
1,Elastic Net + Interval Features,C0268,2021-09-30,0,0.3299251022363236
1,Elastic Net + Interval Features,C0268,2021-12-31,0,0.3356543950193473
1,Elastic Net + Interval Features,C0269,2021-09-30,0,0.3856428141432528
1,Elastic Net + Interval Features,C0269,2021-12-31,0,0.2605622775486153
1,Elastic Net + Interval Features,C0270,2021-09-30,0,0.35148829053495056
1,Elastic Net + Interval Features,C0270,2021-12-31,0,0.2847175392936807
1,Elastic Net + Interval Features,C0271,2021-09-30,0,0.6213376357297046
1,Elastic Net + Interval Features,C0271,2021-12-31,0,0.488503035017438
1,Elastic Net + Interval Features,C0272,2021-09-30,0,0.17202068288964753
1,Elastic Net + Interval Features,C0272,2021-12-31,0,0.3886918510739122
1,Elastic Net + Interval Features,C0273,2021-09-30,0,0.7272543359655975
1,Elastic Net + Interval Features,C0273,2021-12-31,1,0.594139223709124
1,Elastic Net + Interval Features,C0274,2021-09-30,0,0.33258886181780806
1,Elastic Net + Interval Features,C0274,2021-12-31,1,0.5332747499785389
1,Elastic Net + Interval Features,C0275,2021-09-30,0,0.23167126217229364
1,Elastic Net + Interval Features,C0275,2021-12-31,0,0.1367837691074616
1,Elastic Net + Interval Features,C0276,2021-09-30,0,0.2547748407864672
1,Elastic Net + Interval Features,C0276,2021-12-31,0,0.481869062761502
1,Elastic Net + Interval Features,C0277,2021-09-30,0,0.7854313327982387
1,Elastic Net + Interval Features,C0277,2021-12-31,0,0.6371073970862574
1,Elastic Net + Interval Features,C0278,2021-09-30,0,0.3766126792839004
1,Elastic Net + Interval Features,C0278,2021-12-31,0,0.42317343854407347
1,Elastic Net + Interval Features,C0279,2021-09-30,0,0.7438675796012139
1,Elastic Net + Interval Features,C0279,2021-12-31,0,0.7447455411933535
1,Elastic Net + Interval Features,C0280,2021-09-30,0,0.4931976413637919
1,Elastic Net + Interval Features,C0280,2021-12-31,0,0.6209130059925254
1,Elastic Net + Interval Features,C0281,2021-09-30,1,0.9671851651921933
1,Elastic Net + Interval Features,C0281,2021-12-31,1,0.9477174025738317
1,Elastic Net + Interval Features,C0282,2021-09-30,0,0.4327962577727877
1,Elastic Net + Interval Features,C0282,2021-12-31,0,0.503451947925375
1,Elastic Net + Interval Features,C0283,2021-09-30,0,0.3237732130069534
1,Elastic Net + Interval Features,C0283,2021-12-31,1,0.49898155770089725
1,Elastic Net + Interval Features,C0284,2021-09-30,0,0.324483821576157
1,Elastic Net + Interval Features,C0284,2021-12-31,0,0.34424684656145627
1,Elastic Net + Interval Features,C0285,2021-09-30,0,0.5911201838734848
1,Elastic Net + Interval Features,C0285,2021-12-31,0,0.46772081293788376
1,Elastic Net + Interval Features,C0286,2021-09-30,0,0.7179440078076164
1,Elastic Net + Interval Features,C0286,2021-12-31,0,0.6986809082760694
1,Elastic Net + Interval Features,C0287,2021-09-30,0,0.29767389870051536
1,Elastic Net + Interval Features,C0287,2021-12-31,0,0.2678047176125497
1,Elastic Net + Interval Features,C0288,2021-09-30,0,0.49605224849241164
1,Elastic Net + Interval Features,C0288,2021-12-31,0,0.46970714157833604
1,Elastic Net + Interval Features,C0289,2021-09-30,1,0.480164872446187
1,Elastic Net + Interval Features,C0289,2021-12-31,0,0.8477702252820374
1,Elastic Net + Interval Features,C0290,2021-09-30,0,0.872132914798686
1,Elastic Net + Interval Features,C0290,2021-12-31,0,0.8512651860887431
1,Elastic Net + Interval Features,C0291,2021-09-30,0,0.013201666234341845
1,Elastic Net + Interval Features,C0291,2021-12-31,0,0.4323419009381236
1,Elastic Net + Interval Features,C0292,2021-09-30,0,0.3648533252122165
1,Elastic Net + Interval Features,C0292,2021-12-31,0,0.34713957294293907
1,Elastic Net + Interval Features,C0293,2021-09-30,0,0.49719907786130946
1,Elastic Net + Interval Features,C0293,2021-12-31,0,0.3729743739708605
1,Elastic Net + Interval Features,C0294,2021-09-30,0,0.49860660663086953
1,Elastic Net + Interval Features,C0294,2021-12-31,0,0.5307248429796072
1,Elastic Net + Interval Features,C0295,2021-09-30,1,0.5392325569046439
1,Elastic Net + Interval Features,C0295,2021-12-31,0,0.3600333953886945
1,Elastic Net + Interval Features,C0296,2021-09-30,0,0.37180082860640506
1,Elastic Net + Interval Features,C0296,2021-12-31,0,0.6203019679679057
1,Elastic Net + Interval Features,C0297,2021-09-30,0,0.6458482206109856
1,Elastic Net + Interval Features,C0297,2021-12-31,0,0.4546299743825012
1,Elastic Net + Interval Features,C0298,2021-09-30,0,0.5433015826054363
1,Elastic Net + Interval Features,C0298,2021-12-31,0,0.5444958388615952
1,Elastic Net + Interval Features,C0299,2021-09-30,0,0.6013117951940657
1,Elastic Net + Interval Features,C0299,2021-12-31,0,0.5288840966517124
2,Elastic Net + Interval Features,C0000,2022-03-31,0,0.4942728272826001
2,Elastic Net + Interval Features,C0000,2022-06-30,1,0.6114346690571735
2,Elastic Net + Interval Features,C0001,2022-03-31,0,0.881147195509554
2,Elastic Net + Interval Features,C0001,2022-06-30,1,0.8115235619241631
2,Elastic Net + Interval Features,C0002,2022-03-31,0,0.22787336721508678
2,Elastic Net + Interval Features,C0002,2022-06-30,0,0.3812349387162222
2,Elastic Net + Interval Features,C0003,2022-03-31,0,0.4916151100787039
2,Elastic Net + Interval Features,C0003,2022-06-30,0,0.3909328247490692
2,Elastic Net + Interval Features,C0004,2022-03-31,0,0.3236250081830439
2,Elastic Net + Interval Features,C0004,2022-06-30,0,0.28121425810386796
2,Elastic Net + Interval Features,C0005,2022-03-31,0,0.24005950520018524
2,Elastic Net + Interval Features,C0005,2022-06-30,0,0.2789620364755631
2,Elastic Net + Interval Features,C0006,2022-03-31,0,0.7142769449655927
2,Elastic Net + Interval Features,C0006,2022-06-30,1,0.5335788957881165
2,Elastic Net + Interval Features,C0007,2022-03-31,1,0.5757361288796509
2,Elastic Net + Interval Features,C0007,2022-06-30,0,0.578446510224833
2,Elastic Net + Interval Features,C0008,2022-03-31,0,0.2554212719788307
2,Elastic Net + Interval Features,C0008,2022-06-30,0,0.4673858425728141
2,Elastic Net + Interval Features,C0009,2022-03-31,0,0.6776693408981285
2,Elastic Net + Interval Features,C0009,2022-06-30,0,0.49222556734967116
2,Elastic Net + Interval Features,C0010,2022-03-31,0,0.26013849003402784
2,Elastic Net + Interval Features,C0010,2022-06-30,1,0.3756580885371735
2,Elastic Net + Interval Features,C0011,2022-03-31,0,0.1252630531776775
2,Elastic Net + Interval Features,C0011,2022-06-30,0,0.08178907472001558
2,Elastic Net + Interval Features,C0012,2022-03-31,0,0.1568357363933125
2,Elastic Net + Interval Features,C0012,2022-06-30,0,0.191506231815061
2,Elastic Net + Interval Features,C0013,2022-03-31,0,0.49849653467051636
2,Elastic Net + Interval Features,C0013,2022-06-30,0,0.6374552540540299
2,Elastic Net + Interval Features,C0014,2022-03-31,1,0.6206884835384977
2,Elastic Net + Interval Features,C0014,2022-06-30,0,0.5951876178692186
2,Elastic Net + Interval Features,C0015,2022-03-31,0,0.2357420109810385
2,Elastic Net + Interval Features,C0015,2022-06-30,0,0.5358641861411558
2,Elastic Net + Interval Features,C0016,2022-03-31,0,0.37446981622119213
2,Elastic Net + Interval Features,C0016,2022-06-30,1,0.24953948067040926
2,Elastic Net + Interval Features,C0017,2022-03-31,0,0.47655344025740975
2,Elastic Net + Interval Features,C0017,2022-06-30,0,0.3736483014443782
2,Elastic Net + Interval Features,C0018,2022-03-31,0,0.6361126307218442
2,Elastic Net + Interval Features,C0018,2022-06-30,1,0.40127906389202245
2,Elastic Net + Interval Features,C0019,2022-03-31,0,0.6749398509213976
2,Elastic Net + Interval Features,C0019,2022-06-30,1,0.3051184844142348
2,Elastic Net + Interval Features,C0020,2022-03-31,0,0.41460267005094803
2,Elastic Net + Interval Features,C0020,2022-06-30,0,0.23133142230421277
2,Elastic Net + Interval Features,C0021,2022-03-31,0,0.28783383036189164
2,Elastic Net + Interval Features,C0021,2022-06-30,0,0.42581052617511017
2,Elastic Net + Interval Features,C0022,2022-03-31,0,0.4971681259417499
2,Elastic Net + Interval Features,C0022,2022-06-30,0,0.35287365455251113
2,Elastic Net + Interval Features,C0023,2022-03-31,0,0.31110418576659593
2,Elastic Net + Interval Features,C0023,2022-06-30,0,0.260968242809297
2,Elastic Net + Interval Features,C0024,2022-03-31,0,0.7281028162630051
2,Elastic Net + Interval Features,C0024,2022-06-30,0,0.6623771559743178
2,Elastic Net + Interval Features,C0025,2022-03-31,0,0.33837219930280876
2,Elastic Net + Interval Features,C0025,2022-06-30,0,0.2898119514195063
2,Elastic Net + Interval Features,C0026,2022-03-31,0,0.346059730343669
2,Elastic Net + Interval Features,C0026,2022-06-30,0,0.5647933810200514
2,Elastic Net + Interval Features,C0027,2022-03-31,0,0.5361732219698826
2,Elastic Net + Interval Features,C0027,2022-06-30,0,0.6405431254630698
2,Elastic Net + Interval Features,C0028,2022-03-31,0,0.4418569264723989
2,Elastic Net + Interval Features,C0028,2022-06-30,0,0.37303046878777557
2,Elastic Net + Interval Features,C0029,2022-03-31,0,0.5839994242459623
2,Elastic Net + Interval Features,C0029,2022-06-30,0,0.5071876667725982
2,Elastic Net + Interval Features,C0030,2022-03-31,0,0.4008596571834289
2,Elastic Net + Interval Features,C0030,2022-06-30,0,0.5301717281398871
2,Elastic Net + Interval Features,C0031,2022-03-31,0,0.3519080066938539
2,Elastic Net + Interval Features,C0031,2022-06-30,0,0.6314756375328527
2,Elastic Net + Interval Features,C0032,2022-03-31,1,0.4998964813403426
2,Elastic Net + Interval Features,C0032,2022-06-30,0,0.637388019735858
2,Elastic Net + Interval Features,C0033,2022-03-31,0,0.6471574325055138
2,Elastic Net + Interval Features,C0033,2022-06-30,1,0.4670891086836738
2,Elastic Net + Interval Features,C0034,2022-03-31,0,0.3771287279643948
2,Elastic Net + Interval Features,C0034,2022-06-30,0,0.43143406955910557
2,Elastic Net + Interval Features,C0035,2022-03-31,0,0.48035244131407234
2,Elastic Net + Interval Features,C0035,2022-06-30,0,0.4815744223171593
2,Elastic Net + Interval Features,C0036,2022-03-31,0,0.3263656351180293
2,Elastic Net + Interval Features,C0036,2022-06-30,0,0.29768111798557645
2,Elastic Net + Interval Features,C0037,2022-03-31,0,0.7707640683172827
2,Elastic Net + Interval Features,C0037,2022-06-30,0,0.6647289739759707
2,Elastic Net + Interval Features,C0038,2022-03-31,0,0.31588620857809124
2,Elastic Net + Interval Features,C0038,2022-06-30,0,0.5092405942008318
2,Elastic Net + Interval Features,C0039,2022-03-31,0,0.37450984050362224
2,Elastic Net + Interval Features,C0039,2022-06-30,0,0.5078443644279728
2,Elastic Net + Interval Features,C0040,2022-03-31,0,0.32450268610955574
2,Elastic Net + Interval Features,C0040,2022-06-30,0,0.2282622403612751
2,Elastic Net + Interval Features,C0041,2022-03-31,1,0.7241191369898675
2,Elastic Net + Interval Features,C0041,2022-06-30,0,0.7298830754488825
2,Elastic Net + Interval Features,C0042,2022-03-31,0,0.28108273903712
2,Elastic Net + Interval Features,C0042,2022-06-30,0,0.17233187704014263
2,Elastic Net + Interval Features,C0043,2022-03-31,0,0.1575714202465438
2,Elastic Net + Interval Features,C0043,2022-06-30,0,0.18489931149723748
2,Elastic Net + Interval Features,C0044,2022-03-31,0,0.11441280865992651
2,Elastic Net + Interval Features,C0044,2022-06-30,0,0.12876983703362505
2,Elastic Net + Interval Features,C0045,2022-03-31,0,0.33465001391666754
2,Elastic Net + Interval Features,C0045,2022-06-30,0,0.19773025514109827
2,Elastic Net + Interval Features,C0046,2022-03-31,0,0.19650739280367585
2,Elastic Net + Interval Features,C0046,2022-06-30,0,0.16974291724482393
2,Elastic Net + Interval Features,C0047,2022-03-31,1,0.7998073191261238
2,Elastic Net + Interval Features,C0047,2022-06-30,0,0.6371383118612352
2,Elastic Net + Interval Features,C0048,2022-03-31,1,0.6128120865875452
2,Elastic Net + Interval Features,C0048,2022-06-30,1,0.432325001314886
2,Elastic Net + Interval Features,C0049,2022-03-31,0,0.48819989379956114
2,Elastic Net + Interval Features,C0049,2022-06-30,0,0.259784093172806
2,Elastic Net + Interval Features,C0050,2022-03-31,0,0.2864190448359037
2,Elastic Net + Interval Features,C0050,2022-06-30,0,0.3734882019370779
2,Elastic Net + Interval Features,C0051,2022-03-31,0,0.31306854328600436
2,Elastic Net + Interval Features,C0051,2022-06-30,1,0.3236548047936886
2,Elastic Net + Interval Features,C0052,2022-03-31,0,0.3629176932018529
2,Elastic Net + Interval Features,C0052,2022-06-30,0,0.434682118612421
2,Elastic Net + Interval Features,C0053,2022-03-31,0,0.8764823067825976
2,Elastic Net + Interval Features,C0053,2022-06-30,0,0.772707502647825
2,Elastic Net + Interval Features,C0054,2022-03-31,0,0.19866618223869634
2,Elastic Net + Interval Features,C0054,2022-06-30,0,0.2914664872128109
2,Elastic Net + Interval Features,C0055,2022-03-31,0,0.958292145186201
2,Elastic Net + Interval Features,C0055,2022-06-30,0,0.9585323638428853
2,Elastic Net + Interval Features,C0056,2022-03-31,0,0.5755540254531005
2,Elastic Net + Interval Features,C0056,2022-06-30,1,0.6161142374557249
2,Elastic Net + Interval Features,C0057,2022-03-31,0,0.998963443758718
2,Elastic Net + Interval Features,C0057,2022-06-30,1,0.5377629946156413
2,Elastic Net + Interval Features,C0058,2022-03-31,1,0.6543327882855902
2,Elastic Net + Interval Features,C0058,2022-06-30,0,0.6550550814179827
2,Elastic Net + Interval Features,C0059,2022-03-31,0,0.4739512080909895
2,Elastic Net + Interval Features,C0059,2022-06-30,1,0.46945162303363247
2,Elastic Net + Interval Features,C0060,2022-03-31,0,0.32475889716578665
2,Elastic Net + Interval Features,C0060,2022-06-30,0,0.30589028842764143
2,Elastic Net + Interval Features,C0061,2022-03-31,0,0.4413444340007068
2,Elastic Net + Interval Features,C0061,2022-06-30,0,0.553600950899926
2,Elastic Net + Interval Features,C0062,2022-03-31,0,0.6640564071801208
2,Elastic Net + Interval Features,C0062,2022-06-30,1,0.7724031373741873
2,Elastic Net + Interval Features,C0063,2022-03-31,0,0.6694913718521629
2,Elastic Net + Interval Features,C0063,2022-06-30,0,0.392550723769596
2,Elastic Net + Interval Features,C0064,2022-03-31,0,0.3164281899737467
2,Elastic Net + Interval Features,C0064,2022-06-30,0,0.41960338212546394
2,Elastic Net + Interval Features,C0065,2022-03-31,1,0.7750617384965953
2,Elastic Net + Interval Features,C0065,2022-06-30,1,0.6122328913720199
2,Elastic Net + Interval Features,C0066,2022-03-31,0,0.3438409992639546
2,Elastic Net + Interval Features,C0066,2022-06-30,0,0.19827769386838903
2,Elastic Net + Interval Features,C0067,2022-03-31,0,0.15372535946270058
2,Elastic Net + Interval Features,C0067,2022-06-30,0,0.22122545293266851
2,Elastic Net + Interval Features,C0068,2022-03-31,0,0.46757134389179333
2,Elastic Net + Interval Features,C0068,2022-06-30,1,0.46595976708090864
2,Elastic Net + Interval Features,C0069,2022-03-31,0,0.7827409676667627
2,Elastic Net + Interval Features,C0069,2022-06-30,0,0.5410691638024678
2,Elastic Net + Interval Features,C0070,2022-03-31,0,0.3598375055264856
2,Elastic Net + Interval Features,C0070,2022-06-30,0,0.26845384639189857
2,Elastic Net + Interval Features,C0071,2022-03-31,0,0.4107353582817209
2,Elastic Net + Interval Features,C0071,2022-06-30,0,0.4828577653535586
2,Elastic Net + Interval Features,C0072,2022-03-31,0,0.5912828197459603
2,Elastic Net + Interval Features,C0072,2022-06-30,0,0.4024585939630158
2,Elastic Net + Interval Features,C0073,2022-03-31,0,0.20580489431386467
2,Elastic Net + Interval Features,C0073,2022-06-30,0,0.2544783183775552
2,Elastic Net + Interval Features,C0074,2022-03-31,0,0.4274765724566338
2,Elastic Net + Interval Features,C0074,2022-06-30,0,0.4265595356404019
2,Elastic Net + Interval Features,C0075,2022-03-31,0,0.5101140650531248
2,Elastic Net + Interval Features,C0075,2022-06-30,0,0.40464146610506785
2,Elastic Net + Interval Features,C0076,2022-03-31,0,0.14773305511015708
2,Elastic Net + Interval Features,C0076,2022-06-30,0,0.20706298409182544
2,Elastic Net + Interval Features,C0077,2022-03-31,0,0.49644122513196737
2,Elastic Net + Interval Features,C0077,2022-06-30,0,0.5945326480516387
2,Elastic Net + Interval Features,C0078,2022-03-31,0,0.18534568801176368
2,Elastic Net + Interval Features,C0078,2022-06-30,0,0.23911900849978313
2,Elastic Net + Interval Features,C0079,2022-03-31,0,0.7867799893279179
2,Elastic Net + Interval Features,C0079,2022-06-30,0,0.6922992844921515
2,Elastic Net + Interval Features,C0080,2022-03-31,0,0.5376830200087349
2,Elastic Net + Interval Features,C0080,2022-06-30,0,0.2681496197502094
2,Elastic Net + Interval Features,C0081,2022-03-31,0,0.3546320740629197
2,Elastic Net + Interval Features,C0081,2022-06-30,0,0.30438152817403535
2,Elastic Net + Interval Features,C0082,2022-03-31,1,0.7756313439523714
2,Elastic Net + Interval Features,C0082,2022-06-30,0,0.8458534793668964
2,Elastic Net + Interval Features,C0083,2022-03-31,0,0.5729396238763468
2,Elastic Net + Interval Features,C0083,2022-06-30,0,0.42354456060021317
2,Elastic Net + Interval Features,C0084,2022-03-31,0,0.05934200020539472
2,Elastic Net + Interval Features,C0084,2022-06-30,0,0.043906625714301865
2,Elastic Net + Interval Features,C0085,2022-03-31,0,0.4621087086073053
2,Elastic Net + Interval Features,C0085,2022-06-30,0,0.3613188580829914
2,Elastic Net + Interval Features,C0086,2022-03-31,1,0.23002944198011063
2,Elastic Net + Interval Features,C0086,2022-06-30,1,0.43849704556333197
2,Elastic Net + Interval Features,C0087,2022-03-31,0,0.5925557714963311
2,Elastic Net + Interval Features,C0087,2022-06-30,0,0.3956213272122552
2,Elastic Net + Interval Features,C0088,2022-03-31,0,0.2405100865942133
2,Elastic Net + Interval Features,C0088,2022-06-30,0,0.2409652244418084
2,Elastic Net + Interval Features,C0089,2022-03-31,0,0.5730463862520727
2,Elastic Net + Interval Features,C0089,2022-06-30,0,0.4863500523129616
2,Elastic Net + Interval Features,C0090,2022-03-31,1,0.8788934338161245
2,Elastic Net + Interval Features,C0090,2022-06-30,1,0.7935139133857391
2,Elastic Net + Interval Features,C0091,2022-03-31,0,0.2551438374898685
2,Elastic Net + Interval Features,C0091,2022-06-30,0,0.2727708769797789
2,Elastic Net + Interval Features,C0092,2022-03-31,0,0.31685391267716323
2,Elastic Net + Interval Features,C0092,2022-06-30,0,0.2882362283929879
2,Elastic Net + Interval Features,C0093,2022-03-31,1,0.20938542234082366
2,Elastic Net + Interval Features,C0093,2022-06-30,0,0.1750242590231961
2,Elastic Net + Interval Features,C0094,2022-03-31,0,0.10922966609502877
2,Elastic Net + Interval Features,C0094,2022-06-30,0,0.10721972566481848
2,Elastic Net + Interval Features,C0095,2022-03-31,0,0.3060836708699199
2,Elastic Net + Interval Features,C0095,2022-06-30,0,0.33572468506935416
2,Elastic Net + Interval Features,C0096,2022-03-31,0,0.39149148562765756
2,Elastic Net + Interval Features,C0096,2022-06-30,0,0.41166351512612004
2,Elastic Net + Interval Features,C0097,2022-03-31,0,0.6332767750229193
2,Elastic Net + Interval Features,C0097,2022-06-30,0,0.5676041776989109
2,Elastic Net + Interval Features,C0098,2022-03-31,0,0.321618366390659
2,Elastic Net + Interval Features,C0098,2022-06-30,0,0.4271488954798727
2,Elastic Net + Interval Features,C0099,2022-03-31,1,0.4654777913784056
2,Elastic Net + Interval Features,C0099,2022-06-30,0,0.293663079085604
2,Elastic Net + Interval Features,C0100,2022-03-31,0,0.44842332224140763
2,Elastic Net + Interval Features,C0100,2022-06-30,0,0.44823689791027405
2,Elastic Net + Interval Features,C0101,2022-03-31,0,0.5659247261342768
2,Elastic Net + Interval Features,C0101,2022-06-30,0,0.45664632121153764
2,Elastic Net + Interval Features,C0102,2022-03-31,0,0.4736157533802536
2,Elastic Net + Interval Features,C0102,2022-06-30,0,0.7058135138040083
2,Elastic Net + Interval Features,C0103,2022-03-31,0,0.09185674589872189
2,Elastic Net + Interval Features,C0103,2022-06-30,0,0.19906540486965993
2,Elastic Net + Interval Features,C0104,2022-03-31,0,0.4700415615422841
2,Elastic Net + Interval Features,C0104,2022-06-30,0,0.011474262751520487
2,Elastic Net + Interval Features,C0105,2022-03-31,0,0.5202642197979527
2,Elastic Net + Interval Features,C0105,2022-06-30,1,0.5327049051676491
2,Elastic Net + Interval Features,C0106,2022-03-31,0,0.6786318108472781
2,Elastic Net + Interval Features,C0106,2022-06-30,1,0.5934670790885679
2,Elastic Net + Interval Features,C0107,2022-03-31,0,0.5773697356936801
2,Elastic Net + Interval Features,C0107,2022-06-30,0,0.37152447168256314
2,Elastic Net + Interval Features,C0108,2022-03-31,0,0.7965894553134365
2,Elastic Net + Interval Features,C0108,2022-06-30,0,0.7921532720200049
2,Elastic Net + Interval Features,C0109,2022-03-31,0,0.5830330367954606
2,Elastic Net + Interval Features,C0109,2022-06-30,0,0.47002135313962123
2,Elastic Net + Interval Features,C0110,2022-03-31,0,0.6332454750229015
2,Elastic Net + Interval Features,C0110,2022-06-30,0,0.4984201394191648
2,Elastic Net + Interval Features,C0111,2022-03-31,0,0.3468533297549278
2,Elastic Net + Interval Features,C0111,2022-06-30,0,0.40870818528394903
2,Elastic Net + Interval Features,C0112,2022-03-31,0,0.33833424513580895
2,Elastic Net + Interval Features,C0112,2022-06-30,0,0.8179985388643934
2,Elastic Net + Interval Features,C0113,2022-03-31,0,0.3550895541609624
2,Elastic Net + Interval Features,C0113,2022-06-30,1,0.38823424345211105
2,Elastic Net + Interval Features,C0114,2022-03-31,0,0.1057346831056457
2,Elastic Net + Interval Features,C0114,2022-06-30,0,0.0026501053906470224
2,Elastic Net + Interval Features,C0115,2022-03-31,1,0.5287903036888615
2,Elastic Net + Interval Features,C0115,2022-06-30,0,0.1736703357422403
2,Elastic Net + Interval Features,C0116,2022-03-31,1,0.268685410609165
2,Elastic Net + Interval Features,C0116,2022-06-30,0,0.3742823035544578
2,Elastic Net + Interval Features,C0117,2022-03-31,1,0.5373594602597453
2,Elastic Net + Interval Features,C0117,2022-06-30,0,0.17368424727329312
2,Elastic Net + Interval Features,C0118,2022-03-31,1,0.40414572983087854
2,Elastic Net + Interval Features,C0118,2022-06-30,1,0.4915252237641586
2,Elastic Net + Interval Features,C0119,2022-03-31,0,0.3275446288705873
2,Elastic Net + Interval Features,C0119,2022-06-30,0,0.24144019009422002
2,Elastic Net + Interval Features,C0120,2022-03-31,0,0.2698524863235073
2,Elastic Net + Interval Features,C0120,2022-06-30,0,0.28477141328269
2,Elastic Net + Interval Features,C0121,2022-03-31,0,0.8011210021927955
2,Elastic Net + Interval Features,C0121,2022-06-30,0,0.6427438509094169
2,Elastic Net + Interval Features,C0122,2022-03-31,0,0.5165478607843089
2,Elastic Net + Interval Features,C0122,2022-06-30,1,0.6614117186576933
2,Elastic Net + Interval Features,C0123,2022-03-31,0,0.3409298140544815
2,Elastic Net + Interval Features,C0123,2022-06-30,1,0.40238515038734424
2,Elastic Net + Interval Features,C0124,2022-03-31,0,0.6971738234482564
2,Elastic Net + Interval Features,C0124,2022-06-30,1,0.7575759147256818
2,Elastic Net + Interval Features,C0125,2022-03-31,0,0.7208173921786053
2,Elastic Net + Interval Features,C0125,2022-06-30,1,0.3427833933448801
2,Elastic Net + Interval Features,C0126,2022-03-31,0,0.23910752742444313
2,Elastic Net + Interval Features,C0126,2022-06-30,0,0.1894323695406938
2,Elastic Net + Interval Features,C0127,2022-03-31,0,0.15494178620030394
2,Elastic Net + Interval Features,C0127,2022-06-30,0,0.39108820243435255
2,Elastic Net + Interval Features,C0128,2022-03-31,0,0.2653478342700718
2,Elastic Net + Interval Features,C0128,2022-06-30,0,0.3446836216500168
2,Elastic Net + Interval Features,C0129,2022-03-31,1,0.6313919012808076
2,Elastic Net + Interval Features,C0129,2022-06-30,0,0.49878490314469315
2,Elastic Net + Interval Features,C0130,2022-03-31,0,0.45820014844422974
2,Elastic Net + Interval Features,C0130,2022-06-30,1,0.367813088250183
2,Elastic Net + Interval Features,C0131,2022-03-31,0,0.5265369287876052
2,Elastic Net + Interval Features,C0131,2022-06-30,1,0.45058855450211033
2,Elastic Net + Interval Features,C0132,2022-03-31,0,0.21402637432122712
2,Elastic Net + Interval Features,C0132,2022-06-30,0,0.23500235073437314
2,Elastic Net + Interval Features,C0133,2022-03-31,0,0.39607168204227383
2,Elastic Net + Interval Features,C0133,2022-06-30,0,0.3392670185001708
2,Elastic Net + Interval Features,C0134,2022-03-31,1,0.8417523638168926
2,Elastic Net + Interval Features,C0134,2022-06-30,1,0.8453405227247113
2,Elastic Net + Interval Features,C0135,2022-03-31,1,0.4334855766303823
2,Elastic Net + Interval Features,C0135,2022-06-30,0,0.6033338664901995
2,Elastic Net + Interval Features,C0136,2022-03-31,0,0.723442556441999
2,Elastic Net + Interval Features,C0136,2022-06-30,0,0.5674059984163483
2,Elastic Net + Interval Features,C0137,2022-03-31,0,0.26374543246936427
2,Elastic Net + Interval Features,C0137,2022-06-30,0,0.3864764885253822
2,Elastic Net + Interval Features,C0138,2022-03-31,0,0.41535343191263074
2,Elastic Net + Interval Features,C0138,2022-06-30,0,0.43889639688724136
2,Elastic Net + Interval Features,C0139,2022-03-31,0,0.5488422436802083
2,Elastic Net + Interval Features,C0139,2022-06-30,0,0.4208514652800969
2,Elastic Net + Interval Features,C0140,2022-03-31,0,0.39970392057392906
2,Elastic Net + Interval Features,C0140,2022-06-30,0,0.6069794032690807
2,Elastic Net + Interval Features,C0141,2022-03-31,0,0.28070777542594644
2,Elastic Net + Interval Features,C0141,2022-06-30,0,0.4979865032341794
2,Elastic Net + Interval Features,C0142,2022-03-31,0,0.2686363075571812
2,Elastic Net + Interval Features,C0142,2022-06-30,0,0.2803791119544784
2,Elastic Net + Interval Features,C0143,2022-03-31,0,0.4833387879610613
2,Elastic Net + Interval Features,C0143,2022-06-30,1,0.657602232634533
2,Elastic Net + Interval Features,C0144,2022-03-31,0,0.34140271225699775
2,Elastic Net + Interval Features,C0144,2022-06-30,0,0.17101196902395208
2,Elastic Net + Interval Features,C0145,2022-03-31,0,0.45051057512376425
2,Elastic Net + Interval Features,C0145,2022-06-30,1,0.5141473648230479
2,Elastic Net + Interval Features,C0146,2022-03-31,0,0.18301748914586463
2,Elastic Net + Interval Features,C0146,2022-06-30,0,0.22540925549695992
2,Elastic Net + Interval Features,C0147,2022-03-31,0,0.40403156227697057
2,Elastic Net + Interval Features,C0147,2022-06-30,0,0.46803396091314364
2,Elastic Net + Interval Features,C0148,2022-03-31,0,0.3374953393259026
2,Elastic Net + Interval Features,C0148,2022-06-30,0,0.24402283918968096
2,Elastic Net + Interval Features,C0149,2022-03-31,0,0.26530095540237897
2,Elastic Net + Interval Features,C0149,2022-06-30,0,0.24103146122076358
2,Elastic Net + Interval Features,C0150,2022-03-31,1,0.8472577585925283
2,Elastic Net + Interval Features,C0150,2022-06-30,1,0.8210599279234536
2,Elastic Net + Interval Features,C0151,2022-03-31,0,0.6307625725030708
2,Elastic Net + Interval Features,C0151,2022-06-30,0,0.6637489708110339
2,Elastic Net + Interval Features,C0152,2022-03-31,1,0.4045169835012834
2,Elastic Net + Interval Features,C0152,2022-06-30,0,0.32299300630476563
2,Elastic Net + Interval Features,C0153,2022-03-31,1,0.5823572879140329
2,Elastic Net + Interval Features,C0153,2022-06-30,1,0.5172388705948685
2,Elastic Net + Interval Features,C0154,2022-03-31,0,0.24821733776765034
2,Elastic Net + Interval Features,C0154,2022-06-30,0,0.16961655120530506
2,Elastic Net + Interval Features,C0155,2022-03-31,0,0.2529663166779672
2,Elastic Net + Interval Features,C0155,2022-06-30,0,0.1711602059758127
2,Elastic Net + Interval Features,C0156,2022-03-31,0,0.6404106533668634
2,Elastic Net + Interval Features,C0156,2022-06-30,0,0.4626721982708121
2,Elastic Net + Interval Features,C0157,2022-03-31,0,0.4002788083694492
2,Elastic Net + Interval Features,C0157,2022-06-30,0,0.5906867871757817
2,Elastic Net + Interval Features,C0158,2022-03-31,0,0.29145893313580185
2,Elastic Net + Interval Features,C0158,2022-06-30,1,0.5661592585913595
2,Elastic Net + Interval Features,C0159,2022-03-31,0,0.6717893384225258
2,Elastic Net + Interval Features,C0159,2022-06-30,0,0.86103833555008
2,Elastic Net + Interval Features,C0160,2022-03-31,0,0.21681969787841776
2,Elastic Net + Interval Features,C0160,2022-06-30,0,0.29251180203745647
2,Elastic Net + Interval Features,C0161,2022-03-31,0,0.3517858951097704
2,Elastic Net + Interval Features,C0161,2022-06-30,0,0.41636178625618137
2,Elastic Net + Interval Features,C0162,2022-03-31,0,0.7391438584982587
2,Elastic Net + Interval Features,C0162,2022-06-30,0,0.6588267266839133
2,Elastic Net + Interval Features,C0163,2022-03-31,0,0.4746189208389402
2,Elastic Net + Interval Features,C0163,2022-06-30,1,0.41715259864454846
2,Elastic Net + Interval Features,C0164,2022-03-31,0,0.4584673406035458
2,Elastic Net + Interval Features,C0164,2022-06-30,0,0.556417644951323
2,Elastic Net + Interval Features,C0165,2022-03-31,0,0.8222909309453005
2,Elastic Net + Interval Features,C0165,2022-06-30,1,0.8914544003580481
2,Elastic Net + Interval Features,C0166,2022-03-31,0,0.761502964670845
2,Elastic Net + Interval Features,C0166,2022-06-30,0,0.09944534548387755
2,Elastic Net + Interval Features,C0167,2022-03-31,0,0.315680954483682
2,Elastic Net + Interval Features,C0167,2022-06-30,0,0.44602183750297775
2,Elastic Net + Interval Features,C0168,2022-03-31,0,0.6443387825627837
2,Elastic Net + Interval Features,C0168,2022-06-30,0,0.5877694708926602
2,Elastic Net + Interval Features,C0169,2022-03-31,1,0.9004578228497543
2,Elastic Net + Interval Features,C0169,2022-06-30,1,0.8631325324929775
2,Elastic Net + Interval Features,C0170,2022-03-31,0,0.10868244393770955
2,Elastic Net + Interval Features,C0170,2022-06-30,0,0.8363822238487205
2,Elastic Net + Interval Features,C0171,2022-03-31,0,0.6115573733974323
2,Elastic Net + Interval Features,C0171,2022-06-30,0,0.0470467800096153
2,Elastic Net + Interval Features,C0172,2022-03-31,0,0.3053451141458923
2,Elastic Net + Interval Features,C0172,2022-06-30,0,0.3996252359496667
2,Elastic Net + Interval Features,C0173,2022-03-31,0,0.1982099679443657
2,Elastic Net + Interval Features,C0173,2022-06-30,0,0.22414936619051742
2,Elastic Net + Interval Features,C0174,2022-03-31,0,0.1307799747943449
2,Elastic Net + Interval Features,C0174,2022-06-30,0,0.23261335402621136
2,Elastic Net + Interval Features,C0175,2022-03-31,0,0.1652182896716763
2,Elastic Net + Interval Features,C0175,2022-06-30,0,0.20016202874676514
2,Elastic Net + Interval Features,C0176,2022-03-31,0,0.5015726368625851
2,Elastic Net + Interval Features,C0176,2022-06-30,1,0.47826374925251836
2,Elastic Net + Interval Features,C0177,2022-03-31,1,0.6764434450187311
2,Elastic Net + Interval Features,C0177,2022-06-30,0,0.7275703170494124
2,Elastic Net + Interval Features,C0178,2022-03-31,1,0.4772903658444177
2,Elastic Net + Interval Features,C0178,2022-06-30,0,0.3576602684505112
2,Elastic Net + Interval Features,C0179,2022-03-31,1,0.5471537383726276
2,Elastic Net + Interval Features,C0179,2022-06-30,0,0.5762966465360305
2,Elastic Net + Interval Features,C0180,2022-03-31,0,0.5125724523964524
2,Elastic Net + Interval Features,C0180,2022-06-30,0,0.4361736356793578
2,Elastic Net + Interval Features,C0181,2022-03-31,0,0.6284936206898721
2,Elastic Net + Interval Features,C0181,2022-06-30,0,0.3382850169392965
2,Elastic Net + Interval Features,C0182,2022-03-31,0,0.6414549745571105
2,Elastic Net + Interval Features,C0182,2022-06-30,0,0.6930160610719347
2,Elastic Net + Interval Features,C0183,2022-03-31,0,0.2234340694717713
2,Elastic Net + Interval Features,C0183,2022-06-30,0,0.22723075689878916
2,Elastic Net + Interval Features,C0184,2022-03-31,0,0.3948189420842349
2,Elastic Net + Interval Features,C0184,2022-06-30,0,0.5412731225328097
2,Elastic Net + Interval Features,C0185,2022-03-31,1,0.5385073831163092
2,Elastic Net + Interval Features,C0185,2022-06-30,0,0.42368846160853973
2,Elastic Net + Interval Features,C0186,2022-03-31,0,0.602937256548788
2,Elastic Net + Interval Features,C0186,2022-06-30,0,0.4905294400603734
2,Elastic Net + Interval Features,C0187,2022-03-31,0,0.5454964700985918
2,Elastic Net + Interval Features,C0187,2022-06-30,0,0.441608766178133
2,Elastic Net + Interval Features,C0188,2022-03-31,0,0.43882100368494087
2,Elastic Net + Interval Features,C0188,2022-06-30,0,0.4614349945830184
2,Elastic Net + Interval Features,C0189,2022-03-31,0,0.2996508263166717
2,Elastic Net + Interval Features,C0189,2022-06-30,0,0.2594879719274585
2,Elastic Net + Interval Features,C0190,2022-03-31,0,0.19648106818806924
2,Elastic Net + Interval Features,C0190,2022-06-30,1,0.29781509050268296
2,Elastic Net + Interval Features,C0191,2022-03-31,0,0.01828173374914002
2,Elastic Net + Interval Features,C0191,2022-06-30,0,0.05170398535114912
2,Elastic Net + Interval Features,C0192,2022-03-31,0,0.27518218801003347
2,Elastic Net + Interval Features,C0192,2022-06-30,0,0.3603121650114779
2,Elastic Net + Interval Features,C0193,2022-03-31,0,0.17044338542367532
2,Elastic Net + Interval Features,C0193,2022-06-30,0,0.3617376859870246
2,Elastic Net + Interval Features,C0194,2022-03-31,0,0.4435920602797825
2,Elastic Net + Interval Features,C0194,2022-06-30,0,0.3699594243200839
2,Elastic Net + Interval Features,C0195,2022-03-31,0,0.28825857509530456
2,Elastic Net + Interval Features,C0195,2022-06-30,0,0.22624110017275179
2,Elastic Net + Interval Features,C0196,2022-03-31,0,0.30946419467351066
2,Elastic Net + Interval Features,C0196,2022-06-30,0,0.22263475174924915
2,Elastic Net + Interval Features,C0197,2022-03-31,0,0.45239742185319254
2,Elastic Net + Interval Features,C0197,2022-06-30,0,0.37386883485327366
2,Elastic Net + Interval Features,C0198,2022-03-31,1,0.7470851739618981
2,Elastic Net + Interval Features,C0198,2022-06-30,0,0.2558444975566836
2,Elastic Net + Interval Features,C0199,2022-03-31,0,0.8480474390784596
2,Elastic Net + Interval Features,C0199,2022-06-30,0,0.8361860527987869
2,Elastic Net + Interval Features,C0200,2022-03-31,0,0.31221785427343185
2,Elastic Net + Interval Features,C0200,2022-06-30,0,0.31320966941915374
2,Elastic Net + Interval Features,C0201,2022-03-31,0,0.14006551438601453
2,Elastic Net + Interval Features,C0201,2022-06-30,0,0.2408491608295224
2,Elastic Net + Interval Features,C0202,2022-03-31,0,0.6641523700521594
2,Elastic Net + Interval Features,C0202,2022-06-30,0,0.3754404992128611
2,Elastic Net + Interval Features,C0203,2022-03-31,0,0.37920243459413655
2,Elastic Net + Interval Features,C0203,2022-06-30,0,0.36296085828259467
2,Elastic Net + Interval Features,C0204,2022-03-31,0,0.4201122309338057
2,Elastic Net + Interval Features,C0204,2022-06-30,0,0.40166583368864844
2,Elastic Net + Interval Features,C0205,2022-03-31,0,0.4001462828516665
2,Elastic Net + Interval Features,C0205,2022-06-30,0,0.41785170708914626
2,Elastic Net + Interval Features,C0206,2022-03-31,0,0.36207066481107714
2,Elastic Net + Interval Features,C0206,2022-06-30,0,0.37072538521598564
2,Elastic Net + Interval Features,C0207,2022-03-31,1,0.8108330746404153
2,Elastic Net + Interval Features,C0207,2022-06-30,1,0.858417599260476
2,Elastic Net + Interval Features,C0208,2022-03-31,0,0.45628624136690926
2,Elastic Net + Interval Features,C0208,2022-06-30,0,0.20279832934243316
2,Elastic Net + Interval Features,C0209,2022-03-31,0,0.45834901355523266
2,Elastic Net + Interval Features,C0209,2022-06-30,0,0.5154370644844256
2,Elastic Net + Interval Features,C0210,2022-03-31,0,0.2684756920719091
2,Elastic Net + Interval Features,C0210,2022-06-30,1,0.22256693162373287
2,Elastic Net + Interval Features,C0211,2022-03-31,0,0.23192276049756957
2,Elastic Net + Interval Features,C0211,2022-06-30,0,0.3481911685217799
2,Elastic Net + Interval Features,C0212,2022-03-31,0,0.2656835847544235
2,Elastic Net + Interval Features,C0212,2022-06-30,0,0.4118887196158273
2,Elastic Net + Interval Features,C0213,2022-03-31,0,0.09884831048930177
2,Elastic Net + Interval Features,C0213,2022-06-30,0,0.22968687785667116
2,Elastic Net + Interval Features,C0214,2022-03-31,0,0.10469197422845147
2,Elastic Net + Interval Features,C0214,2022-06-30,0,0.2731063550084689
2,Elastic Net + Interval Features,C0215,2022-03-31,0,0.22920585976437066
2,Elastic Net + Interval Features,C0215,2022-06-30,1,0.3179035886446939
2,Elastic Net + Interval Features,C0216,2022-03-31,0,0.6580865526732078
2,Elastic Net + Interval Features,C0216,2022-06-30,0,0.40266620551204124
2,Elastic Net + Interval Features,C0217,2022-03-31,0,0.349486461408621
2,Elastic Net + Interval Features,C0217,2022-06-30,0,0.43604921117351686
2,Elastic Net + Interval Features,C0218,2022-03-31,0,0.6635498955322949
2,Elastic Net + Interval Features,C0218,2022-06-30,1,0.565706262059232
2,Elastic Net + Interval Features,C0219,2022-03-31,1,0.32981345916885485
2,Elastic Net + Interval Features,C0219,2022-06-30,0,0.21932474335223104
2,Elastic Net + Interval Features,C0220,2022-03-31,1,0.39462218976047725
2,Elastic Net + Interval Features,C0220,2022-06-30,0,0.2803503772553993
2,Elastic Net + Interval Features,C0221,2022-03-31,1,0.6758601745815805
2,Elastic Net + Interval Features,C0221,2022-06-30,0,0.6701395254391765
2,Elastic Net + Interval Features,C0222,2022-03-31,0,0.43356821895907494
2,Elastic Net + Interval Features,C0222,2022-06-30,0,0.4212940564684148
2,Elastic Net + Interval Features,C0223,2022-03-31,0,0.6004383167191056
2,Elastic Net + Interval Features,C0223,2022-06-30,0,0.5113463209501288
2,Elastic Net + Interval Features,C0224,2022-03-31,0,0.25801387654947094
2,Elastic Net + Interval Features,C0224,2022-06-30,0,0.2116215679705259
2,Elastic Net + Interval Features,C0225,2022-03-31,0,0.8015852340942778
2,Elastic Net + Interval Features,C0225,2022-06-30,0,0.3765892694111414
2,Elastic Net + Interval Features,C0226,2022-03-31,0,0.2023955999319443
2,Elastic Net + Interval Features,C0226,2022-06-30,0,0.22621050257303013
2,Elastic Net + Interval Features,C0227,2022-03-31,0,0.17908733602773047
2,Elastic Net + Interval Features,C0227,2022-06-30,0,0.28797641334625934
2,Elastic Net + Interval Features,C0228,2022-03-31,1,0.6180502819034652
2,Elastic Net + Interval Features,C0228,2022-06-30,0,0.4551301709528375
2,Elastic Net + Interval Features,C0229,2022-03-31,0,0.35566365390197213
2,Elastic Net + Interval Features,C0229,2022-06-30,0,0.2917776843501351
2,Elastic Net + Interval Features,C0230,2022-03-31,0,0.4389268249001667
2,Elastic Net + Interval Features,C0230,2022-06-30,0,0.3289532984724326
2,Elastic Net + Interval Features,C0231,2022-03-31,0,0.3853247499701877
2,Elastic Net + Interval Features,C0231,2022-06-30,0,0.402257613867881
2,Elastic Net + Interval Features,C0232,2022-03-31,0,0.41465573799942895
2,Elastic Net + Interval Features,C0232,2022-06-30,0,0.37615335935161537
2,Elastic Net + Interval Features,C0233,2022-03-31,0,0.3838790345781652
2,Elastic Net + Interval Features,C0233,2022-06-30,0,0.44754479296237504
2,Elastic Net + Interval Features,C0234,2022-03-31,0,0.35656075825638023
2,Elastic Net + Interval Features,C0234,2022-06-30,0,0.2813942697000782
2,Elastic Net + Interval Features,C0235,2022-03-31,0,0.40611586083739765
2,Elastic Net + Interval Features,C0235,2022-06-30,0,0.47185427211600917
2,Elastic Net + Interval Features,C0236,2022-03-31,0,0.3536821781443168
2,Elastic Net + Interval Features,C0236,2022-06-30,0,0.24598364920092233
2,Elastic Net + Interval Features,C0237,2022-03-31,0,0.597129738205276
2,Elastic Net + Interval Features,C0237,2022-06-30,0,0.5696381431589379
2,Elastic Net + Interval Features,C0238,2022-03-31,0,0.3652853285698596
2,Elastic Net + Interval Features,C0238,2022-06-30,1,0.7604771218196975
2,Elastic Net + Interval Features,C0239,2022-03-31,0,0.7963769775680613
2,Elastic Net + Interval Features,C0239,2022-06-30,1,0.5420957291227981
2,Elastic Net + Interval Features,C0240,2022-03-31,1,0.3580717050717794
2,Elastic Net + Interval Features,C0240,2022-06-30,0,0.2997330253499136
2,Elastic Net + Interval Features,C0241,2022-03-31,0,0.47037615568540986
2,Elastic Net + Interval Features,C0241,2022-06-30,0,0.5717797581406322
2,Elastic Net + Interval Features,C0242,2022-03-31,0,0.5692935689987857
2,Elastic Net + Interval Features,C0242,2022-06-30,0,0.5984172885587938
2,Elastic Net + Interval Features,C0243,2022-03-31,0,0.29010221699937877
2,Elastic Net + Interval Features,C0243,2022-06-30,0,0.4575188306469885
2,Elastic Net + Interval Features,C0244,2022-03-31,0,0.8652058182516745
2,Elastic Net + Interval Features,C0244,2022-06-30,1,0.919634010384385
2,Elastic Net + Interval Features,C0245,2022-03-31,0,0.4999359942888946
2,Elastic Net + Interval Features,C0245,2022-06-30,0,0.40809780273344715
2,Elastic Net + Interval Features,C0246,2022-03-31,0,0.3721682352184261
2,Elastic Net + Interval Features,C0246,2022-06-30,0,0.4261211737813463
2,Elastic Net + Interval Features,C0247,2022-03-31,0,0.32805370648567816
2,Elastic Net + Interval Features,C0247,2022-06-30,0,0.29142690716657094
2,Elastic Net + Interval Features,C0248,2022-03-31,1,0.7396368489479532
2,Elastic Net + Interval Features,C0248,2022-06-30,0,0.7162826082363378
2,Elastic Net + Interval Features,C0249,2022-03-31,0,0.12814026478072152
2,Elastic Net + Interval Features,C0249,2022-06-30,0,0.1222391440007127
2,Elastic Net + Interval Features,C0250,2022-03-31,0,0.2668720598239164
2,Elastic Net + Interval Features,C0250,2022-06-30,0,0.37381370199606684
2,Elastic Net + Interval Features,C0251,2022-03-31,0,0.1410644495873518
2,Elastic Net + Interval Features,C0251,2022-06-30,0,0.15388555856312416
2,Elastic Net + Interval Features,C0252,2022-03-31,0,0.4318448960091053
2,Elastic Net + Interval Features,C0252,2022-06-30,0,0.4277001337564226
2,Elastic Net + Interval Features,C0253,2022-03-31,0,0.7265144648145013
2,Elastic Net + Interval Features,C0253,2022-06-30,0,0.2223923899092042
2,Elastic Net + Interval Features,C0254,2022-03-31,1,0.7876705003099015
2,Elastic Net + Interval Features,C0254,2022-06-30,1,0.3978109004063437
2,Elastic Net + Interval Features,C0255,2022-03-31,0,0.5383124734259856
2,Elastic Net + Interval Features,C0255,2022-06-30,0,0.44406103151288645
2,Elastic Net + Interval Features,C0256,2022-03-31,0,0.37065003892167103
2,Elastic Net + Interval Features,C0256,2022-06-30,0,0.330473175500748
2,Elastic Net + Interval Features,C0257,2022-03-31,0,0.23230658685864355
2,Elastic Net + Interval Features,C0257,2022-06-30,0,0.4635657649299699
2,Elastic Net + Interval Features,C0258,2022-03-31,0,0.4704474411940154
2,Elastic Net + Interval Features,C0258,2022-06-30,1,0.7070979677037713
2,Elastic Net + Interval Features,C0259,2022-03-31,0,0.1789010437648312
2,Elastic Net + Interval Features,C0259,2022-06-30,0,0.07309378131672514
2,Elastic Net + Interval Features,C0260,2022-03-31,0,0.3709326999491241
2,Elastic Net + Interval Features,C0260,2022-06-30,0,0.4235490965946644
2,Elastic Net + Interval Features,C0261,2022-03-31,1,0.23193938380076715
2,Elastic Net + Interval Features,C0261,2022-06-30,0,0.14450304466158492
2,Elastic Net + Interval Features,C0262,2022-03-31,1,0.530342435537202
2,Elastic Net + Interval Features,C0262,2022-06-30,0,0.5040233659243831
2,Elastic Net + Interval Features,C0263,2022-03-31,0,0.38716276303618813
2,Elastic Net + Interval Features,C0263,2022-06-30,0,0.31764342735309264
2,Elastic Net + Interval Features,C0264,2022-03-31,0,0.29705894402324645
2,Elastic Net + Interval Features,C0264,2022-06-30,0,0.27073722914539566
2,Elastic Net + Interval Features,C0265,2022-03-31,0,0.7699011792253275
2,Elastic Net + Interval Features,C0265,2022-06-30,0,0.760023856805714
2,Elastic Net + Interval Features,C0266,2022-03-31,0,0.23291872162590926
2,Elastic Net + Interval Features,C0266,2022-06-30,1,0.1799452197979566
2,Elastic Net + Interval Features,C0267,2022-03-31,1,0.8109869340678242
2,Elastic Net + Interval Features,C0267,2022-06-30,0,0.5942410719308001
2,Elastic Net + Interval Features,C0268,2022-03-31,0,0.2940755388544985
2,Elastic Net + Interval Features,C0268,2022-06-30,0,0.14846417184360736
2,Elastic Net + Interval Features,C0269,2022-03-31,0,0.3598126498630576
2,Elastic Net + Interval Features,C0269,2022-06-30,1,0.24936202615048642
2,Elastic Net + Interval Features,C0270,2022-03-31,0,0.08642880614647885
2,Elastic Net + Interval Features,C0270,2022-06-30,0,0.09841377687881628
2,Elastic Net + Interval Features,C0271,2022-03-31,0,0.41712821409570994
2,Elastic Net + Interval Features,C0271,2022-06-30,0,0.5595131970434472
2,Elastic Net + Interval Features,C0272,2022-03-31,0,0.28628880436357684
2,Elastic Net + Interval Features,C0272,2022-06-30,0,0.22138969459787047
2,Elastic Net + Interval Features,C0273,2022-03-31,0,0.6154814516079735
2,Elastic Net + Interval Features,C0273,2022-06-30,1,0.7325840831303859
2,Elastic Net + Interval Features,C0274,2022-03-31,0,0.6284760877697674
2,Elastic Net + Interval Features,C0274,2022-06-30,0,0.507681099546245
2,Elastic Net + Interval Features,C0275,2022-03-31,0,0.16662744045737077
2,Elastic Net + Interval Features,C0275,2022-06-30,0,0.26767793015082947
2,Elastic Net + Interval Features,C0276,2022-03-31,1,0.4302668570130875
2,Elastic Net + Interval Features,C0276,2022-06-30,0,0.8699567234053652
2,Elastic Net + Interval Features,C0277,2022-03-31,1,0.6938785342077508
2,Elastic Net + Interval Features,C0277,2022-06-30,0,0.5506752316148712
2,Elastic Net + Interval Features,C0278,2022-03-31,0,0.5635981976495674
2,Elastic Net + Interval Features,C0278,2022-06-30,0,0.6280785728548808
2,Elastic Net + Interval Features,C0279,2022-03-31,0,0.5235409903642648
2,Elastic Net + Interval Features,C0279,2022-06-30,0,0.6724377634970016
2,Elastic Net + Interval Features,C0280,2022-03-31,1,0.42658921350298656
2,Elastic Net + Interval Features,C0280,2022-06-30,1,0.6787714930621856
2,Elastic Net + Interval Features,C0281,2022-03-31,1,0.9729301072378602
2,Elastic Net + Interval Features,C0281,2022-06-30,1,0.9650666421083162
2,Elastic Net + Interval Features,C0282,2022-03-31,0,0.35378278526038626
2,Elastic Net + Interval Features,C0282,2022-06-30,0,0.2749713055519015
2,Elastic Net + Interval Features,C0283,2022-03-31,0,0.4984424528423039
2,Elastic Net + Interval Features,C0283,2022-06-30,0,0.35577744805219785
2,Elastic Net + Interval Features,C0284,2022-03-31,0,0.48742997235760144
2,Elastic Net + Interval Features,C0284,2022-06-30,0,0.36796409174307404
2,Elastic Net + Interval Features,C0285,2022-03-31,1,0.6865245241443665
2,Elastic Net + Interval Features,C0285,2022-06-30,0,0.5062849024215952
2,Elastic Net + Interval Features,C0286,2022-03-31,0,0.490199854319121
2,Elastic Net + Interval Features,C0286,2022-06-30,0,0.7209605248648694
2,Elastic Net + Interval Features,C0287,2022-03-31,0,0.16148641342742237
2,Elastic Net + Interval Features,C0287,2022-06-30,0,0.2627799905698202
2,Elastic Net + Interval Features,C0288,2022-03-31,0,0.3881916482064771
2,Elastic Net + Interval Features,C0288,2022-06-30,0,0.41040424534187014
2,Elastic Net + Interval Features,C0289,2022-03-31,0,0.02954052006381524
2,Elastic Net + Interval Features,C0289,2022-06-30,0,0.045052453797061964
2,Elastic Net + Interval Features,C0290,2022-03-31,0,0.8499403136154451
2,Elastic Net + Interval Features,C0290,2022-06-30,1,0.9719823440254927
2,Elastic Net + Interval Features,C0291,2022-03-31,0,0.4179666676972483
2,Elastic Net + Interval Features,C0291,2022-06-30,0,0.28495621244890473
2,Elastic Net + Interval Features,C0292,2022-03-31,0,0.3471060227336803
2,Elastic Net + Interval Features,C0292,2022-06-30,0,0.4040470746942722
2,Elastic Net + Interval Features,C0293,2022-03-31,0,0.2870180602179496
2,Elastic Net + Interval Features,C0293,2022-06-30,0,0.1840611090387043
2,Elastic Net + Interval Features,C0294,2022-03-31,1,0.48921060617252304
2,Elastic Net + Interval Features,C0294,2022-06-30,0,0.46095070538006944
2,Elastic Net + Interval Features,C0295,2022-03-31,1,0.480360223323747
2,Elastic Net + Interval Features,C0295,2022-06-30,0,0.5412340644537953
2,Elastic Net + Interval Features,C0296,2022-03-31,0,0.35501577391412503
2,Elastic Net + Interval Features,C0296,2022-06-30,0,0.4455989104737777
2,Elastic Net + Interval Features,C0297,2022-03-31,1,0.5201934370164378
2,Elastic Net + Interval Features,C0297,2022-06-30,0,0.6430587970778177
2,Elastic Net + Interval Features,C0298,2022-03-31,0,0.43292031246577956
2,Elastic Net + Interval Features,C0298,2022-06-30,0,0.47852781807236033
2,Elastic Net + Interval Features,C0299,2022-03-31,0,0.3292473666378269
2,Elastic Net + Interval Features,C0299,2022-06-30,1,0.3905080484586272
3,Elastic Net + Interval Features,C0000,2022-09-30,0,0.6295343419525541
3,Elastic Net + Interval Features,C0000,2022-12-31,0,0.6843459868053995
3,Elastic Net + Interval Features,C0001,2022-09-30,0,0.7430832648883282
3,Elastic Net + Interval Features,C0001,2022-12-31,0,0.7782195598629396
3,Elastic Net + Interval Features,C0002,2022-09-30,0,0.3916496884023274
3,Elastic Net + Interval Features,C0002,2022-12-31,0,0.5188868024066866
3,Elastic Net + Interval Features,C0003,2022-09-30,0,0.4326985733569274
3,Elastic Net + Interval Features,C0003,2022-12-31,1,0.432276487091519
3,Elastic Net + Interval Features,C0004,2022-09-30,0,0.3214889931225687
3,Elastic Net + Interval Features,C0004,2022-12-31,0,0.2678181117547973
3,Elastic Net + Interval Features,C0005,2022-09-30,0,0.258967506361893
3,Elastic Net + Interval Features,C0005,2022-12-31,0,0.1907058278065721
3,Elastic Net + Interval Features,C0006,2022-09-30,0,0.5622056819041034
3,Elastic Net + Interval Features,C0006,2022-12-31,0,0.6364910909013135
3,Elastic Net + Interval Features,C0007,2022-09-30,0,0.5174174620304692
3,Elastic Net + Interval Features,C0007,2022-12-31,1,0.5127579723461642
3,Elastic Net + Interval Features,C0008,2022-09-30,0,0.3618930354159682
3,Elastic Net + Interval Features,C0008,2022-12-31,0,0.3466901639508932
3,Elastic Net + Interval Features,C0009,2022-09-30,0,0.4655650018019073
3,Elastic Net + Interval Features,C0009,2022-12-31,0,0.3690761171618363
3,Elastic Net + Interval Features,C0010,2022-09-30,0,0.3456631098574938
3,Elastic Net + Interval Features,C0010,2022-12-31,1,0.39273971646898376
3,Elastic Net + Interval Features,C0011,2022-09-30,0,0.08001427050657849
3,Elastic Net + Interval Features,C0011,2022-12-31,0,0.08047245260025633
3,Elastic Net + Interval Features,C0012,2022-09-30,1,0.12735321590014181
3,Elastic Net + Interval Features,C0012,2022-12-31,0,0.21482164229970752
3,Elastic Net + Interval Features,C0013,2022-09-30,1,0.6598249886475187
3,Elastic Net + Interval Features,C0013,2022-12-31,0,0.47003406080951365
3,Elastic Net + Interval Features,C0014,2022-09-30,1,0.630948923875999
3,Elastic Net + Interval Features,C0014,2022-12-31,0,0.47069846154963024
3,Elastic Net + Interval Features,C0015,2022-09-30,0,0.40518279615964037
3,Elastic Net + Interval Features,C0015,2022-12-31,0,0.36487382888636
3,Elastic Net + Interval Features,C0016,2022-09-30,0,0.703756995064935
3,Elastic Net + Interval Features,C0016,2022-12-31,0,0.7461242347987402
3,Elastic Net + Interval Features,C0017,2022-09-30,1,0.29260311884193085
3,Elastic Net + Interval Features,C0017,2022-12-31,0,0.2436567119886163
3,Elastic Net + Interval Features,C0018,2022-09-30,0,0.5322715166853728
3,Elastic Net + Interval Features,C0018,2022-12-31,0,0.4046467681134852
3,Elastic Net + Interval Features,C0019,2022-09-30,0,0.5600808735211926
3,Elastic Net + Interval Features,C0019,2022-12-31,0,0.18624251908395578
3,Elastic Net + Interval Features,C0020,2022-09-30,0,0.31657867122989214
3,Elastic Net + Interval Features,C0020,2022-12-31,0,0.2189933377894981
3,Elastic Net + Interval Features,C0021,2022-09-30,0,0.46783613421267684
3,Elastic Net + Interval Features,C0021,2022-12-31,0,0.2851846569957415
3,Elastic Net + Interval Features,C0022,2022-09-30,0,0.2886775804666331
3,Elastic Net + Interval Features,C0022,2022-12-31,0,0.5144730717664113
3,Elastic Net + Interval Features,C0023,2022-09-30,0,0.2976841748184187
3,Elastic Net + Interval Features,C0023,2022-12-31,1,0.326137914676421
3,Elastic Net + Interval Features,C0024,2022-09-30,1,0.7028940691156025
3,Elastic Net + Interval Features,C0024,2022-12-31,1,0.6829573272217981
3,Elastic Net + Interval Features,C0025,2022-09-30,0,0.31996907626695353
3,Elastic Net + Interval Features,C0025,2022-12-31,0,0.3353023677704377
3,Elastic Net + Interval Features,C0026,2022-09-30,0,0.42828039570193865
3,Elastic Net + Interval Features,C0026,2022-12-31,0,0.23242969433441305
3,Elastic Net + Interval Features,C0027,2022-09-30,0,0.6987582168982022
3,Elastic Net + Interval Features,C0027,2022-12-31,0,0.6496115940788708
3,Elastic Net + Interval Features,C0028,2022-09-30,0,0.30042503069148657
3,Elastic Net + Interval Features,C0028,2022-12-31,0,0.3664647704309937
3,Elastic Net + Interval Features,C0029,2022-09-30,1,0.7074279037986234
3,Elastic Net + Interval Features,C0029,2022-12-31,0,0.6383359447492777
3,Elastic Net + Interval Features,C0030,2022-09-30,0,0.6085310129452444
3,Elastic Net + Interval Features,C0030,2022-12-31,1,0.5828028283781949
3,Elastic Net + Interval Features,C0031,2022-09-30,0,0.6040699154791732
3,Elastic Net + Interval Features,C0031,2022-12-31,0,0.7207117296998463
3,Elastic Net + Interval Features,C0032,2022-09-30,1,0.5881681290967691
3,Elastic Net + Interval Features,C0032,2022-12-31,0,0.63791718186254
3,Elastic Net + Interval Features,C0033,2022-09-30,0,0.5384325783898178
3,Elastic Net + Interval Features,C0033,2022-12-31,0,0.5199554423403764
3,Elastic Net + Interval Features,C0034,2022-09-30,1,0.4686459979215953
3,Elastic Net + Interval Features,C0034,2022-12-31,0,0.49512256807387783
3,Elastic Net + Interval Features,C0035,2022-09-30,0,0.27163683228558333
3,Elastic Net + Interval Features,C0035,2022-12-31,0,0.27537672360762383
3,Elastic Net + Interval Features,C0036,2022-09-30,0,0.2669687617995762
3,Elastic Net + Interval Features,C0036,2022-12-31,0,0.2662865336348834
3,Elastic Net + Interval Features,C0037,2022-09-30,0,0.753027890163975
3,Elastic Net + Interval Features,C0037,2022-12-31,0,0.7328376172184285
3,Elastic Net + Interval Features,C0038,2022-09-30,0,0.45941399696115864
3,Elastic Net + Interval Features,C0038,2022-12-31,0,0.4780874297469788
3,Elastic Net + Interval Features,C0039,2022-09-30,0,0.2786562819206587
3,Elastic Net + Interval Features,C0039,2022-12-31,0,0.15827738755917511
3,Elastic Net + Interval Features,C0040,2022-09-30,0,0.27317882471747645
3,Elastic Net + Interval Features,C0040,2022-12-31,0,0.45752529719381707
3,Elastic Net + Interval Features,C0041,2022-09-30,0,0.8650429816888414
3,Elastic Net + Interval Features,C0041,2022-12-31,0,0.7944689982913354
3,Elastic Net + Interval Features,C0042,2022-09-30,0,0.18461017197719815
3,Elastic Net + Interval Features,C0042,2022-12-31,0,0.2019868825035297
3,Elastic Net + Interval Features,C0043,2022-09-30,0,0.24033727571710364
3,Elastic Net + Interval Features,C0043,2022-12-31,0,0.21477418184271094
3,Elastic Net + Interval Features,C0044,2022-09-30,0,0.28081800862367
3,Elastic Net + Interval Features,C0044,2022-12-31,0,0.1820662573368721
3,Elastic Net + Interval Features,C0045,2022-09-30,0,0.20343696677136772
3,Elastic Net + Interval Features,C0045,2022-12-31,1,0.30958509793631406
3,Elastic Net + Interval Features,C0046,2022-09-30,0,0.14745520435293524
3,Elastic Net + Interval Features,C0046,2022-12-31,0,0.16799761860472553
3,Elastic Net + Interval Features,C0047,2022-09-30,1,0.94908187950815
3,Elastic Net + Interval Features,C0047,2022-12-31,0,0.5326539050429724
3,Elastic Net + Interval Features,C0048,2022-09-30,1,0.7938015165204735
3,Elastic Net + Interval Features,C0048,2022-12-31,0,0.32051292511456986
3,Elastic Net + Interval Features,C0049,2022-09-30,0,0.22587323419812552
3,Elastic Net + Interval Features,C0049,2022-12-31,0,0.21909567342494418
3,Elastic Net + Interval Features,C0050,2022-09-30,0,0.31075570510625894
3,Elastic Net + Interval Features,C0050,2022-12-31,0,0.2690240423750778
3,Elastic Net + Interval Features,C0051,2022-09-30,0,0.4128091087319056
3,Elastic Net + Interval Features,C0051,2022-12-31,0,0.24994792063237337
3,Elastic Net + Interval Features,C0052,2022-09-30,0,0.3970700083423218
3,Elastic Net + Interval Features,C0052,2022-12-31,0,0.34320559548504875
3,Elastic Net + Interval Features,C0053,2022-09-30,1,0.7683274814105089
3,Elastic Net + Interval Features,C0053,2022-12-31,0,0.7660600103963174
3,Elastic Net + Interval Features,C0054,2022-09-30,0,0.5126521456505756
3,Elastic Net + Interval Features,C0054,2022-12-31,0,0.43376480856111704
3,Elastic Net + Interval Features,C0055,2022-09-30,0,0.9348293395858388
3,Elastic Net + Interval Features,C0055,2022-12-31,0,0.7280927029108033
3,Elastic Net + Interval Features,C0056,2022-09-30,0,0.698646209482149
3,Elastic Net + Interval Features,C0056,2022-12-31,0,0.6572592482409833
3,Elastic Net + Interval Features,C0057,2022-09-30,0,0.30260361484398157
3,Elastic Net + Interval Features,C0057,2022-12-31,0,0.4308157058523259
3,Elastic Net + Interval Features,C0058,2022-09-30,0,0.09783688302754251
3,Elastic Net + Interval Features,C0058,2022-12-31,1,0.730343329736124
3,Elastic Net + Interval Features,C0059,2022-09-30,1,0.5442784255018638
3,Elastic Net + Interval Features,C0059,2022-12-31,0,0.48215164656830334
3,Elastic Net + Interval Features,C0060,2022-09-30,0,0.4921942679777797
3,Elastic Net + Interval Features,C0060,2022-12-31,0,0.43462835571321545
3,Elastic Net + Interval Features,C0061,2022-09-30,0,0.5433074859437727
3,Elastic Net + Interval Features,C0061,2022-12-31,0,0.43989717266909184
3,Elastic Net + Interval Features,C0062,2022-09-30,0,0.7482867966903661
3,Elastic Net + Interval Features,C0062,2022-12-31,0,0.44590875905648464
3,Elastic Net + Interval Features,C0063,2022-09-30,0,0.5179767166778746
3,Elastic Net + Interval Features,C0063,2022-12-31,0,0.5662725381805666
3,Elastic Net + Interval Features,C0064,2022-09-30,0,0.4616068831546239
3,Elastic Net + Interval Features,C0064,2022-12-31,0,0.4564772671378033
3,Elastic Net + Interval Features,C0065,2022-09-30,0,0.5809336148687316
3,Elastic Net + Interval Features,C0065,2022-12-31,0,0.5695073870706004
3,Elastic Net + Interval Features,C0066,2022-09-30,0,0.36389223447243335
3,Elastic Net + Interval Features,C0066,2022-12-31,0,0.4661096421541811
3,Elastic Net + Interval Features,C0067,2022-09-30,0,0.4100926339684388
3,Elastic Net + Interval Features,C0067,2022-12-31,0,0.23233291849728227
3,Elastic Net + Interval Features,C0068,2022-09-30,0,0.41843020671477366
3,Elastic Net + Interval Features,C0068,2022-12-31,0,0.39961603821150876
3,Elastic Net + Interval Features,C0069,2022-09-30,1,0.5929777549852844
3,Elastic Net + Interval Features,C0069,2022-12-31,0,0.7807728428291391
3,Elastic Net + Interval Features,C0070,2022-09-30,0,0.29865693512027847
3,Elastic Net + Interval Features,C0070,2022-12-31,0,0.3157631515626338
3,Elastic Net + Interval Features,C0071,2022-09-30,0,0.41996501698952493
3,Elastic Net + Interval Features,C0071,2022-12-31,0,0.3699088769833848
3,Elastic Net + Interval Features,C0072,2022-09-30,0,0.3453737309903738
3,Elastic Net + Interval Features,C0072,2022-12-31,0,0.5346962166046128
3,Elastic Net + Interval Features,C0073,2022-09-30,0,0.24099014758402865
3,Elastic Net + Interval Features,C0073,2022-12-31,0,0.2255021017314261
3,Elastic Net + Interval Features,C0074,2022-09-30,0,0.39432689813539573
3,Elastic Net + Interval Features,C0074,2022-12-31,0,0.21615956303478645
3,Elastic Net + Interval Features,C0075,2022-09-30,0,0.5857184674190805
3,Elastic Net + Interval Features,C0075,2022-12-31,0,0.5719475956651885
3,Elastic Net + Interval Features,C0076,2022-09-30,0,0.3050678353743932
3,Elastic Net + Interval Features,C0076,2022-12-31,0,0.2049849655990405
3,Elastic Net + Interval Features,C0077,2022-09-30,0,0.4593814862729125
3,Elastic Net + Interval Features,C0077,2022-12-31,0,0.33071435415733513
3,Elastic Net + Interval Features,C0078,2022-09-30,0,0.21232939538836346
3,Elastic Net + Interval Features,C0078,2022-12-31,0,0.24335521449928496
3,Elastic Net + Interval Features,C0079,2022-09-30,0,0.7443372133017258
3,Elastic Net + Interval Features,C0079,2022-12-31,0,0.7326532368825538
3,Elastic Net + Interval Features,C0080,2022-09-30,0,0.42064531428517815
3,Elastic Net + Interval Features,C0080,2022-12-31,0,0.4952642820403875
3,Elastic Net + Interval Features,C0081,2022-09-30,0,0.404025854195146
3,Elastic Net + Interval Features,C0081,2022-12-31,0,0.24666708559245773
3,Elastic Net + Interval Features,C0082,2022-09-30,0,0.7746950678303655
3,Elastic Net + Interval Features,C0082,2022-12-31,1,0.8053398592834652
3,Elastic Net + Interval Features,C0083,2022-09-30,0,0.4213711779554765
3,Elastic Net + Interval Features,C0083,2022-12-31,1,0.35956894373200843
3,Elastic Net + Interval Features,C0084,2022-09-30,0,0.04975143418047243
3,Elastic Net + Interval Features,C0084,2022-12-31,0,0.035334847396792095
3,Elastic Net + Interval Features,C0085,2022-09-30,0,0.32741443568133166
3,Elastic Net + Interval Features,C0085,2022-12-31,0,0.26794002443908355
3,Elastic Net + Interval Features,C0086,2022-09-30,0,0.34203460556272025
3,Elastic Net + Interval Features,C0086,2022-12-31,0,0.4534485885524575
3,Elastic Net + Interval Features,C0087,2022-09-30,0,0.4636083969842003
3,Elastic Net + Interval Features,C0087,2022-12-31,0,0.3806141521252136
3,Elastic Net + Interval Features,C0088,2022-09-30,0,0.19656475704283632
3,Elastic Net + Interval Features,C0088,2022-12-31,0,0.12496065344629927
3,Elastic Net + Interval Features,C0089,2022-09-30,0,0.4472019655833575
3,Elastic Net + Interval Features,C0089,2022-12-31,0,0.3490105661818473
3,Elastic Net + Interval Features,C0090,2022-09-30,1,0.8477682865025713
3,Elastic Net + Interval Features,C0090,2022-12-31,1,0.8117519061161582
3,Elastic Net + Interval Features,C0091,2022-09-30,0,0.35986435102404557
3,Elastic Net + Interval Features,C0091,2022-12-31,0,0.41141610547952684
3,Elastic Net + Interval Features,C0092,2022-09-30,1,0.33494402629145775
3,Elastic Net + Interval Features,C0092,2022-12-31,1,0.38854924264291885
3,Elastic Net + Interval Features,C0093,2022-09-30,0,0.12688799203693368
3,Elastic Net + Interval Features,C0093,2022-12-31,0,0.2089501024282004
3,Elastic Net + Interval Features,C0094,2022-09-30,0,0.11646505787353219
3,Elastic Net + Interval Features,C0094,2022-12-31,0,0.10103561525294777
3,Elastic Net + Interval Features,C0095,2022-09-30,0,0.32943530943579274
3,Elastic Net + Interval Features,C0095,2022-12-31,0,0.1275671403856911
3,Elastic Net + Interval Features,C0096,2022-09-30,0,0.5271830332871424
3,Elastic Net + Interval Features,C0096,2022-12-31,0,0.38513582845069816
3,Elastic Net + Interval Features,C0097,2022-09-30,0,0.46276854762147435
3,Elastic Net + Interval Features,C0097,2022-12-31,0,0.344060493257164
3,Elastic Net + Interval Features,C0098,2022-09-30,0,0.26233420855209316
3,Elastic Net + Interval Features,C0098,2022-12-31,0,0.20421220635280998
3,Elastic Net + Interval Features,C0099,2022-09-30,0,0.29746520131714665
3,Elastic Net + Interval Features,C0099,2022-12-31,0,0.3431820987917288
3,Elastic Net + Interval Features,C0100,2022-09-30,0,0.4679217743988267
3,Elastic Net + Interval Features,C0100,2022-12-31,0,0.2289346730544921
3,Elastic Net + Interval Features,C0101,2022-09-30,0,0.4875377949385097
3,Elastic Net + Interval Features,C0101,2022-12-31,0,0.40871353894661056
3,Elastic Net + Interval Features,C0102,2022-09-30,0,0.46640053249724023
3,Elastic Net + Interval Features,C0102,2022-12-31,1,0.5890883102062979
3,Elastic Net + Interval Features,C0103,2022-09-30,1,0.27218924177885784
3,Elastic Net + Interval Features,C0103,2022-12-31,0,0.18753274277451706
3,Elastic Net + Interval Features,C0104,2022-09-30,0,0.5425080369406379
3,Elastic Net + Interval Features,C0104,2022-12-31,1,0.438171121119765
3,Elastic Net + Interval Features,C0105,2022-09-30,0,0.5077312867320737
3,Elastic Net + Interval Features,C0105,2022-12-31,0,0.4076156338051466
3,Elastic Net + Interval Features,C0106,2022-09-30,0,0.635368564099638
3,Elastic Net + Interval Features,C0106,2022-12-31,0,0.6383772298225945
3,Elastic Net + Interval Features,C0107,2022-09-30,0,0.4506084013959122
3,Elastic Net + Interval Features,C0107,2022-12-31,0,0.3147407283504337
3,Elastic Net + Interval Features,C0108,2022-09-30,1,0.7064913024891128
3,Elastic Net + Interval Features,C0108,2022-12-31,1,0.667570556632943
3,Elastic Net + Interval Features,C0109,2022-09-30,0,0.42046292131095486
3,Elastic Net + Interval Features,C0109,2022-12-31,1,0.49372859713222206
3,Elastic Net + Interval Features,C0110,2022-09-30,0,0.49645062759856023
3,Elastic Net + Interval Features,C0110,2022-12-31,0,0.5985950894440938
3,Elastic Net + Interval Features,C0111,2022-09-30,0,0.3420310843050853
3,Elastic Net + Interval Features,C0111,2022-12-31,0,0.23026873666012784
3,Elastic Net + Interval Features,C0112,2022-09-30,0,0.9999960684307839
3,Elastic Net + Interval Features,C0112,2022-12-31,0,0.9998956121687829
3,Elastic Net + Interval Features,C0113,2022-09-30,1,0.4433338006339717
3,Elastic Net + Interval Features,C0113,2022-12-31,0,0.375992114020598
3,Elastic Net + Interval Features,C0114,2022-09-30,0,0.5711556370473956
3,Elastic Net + Interval Features,C0114,2022-12-31,1,0.6521953200165062
3,Elastic Net + Interval Features,C0115,2022-09-30,0,0.4623537733223298
3,Elastic Net + Interval Features,C0115,2022-12-31,1,0.43178756331561824
3,Elastic Net + Interval Features,C0116,2022-09-30,0,0.5326178431995929
3,Elastic Net + Interval Features,C0116,2022-12-31,1,0.6432823007464431
3,Elastic Net + Interval Features,C0117,2022-09-30,1,0.17476307467401433
3,Elastic Net + Interval Features,C0117,2022-12-31,0,0.1741467982539446
3,Elastic Net + Interval Features,C0118,2022-09-30,0,0.3336353268425579
3,Elastic Net + Interval Features,C0118,2022-12-31,0,0.30460152041318567
3,Elastic Net + Interval Features,C0119,2022-09-30,0,0.15364311099707856
3,Elastic Net + Interval Features,C0119,2022-12-31,0,0.17489232905804364
3,Elastic Net + Interval Features,C0120,2022-09-30,0,0.3081268328578715
3,Elastic Net + Interval Features,C0120,2022-12-31,1,0.35649222325619095
3,Elastic Net + Interval Features,C0121,2022-09-30,1,0.8083986546993097
3,Elastic Net + Interval Features,C0121,2022-12-31,0,0.6017873068506873
3,Elastic Net + Interval Features,C0122,2022-09-30,0,0.6507731794823178
3,Elastic Net + Interval Features,C0122,2022-12-31,0,0.6661688829630477
3,Elastic Net + Interval Features,C0123,2022-09-30,0,0.38985305024029243
3,Elastic Net + Interval Features,C0123,2022-12-31,0,0.33203312834869814
3,Elastic Net + Interval Features,C0124,2022-09-30,0,0.7768352181902162
3,Elastic Net + Interval Features,C0124,2022-12-31,0,0.6551486546257307
3,Elastic Net + Interval Features,C0125,2022-09-30,0,0.1833551922965518
3,Elastic Net + Interval Features,C0125,2022-12-31,0,0.06430918307987507
3,Elastic Net + Interval Features,C0126,2022-09-30,0,0.22036513781013126
3,Elastic Net + Interval Features,C0126,2022-12-31,0,0.2121386188803219
3,Elastic Net + Interval Features,C0127,2022-09-30,1,0.41876171612776875
3,Elastic Net + Interval Features,C0127,2022-12-31,0,0.24147376219765582
3,Elastic Net + Interval Features,C0128,2022-09-30,0,0.21860065938145642
3,Elastic Net + Interval Features,C0128,2022-12-31,0,0.3262167658238439
3,Elastic Net + Interval Features,C0129,2022-09-30,0,0.5822162368474697
3,Elastic Net + Interval Features,C0129,2022-12-31,1,0.5533602816027129
3,Elastic Net + Interval Features,C0130,2022-09-30,0,0.4900707428880088
3,Elastic Net + Interval Features,C0130,2022-12-31,0,0.5188140594908057
3,Elastic Net + Interval Features,C0131,2022-09-30,1,0.4600006647271522
3,Elastic Net + Interval Features,C0131,2022-12-31,1,0.5860211895735167
3,Elastic Net + Interval Features,C0132,2022-09-30,1,0.379940645987747
3,Elastic Net + Interval Features,C0132,2022-12-31,0,0.3581962260476635
3,Elastic Net + Interval Features,C0133,2022-09-30,0,0.25228955674167625
3,Elastic Net + Interval Features,C0133,2022-12-31,0,0.3138297479449075
3,Elastic Net + Interval Features,C0134,2022-09-30,0,0.7499170828158503
3,Elastic Net + Interval Features,C0134,2022-12-31,0,0.6925267601648265
3,Elastic Net + Interval Features,C0135,2022-09-30,0,0.4776768368299214
3,Elastic Net + Interval Features,C0135,2022-12-31,0,0.5481907306725673
3,Elastic Net + Interval Features,C0136,2022-09-30,0,0.37169809855632713
3,Elastic Net + Interval Features,C0136,2022-12-31,0,0.7566546218998629
3,Elastic Net + Interval Features,C0137,2022-09-30,0,0.24306142190775745
3,Elastic Net + Interval Features,C0137,2022-12-31,0,0.24618708939531866
3,Elastic Net + Interval Features,C0138,2022-09-30,1,0.4337869647628042
3,Elastic Net + Interval Features,C0138,2022-12-31,1,0.271890177963089
3,Elastic Net + Interval Features,C0139,2022-09-30,0,0.2978552858349035
3,Elastic Net + Interval Features,C0139,2022-12-31,0,0.2314589568179061
3,Elastic Net + Interval Features,C0140,2022-09-30,0,0.5697433420090691
3,Elastic Net + Interval Features,C0140,2022-12-31,1,0.10945961265265573
3,Elastic Net + Interval Features,C0141,2022-09-30,0,0.4185038205330632
3,Elastic Net + Interval Features,C0141,2022-12-31,0,0.3525732765489203
3,Elastic Net + Interval Features,C0142,2022-09-30,0,0.3792274372877464
3,Elastic Net + Interval Features,C0142,2022-12-31,0,0.47463133880193104
3,Elastic Net + Interval Features,C0143,2022-09-30,1,0.6043440138608611
3,Elastic Net + Interval Features,C0143,2022-12-31,0,0.6541604643672524
3,Elastic Net + Interval Features,C0144,2022-09-30,0,0.14622798861627978
3,Elastic Net + Interval Features,C0144,2022-12-31,0,0.10245945867293262
3,Elastic Net + Interval Features,C0145,2022-09-30,0,0.34751900283984516
3,Elastic Net + Interval Features,C0145,2022-12-31,0,0.27405200091568055
3,Elastic Net + Interval Features,C0146,2022-09-30,0,0.014617881798846585
3,Elastic Net + Interval Features,C0146,2022-12-31,0,0.19577864172274595
3,Elastic Net + Interval Features,C0147,2022-09-30,1,0.37383575021441845
3,Elastic Net + Interval Features,C0147,2022-12-31,0,0.395329676186195
3,Elastic Net + Interval Features,C0148,2022-09-30,1,0.29271086876876545
3,Elastic Net + Interval Features,C0148,2022-12-31,0,0.23093258989881052
3,Elastic Net + Interval Features,C0149,2022-09-30,0,0.26584107947898555
3,Elastic Net + Interval Features,C0149,2022-12-31,0,0.29271509187626144
3,Elastic Net + Interval Features,C0150,2022-09-30,0,0.7473353515671997
3,Elastic Net + Interval Features,C0150,2022-12-31,1,0.705959631780361
3,Elastic Net + Interval Features,C0151,2022-09-30,0,0.6796414743425933
3,Elastic Net + Interval Features,C0151,2022-12-31,1,0.663221549075879
3,Elastic Net + Interval Features,C0152,2022-09-30,0,0.4079460070634317
3,Elastic Net + Interval Features,C0152,2022-12-31,0,0.23201367513056426
3,Elastic Net + Interval Features,C0153,2022-09-30,0,0.45949047032679247
3,Elastic Net + Interval Features,C0153,2022-12-31,0,0.5109373454529886
3,Elastic Net + Interval Features,C0154,2022-09-30,0,0.13499305966037725
3,Elastic Net + Interval Features,C0154,2022-12-31,0,0.12539969027467499
3,Elastic Net + Interval Features,C0155,2022-09-30,0,0.16899518888230788
3,Elastic Net + Interval Features,C0155,2022-12-31,0,0.21517393091570594
3,Elastic Net + Interval Features,C0156,2022-09-30,0,0.3991101751310464
3,Elastic Net + Interval Features,C0156,2022-12-31,0,0.40069053965377416
3,Elastic Net + Interval Features,C0157,2022-09-30,0,0.25955688405190863
3,Elastic Net + Interval Features,C0157,2022-12-31,0,0.32232307328404736
3,Elastic Net + Interval Features,C0158,2022-09-30,0,0.39637770991384663
3,Elastic Net + Interval Features,C0158,2022-12-31,0,0.262363396167265
3,Elastic Net + Interval Features,C0159,2022-09-30,0,0.7150910864948229
3,Elastic Net + Interval Features,C0159,2022-12-31,1,0.7112450815308313
3,Elastic Net + Interval Features,C0160,2022-09-30,0,0.25418205402826927
3,Elastic Net + Interval Features,C0160,2022-12-31,0,0.13508381555239565
3,Elastic Net + Interval Features,C0161,2022-09-30,0,0.5845107535057024
3,Elastic Net + Interval Features,C0161,2022-12-31,0,0.4521969168843255
3,Elastic Net + Interval Features,C0162,2022-09-30,1,0.715536889925493
3,Elastic Net + Interval Features,C0162,2022-12-31,1,0.5544734435229209
3,Elastic Net + Interval Features,C0163,2022-09-30,0,0.349514766252808
3,Elastic Net + Interval Features,C0163,2022-12-31,1,0.24439408725895434
3,Elastic Net + Interval Features,C0164,2022-09-30,0,0.5394796808276415
3,Elastic Net + Interval Features,C0164,2022-12-31,0,0.3942618230300357
3,Elastic Net + Interval Features,C0165,2022-09-30,0,0.8693807663961818
3,Elastic Net + Interval Features,C0165,2022-12-31,1,0.9011999961462664
3,Elastic Net + Interval Features,C0166,2022-09-30,0,0.26347030806246324
3,Elastic Net + Interval Features,C0166,2022-12-31,0,0.25745682900928
3,Elastic Net + Interval Features,C0167,2022-09-30,0,0.40770496368270326
3,Elastic Net + Interval Features,C0167,2022-12-31,1,0.36091376086286003
3,Elastic Net + Interval Features,C0168,2022-09-30,0,0.6210330410288608
3,Elastic Net + Interval Features,C0168,2022-12-31,0,0.46461025181995846
3,Elastic Net + Interval Features,C0169,2022-09-30,1,0.8194980754661818
3,Elastic Net + Interval Features,C0169,2022-12-31,1,0.8058255143144772
3,Elastic Net + Interval Features,C0170,2022-09-30,1,0.8267555218786056
3,Elastic Net + Interval Features,C0170,2022-12-31,0,0.8263231633439818
3,Elastic Net + Interval Features,C0171,2022-09-30,0,0.7061397022315098
3,Elastic Net + Interval Features,C0171,2022-12-31,1,0.3953707928426677
3,Elastic Net + Interval Features,C0172,2022-09-30,0,0.41437420522991025
3,Elastic Net + Interval Features,C0172,2022-12-31,0,0.29823498427057255
3,Elastic Net + Interval Features,C0173,2022-09-30,0,0.16225259690198893
3,Elastic Net + Interval Features,C0173,2022-12-31,0,0.21637291629985245
3,Elastic Net + Interval Features,C0174,2022-09-30,0,0.13571135964456743
3,Elastic Net + Interval Features,C0174,2022-12-31,0,0.1354190107388784
3,Elastic Net + Interval Features,C0175,2022-09-30,0,0.3145435044074837
3,Elastic Net + Interval Features,C0175,2022-12-31,0,0.41794118860871327
3,Elastic Net + Interval Features,C0176,2022-09-30,0,0.5928918334286032
3,Elastic Net + Interval Features,C0176,2022-12-31,0,0.5590081059835967
3,Elastic Net + Interval Features,C0177,2022-09-30,0,0.5969909605840892
3,Elastic Net + Interval Features,C0177,2022-12-31,0,0.6591939838809209
3,Elastic Net + Interval Features,C0178,2022-09-30,1,0.23061699776211306
3,Elastic Net + Interval Features,C0178,2022-12-31,0,0.22109358930897738
3,Elastic Net + Interval Features,C0179,2022-09-30,0,0.5322120764307418
3,Elastic Net + Interval Features,C0179,2022-12-31,0,0.4083420432377784
3,Elastic Net + Interval Features,C0180,2022-09-30,0,0.34241256234557593
3,Elastic Net + Interval Features,C0180,2022-12-31,0,0.4001132118705858
3,Elastic Net + Interval Features,C0181,2022-09-30,0,0.4772813358154993
3,Elastic Net + Interval Features,C0181,2022-12-31,0,0.5052236708914224
3,Elastic Net + Interval Features,C0182,2022-09-30,0,0.5252312530288018
3,Elastic Net + Interval Features,C0182,2022-12-31,1,0.6129707605572984
3,Elastic Net + Interval Features,C0183,2022-09-30,0,0.19193870524186685
3,Elastic Net + Interval Features,C0183,2022-12-31,0,0.161415201133905
3,Elastic Net + Interval Features,C0184,2022-09-30,0,0.5932216021761216
3,Elastic Net + Interval Features,C0184,2022-12-31,0,0.39663661718376353
3,Elastic Net + Interval Features,C0185,2022-09-30,0,0.4421473640931488
3,Elastic Net + Interval Features,C0185,2022-12-31,1,0.46993858200223454
3,Elastic Net + Interval Features,C0186,2022-09-30,0,0.5312987915593008
3,Elastic Net + Interval Features,C0186,2022-12-31,0,0.32438703192756746
3,Elastic Net + Interval Features,C0187,2022-09-30,0,0.4562981044741953
3,Elastic Net + Interval Features,C0187,2022-12-31,0,0.47594503662246757
3,Elastic Net + Interval Features,C0188,2022-09-30,1,0.5211712507172248
3,Elastic Net + Interval Features,C0188,2022-12-31,0,0.39408986888068376
3,Elastic Net + Interval Features,C0189,2022-09-30,0,0.3781126202788477
3,Elastic Net + Interval Features,C0189,2022-12-31,1,0.5779200324720508
3,Elastic Net + Interval Features,C0190,2022-09-30,0,0.22413696298603308
3,Elastic Net + Interval Features,C0190,2022-12-31,0,0.19777770915878534
3,Elastic Net + Interval Features,C0191,2022-09-30,0,0.0855681788532151
3,Elastic Net + Interval Features,C0191,2022-12-31,0,0.08995851391262757
3,Elastic Net + Interval Features,C0192,2022-09-30,0,0.3701127741891922
3,Elastic Net + Interval Features,C0192,2022-12-31,0,0.3208760529648352
3,Elastic Net + Interval Features,C0193,2022-09-30,1,0.2993622876553564
3,Elastic Net + Interval Features,C0193,2022-12-31,0,0.4192582930817073
3,Elastic Net + Interval Features,C0194,2022-09-30,0,0.3024225253018201
3,Elastic Net + Interval Features,C0194,2022-12-31,0,0.5066624910512831
3,Elastic Net + Interval Features,C0195,2022-09-30,0,0.2938036455974552
3,Elastic Net + Interval Features,C0195,2022-12-31,0,0.3767312863698425
3,Elastic Net + Interval Features,C0196,2022-09-30,0,0.41328204853492856
3,Elastic Net + Interval Features,C0196,2022-12-31,0,0.36927185136044427
3,Elastic Net + Interval Features,C0197,2022-09-30,0,0.4148544579123356
3,Elastic Net + Interval Features,C0197,2022-12-31,0,0.2506523808398183
3,Elastic Net + Interval Features,C0198,2022-09-30,0,0.23202840049870033
3,Elastic Net + Interval Features,C0198,2022-12-31,1,0.23338857755635004
3,Elastic Net + Interval Features,C0199,2022-09-30,0,0.7940215013175981
3,Elastic Net + Interval Features,C0199,2022-12-31,0,0.8400213095877387
3,Elastic Net + Interval Features,C0200,2022-09-30,0,0.29756837700864
3,Elastic Net + Interval Features,C0200,2022-12-31,0,0.3829594840706097
3,Elastic Net + Interval Features,C0201,2022-09-30,0,0.13209037873790605
3,Elastic Net + Interval Features,C0201,2022-12-31,0,0.13461220764612222
3,Elastic Net + Interval Features,C0202,2022-09-30,0,0.43788791770476626
3,Elastic Net + Interval Features,C0202,2022-12-31,0,0.42587594101980786
3,Elastic Net + Interval Features,C0203,2022-09-30,0,0.36502188850522116
3,Elastic Net + Interval Features,C0203,2022-12-31,0,0.28633185234872294
3,Elastic Net + Interval Features,C0204,2022-09-30,0,0.4884874735539033
3,Elastic Net + Interval Features,C0204,2022-12-31,0,0.2591409653839606
3,Elastic Net + Interval Features,C0205,2022-09-30,0,0.3776337320895929
3,Elastic Net + Interval Features,C0205,2022-12-31,0,0.4412359651751289
3,Elastic Net + Interval Features,C0206,2022-09-30,1,0.4665214980977844
3,Elastic Net + Interval Features,C0206,2022-12-31,0,0.4017108763532221
3,Elastic Net + Interval Features,C0207,2022-09-30,1,0.8636897233304505
3,Elastic Net + Interval Features,C0207,2022-12-31,1,0.8543518981507453
3,Elastic Net + Interval Features,C0208,2022-09-30,0,0.3054516465451426
3,Elastic Net + Interval Features,C0208,2022-12-31,0,0.27170080522165363
3,Elastic Net + Interval Features,C0209,2022-09-30,0,0.4134616665288813
3,Elastic Net + Interval Features,C0209,2022-12-31,1,0.5320927226472404
3,Elastic Net + Interval Features,C0210,2022-09-30,0,0.29231670694371586
3,Elastic Net + Interval Features,C0210,2022-12-31,0,0.30285302384877344
3,Elastic Net + Interval Features,C0211,2022-09-30,0,0.23589977289487282
3,Elastic Net + Interval Features,C0211,2022-12-31,0,0.3620981533107313
3,Elastic Net + Interval Features,C0212,2022-09-30,0,0.35317129811922815
3,Elastic Net + Interval Features,C0212,2022-12-31,0,0.23105848075927116
3,Elastic Net + Interval Features,C0213,2022-09-30,0,0.26548056839589307
3,Elastic Net + Interval Features,C0213,2022-12-31,0,0.22325666230032054
3,Elastic Net + Interval Features,C0214,2022-09-30,0,0.23229158870275549
3,Elastic Net + Interval Features,C0214,2022-12-31,0,0.16508792346977869
3,Elastic Net + Interval Features,C0215,2022-09-30,0,0.4994247623308596
3,Elastic Net + Interval Features,C0215,2022-12-31,0,0.33288580954976743
3,Elastic Net + Interval Features,C0216,2022-09-30,0,0.5268773406200712
3,Elastic Net + Interval Features,C0216,2022-12-31,0,0.5873072491893208
3,Elastic Net + Interval Features,C0217,2022-09-30,1,0.4844505473981481
3,Elastic Net + Interval Features,C0217,2022-12-31,0,0.4936104041073273
3,Elastic Net + Interval Features,C0218,2022-09-30,0,0.43958850909328506
3,Elastic Net + Interval Features,C0218,2022-12-31,0,0.5861916229322941
3,Elastic Net + Interval Features,C0219,2022-09-30,0,0.21849563035357106
3,Elastic Net + Interval Features,C0219,2022-12-31,1,0.30102969871676893
3,Elastic Net + Interval Features,C0220,2022-09-30,0,0.33711164788380543
3,Elastic Net + Interval Features,C0220,2022-12-31,0,0.28603674589714007
3,Elastic Net + Interval Features,C0221,2022-09-30,0,0.5856385869249581
3,Elastic Net + Interval Features,C0221,2022-12-31,1,0.698585594155565
3,Elastic Net + Interval Features,C0222,2022-09-30,0,0.3560176960849545
3,Elastic Net + Interval Features,C0222,2022-12-31,1,0.4743617802642794
3,Elastic Net + Interval Features,C0223,2022-09-30,0,0.5298829848148997
3,Elastic Net + Interval Features,C0223,2022-12-31,1,0.3567033084875218
3,Elastic Net + Interval Features,C0224,2022-09-30,0,0.1968186018385917
3,Elastic Net + Interval Features,C0224,2022-12-31,0,0.30783979780589404
3,Elastic Net + Interval Features,C0225,2022-09-30,0,0.4188803589667912
3,Elastic Net + Interval Features,C0225,2022-12-31,0,0.34504832488964415
3,Elastic Net + Interval Features,C0226,2022-09-30,0,0.23416753503981383
3,Elastic Net + Interval Features,C0226,2022-12-31,0,0.12005376880090435
3,Elastic Net + Interval Features,C0227,2022-09-30,0,0.3817630563622847
3,Elastic Net + Interval Features,C0227,2022-12-31,0,0.15079674773058355
3,Elastic Net + Interval Features,C0228,2022-09-30,0,0.29274547311751636
3,Elastic Net + Interval Features,C0228,2022-12-31,0,0.48079617926873847
3,Elastic Net + Interval Features,C0229,2022-09-30,0,0.2936339318793893
3,Elastic Net + Interval Features,C0229,2022-12-31,0,0.23290077854575378
3,Elastic Net + Interval Features,C0230,2022-09-30,0,0.30779405313738
3,Elastic Net + Interval Features,C0230,2022-12-31,0,0.27707618246512644
3,Elastic Net + Interval Features,C0231,2022-09-30,0,0.2727828334154897
3,Elastic Net + Interval Features,C0231,2022-12-31,0,0.24689232858554894
3,Elastic Net + Interval Features,C0232,2022-09-30,1,0.11730334957528658
3,Elastic Net + Interval Features,C0232,2022-12-31,0,0.3317632660474628
3,Elastic Net + Interval Features,C0233,2022-09-30,0,0.3896594198465724
3,Elastic Net + Interval Features,C0233,2022-12-31,0,0.3627605194100886
3,Elastic Net + Interval Features,C0234,2022-09-30,0,0.32715116078578366
3,Elastic Net + Interval Features,C0234,2022-12-31,0,0.1773168009771474
3,Elastic Net + Interval Features,C0235,2022-09-30,1,0.349862394011852
3,Elastic Net + Interval Features,C0235,2022-12-31,0,0.3720435175254888
3,Elastic Net + Interval Features,C0236,2022-09-30,0,0.2390914095827378
3,Elastic Net + Interval Features,C0236,2022-12-31,0,0.22192211418622923
3,Elastic Net + Interval Features,C0237,2022-09-30,0,0.658687815922935
3,Elastic Net + Interval Features,C0237,2022-12-31,0,0.5077906819385185
3,Elastic Net + Interval Features,C0238,2022-09-30,0,0.5975914970156153
3,Elastic Net + Interval Features,C0238,2022-12-31,0,0.426725351997683
3,Elastic Net + Interval Features,C0239,2022-09-30,0,0.6804801455918651
3,Elastic Net + Interval Features,C0239,2022-12-31,1,0.6806436091649853
3,Elastic Net + Interval Features,C0240,2022-09-30,0,0.28735837783163287
3,Elastic Net + Interval Features,C0240,2022-12-31,0,0.4175849305504518
3,Elastic Net + Interval Features,C0241,2022-09-30,0,0.2747100253217376
3,Elastic Net + Interval Features,C0241,2022-12-31,1,0.6750177610040138
3,Elastic Net + Interval Features,C0242,2022-09-30,0,0.5690699748959639
3,Elastic Net + Interval Features,C0242,2022-12-31,0,0.572910400102877
3,Elastic Net + Interval Features,C0243,2022-09-30,1,0.3077198273089523
3,Elastic Net + Interval Features,C0243,2022-12-31,0,0.17061508514021437
3,Elastic Net + Interval Features,C0244,2022-09-30,0,0.8486167589175326
3,Elastic Net + Interval Features,C0244,2022-12-31,1,0.7161470333011025
3,Elastic Net + Interval Features,C0245,2022-09-30,1,0.8286599731097539
3,Elastic Net + Interval Features,C0245,2022-12-31,0,0.29199648557444113
3,Elastic Net + Interval Features,C0246,2022-09-30,0,0.3994923325727283
3,Elastic Net + Interval Features,C0246,2022-12-31,0,0.443740540292921
3,Elastic Net + Interval Features,C0247,2022-09-30,1,0.4370680501667881
3,Elastic Net + Interval Features,C0247,2022-12-31,0,0.48394449150371893
3,Elastic Net + Interval Features,C0248,2022-09-30,0,0.6851350051179691
3,Elastic Net + Interval Features,C0248,2022-12-31,0,0.7162071879728794
3,Elastic Net + Interval Features,C0249,2022-09-30,0,0.11511321955902934
3,Elastic Net + Interval Features,C0249,2022-12-31,0,0.07874040083775027
3,Elastic Net + Interval Features,C0250,2022-09-30,0,0.2857357884889084
3,Elastic Net + Interval Features,C0250,2022-12-31,1,0.1937056682168228
3,Elastic Net + Interval Features,C0251,2022-09-30,0,0.00541340236291368
3,Elastic Net + Interval Features,C0251,2022-12-31,0,0.1605919845739052
3,Elastic Net + Interval Features,C0252,2022-09-30,1,0.5599287397920267
3,Elastic Net + Interval Features,C0252,2022-12-31,0,0.493397700297222
3,Elastic Net + Interval Features,C0253,2022-09-30,0,0.24978120959319455
3,Elastic Net + Interval Features,C0253,2022-12-31,0,0.2740035939353213
3,Elastic Net + Interval Features,C0254,2022-09-30,1,0.4283939123153961
3,Elastic Net + Interval Features,C0254,2022-12-31,0,0.5302890067303057
3,Elastic Net + Interval Features,C0255,2022-09-30,0,0.3284304302083553
3,Elastic Net + Interval Features,C0255,2022-12-31,0,0.3473981042603842
3,Elastic Net + Interval Features,C0256,2022-09-30,0,0.2269697413045129
3,Elastic Net + Interval Features,C0256,2022-12-31,0,0.3718983685131646
3,Elastic Net + Interval Features,C0257,2022-09-30,0,0.22959745552350022
3,Elastic Net + Interval Features,C0257,2022-12-31,0,0.3225693852312295
3,Elastic Net + Interval Features,C0258,2022-09-30,0,0.5042956522658075
3,Elastic Net + Interval Features,C0258,2022-12-31,0,0.7309385716571302
3,Elastic Net + Interval Features,C0259,2022-09-30,0,0.16757140340750928
3,Elastic Net + Interval Features,C0259,2022-12-31,0,0.07926621210812934
3,Elastic Net + Interval Features,C0260,2022-09-30,0,0.5984894533222156
3,Elastic Net + Interval Features,C0260,2022-12-31,0,0.444513415473865
3,Elastic Net + Interval Features,C0261,2022-09-30,0,0.20761540132095
3,Elastic Net + Interval Features,C0261,2022-12-31,0,0.2067632667130393
3,Elastic Net + Interval Features,C0262,2022-09-30,0,0.4613810159719812
3,Elastic Net + Interval Features,C0262,2022-12-31,0,0.3929128724956781
3,Elastic Net + Interval Features,C0263,2022-09-30,0,0.23139321593343534
3,Elastic Net + Interval Features,C0263,2022-12-31,0,0.3258376533589337
3,Elastic Net + Interval Features,C0264,2022-09-30,0,0.6451243886546242
3,Elastic Net + Interval Features,C0264,2022-12-31,0,0.43027602718876895
3,Elastic Net + Interval Features,C0265,2022-09-30,1,0.6611268018272183
3,Elastic Net + Interval Features,C0265,2022-12-31,0,0.561110249386343
3,Elastic Net + Interval Features,C0266,2022-09-30,0,0.29743964193977396
3,Elastic Net + Interval Features,C0266,2022-12-31,0,0.208461576111501
3,Elastic Net + Interval Features,C0267,2022-09-30,0,0.7768508983478881
3,Elastic Net + Interval Features,C0267,2022-12-31,1,0.8320497534632006
3,Elastic Net + Interval Features,C0268,2022-09-30,1,0.3454188239022168
3,Elastic Net + Interval Features,C0268,2022-12-31,0,0.2814731328172041
3,Elastic Net + Interval Features,C0269,2022-09-30,1,0.15085409057440127
3,Elastic Net + Interval Features,C0269,2022-12-31,0,0.31081257290755177
3,Elastic Net + Interval Features,C0270,2022-09-30,0,0.4131918341778694
3,Elastic Net + Interval Features,C0270,2022-12-31,0,0.1244669955621139
3,Elastic Net + Interval Features,C0271,2022-09-30,1,0.5827883253833445
3,Elastic Net + Interval Features,C0271,2022-12-31,0,0.47642044306208414
3,Elastic Net + Interval Features,C0272,2022-09-30,0,0.3507538064129131
3,Elastic Net + Interval Features,C0272,2022-12-31,0,0.23363456247732098
3,Elastic Net + Interval Features,C0273,2022-09-30,0,0.6573886540905001
3,Elastic Net + Interval Features,C0273,2022-12-31,1,0.7136630255880483
3,Elastic Net + Interval Features,C0274,2022-09-30,0,0.26817965063707416
3,Elastic Net + Interval Features,C0274,2022-12-31,0,0.09355498264477063
3,Elastic Net + Interval Features,C0275,2022-09-30,0,0.2073822884462005
3,Elastic Net + Interval Features,C0275,2022-12-31,0,0.21069429998824388
3,Elastic Net + Interval Features,C0276,2022-09-30,0,0.6551760854835951
3,Elastic Net + Interval Features,C0276,2022-12-31,0,0.7071435417704279
3,Elastic Net + Interval Features,C0277,2022-09-30,0,0.5124811381387882
3,Elastic Net + Interval Features,C0277,2022-12-31,0,0.49350496424528845
3,Elastic Net + Interval Features,C0278,2022-09-30,0,0.5796284417035116
3,Elastic Net + Interval Features,C0278,2022-12-31,0,0.7370496415145503
3,Elastic Net + Interval Features,C0279,2022-09-30,0,0.5939382946731294
3,Elastic Net + Interval Features,C0279,2022-12-31,0,0.5981791353955286
3,Elastic Net + Interval Features,C0280,2022-09-30,0,0.5679585366434355
3,Elastic Net + Interval Features,C0280,2022-12-31,0,0.516344929285563
3,Elastic Net + Interval Features,C0281,2022-09-30,1,0.9709738549428845
3,Elastic Net + Interval Features,C0281,2022-12-31,1,0.941735178246748
3,Elastic Net + Interval Features,C0282,2022-09-30,0,0.29829677358679696
3,Elastic Net + Interval Features,C0282,2022-12-31,0,0.3289984676421003
3,Elastic Net + Interval Features,C0283,2022-09-30,0,0.5153228840192651
3,Elastic Net + Interval Features,C0283,2022-12-31,1,0.43759474763880857
3,Elastic Net + Interval Features,C0284,2022-09-30,0,0.3799497827661394
3,Elastic Net + Interval Features,C0284,2022-12-31,0,0.2027464010360072
3,Elastic Net + Interval Features,C0285,2022-09-30,0,0.4450540399891259
3,Elastic Net + Interval Features,C0285,2022-12-31,0,0.6297650307468242
3,Elastic Net + Interval Features,C0286,2022-09-30,0,0.5923955242316027
3,Elastic Net + Interval Features,C0286,2022-12-31,0,0.6792461129638221
3,Elastic Net + Interval Features,C0287,2022-09-30,0,0.2986360506310295
3,Elastic Net + Interval Features,C0287,2022-12-31,0,0.25079348650849653
3,Elastic Net + Interval Features,C0288,2022-09-30,1,0.5045135856027126
3,Elastic Net + Interval Features,C0288,2022-12-31,0,0.5919943662389215
3,Elastic Net + Interval Features,C0289,2022-09-30,0,0.06036335883496404
3,Elastic Net + Interval Features,C0289,2022-12-31,0,0.12504120951484785
3,Elastic Net + Interval Features,C0290,2022-09-30,0,0.7050195767082716
3,Elastic Net + Interval Features,C0290,2022-12-31,0,0.6254399122888072
3,Elastic Net + Interval Features,C0291,2022-09-30,0,0.39340144266450017
3,Elastic Net + Interval Features,C0291,2022-12-31,0,0.3901367537402737
3,Elastic Net + Interval Features,C0292,2022-09-30,0,0.3325043219224733
3,Elastic Net + Interval Features,C0292,2022-12-31,0,0.3405624114510361
3,Elastic Net + Interval Features,C0293,2022-09-30,0,0.12913045162967113
3,Elastic Net + Interval Features,C0293,2022-12-31,0,0.16036031100534842
3,Elastic Net + Interval Features,C0294,2022-09-30,0,0.2716037241639969
3,Elastic Net + Interval Features,C0294,2022-12-31,0,0.3314175706505156
3,Elastic Net + Interval Features,C0295,2022-09-30,0,0.6794025076293202
3,Elastic Net + Interval Features,C0295,2022-12-31,0,0.6913135328577369
3,Elastic Net + Interval Features,C0296,2022-09-30,0,0.42258459587682895
3,Elastic Net + Interval Features,C0296,2022-12-31,0,0.4138557653391581
3,Elastic Net + Interval Features,C0297,2022-09-30,0,0.5233326226881622
3,Elastic Net + Interval Features,C0297,2022-12-31,1,0.6958354950432155
3,Elastic Net + Interval Features,C0298,2022-09-30,1,0.4104289140526804
3,Elastic Net + Interval Features,C0298,2022-12-31,0,0.26507288075038715
3,Elastic Net + Interval Features,C0299,2022-09-30,0,0.3576627084322389
3,Elastic Net + Interval Features,C0299,2022-12-31,0,0.29899784245735384
1,XGBoost,C0000,2021-09-30,0,0.16881249845027924
1,XGBoost,C0000,2021-12-31,1,0.5398222804069519
1,XGBoost,C0001,2021-09-30,1,0.22020728886127472
1,XGBoost,C0001,2021-12-31,1,0.6960062980651855
1,XGBoost,C0002,2021-09-30,0,0.09230990707874298
1,XGBoost,C0002,2021-12-31,0,0.07627971470355988
1,XGBoost,C0003,2021-09-30,0,0.0792473703622818
1,XGBoost,C0003,2021-12-31,0,0.029712270945310593
1,XGBoost,C0004,2021-09-30,0,0.10328348726034164
1,XGBoost,C0004,2021-12-31,0,0.10905176401138306
1,XGBoost,C0005,2021-09-30,0,0.0713103786110878
1,XGBoost,C0005,2021-12-31,0,0.05296758562326431
1,XGBoost,C0006,2021-09-30,0,0.47716808319091797
1,XGBoost,C0006,2021-12-31,1,0.7166303396224976
1,XGBoost,C0007,2021-09-30,0,0.2062932550907135
1,XGBoost,C0007,2021-12-31,0,0.33970385789871216
1,XGBoost,C0008,2021-09-30,0,0.2667383551597595
1,XGBoost,C0008,2021-12-31,0,0.23985669016838074
1,XGBoost,C0009,2021-09-30,0,0.21348419785499573
1,XGBoost,C0009,2021-12-31,0,0.14417077600955963
1,XGBoost,C0010,2021-09-30,0,0.09399097412824631
1,XGBoost,C0010,2021-12-31,0,0.0364963561296463
1,XGBoost,C0011,2021-09-30,0,0.09754469245672226
1,XGBoost,C0011,2021-12-31,0,0.03461601585149765
1,XGBoost,C0012,2021-09-30,0,0.09840995073318481
1,XGBoost,C0012,2021-12-31,0,0.01653865911066532
1,XGBoost,C0013,2021-09-30,1,0.45742782950401306
1,XGBoost,C0013,2021-12-31,0,0.5377816557884216
1,XGBoost,C0014,2021-09-30,0,0.48674240708351135
1,XGBoost,C0014,2021-12-31,0,0.48573294281959534
1,XGBoost,C0015,2021-09-30,0,0.3018539249897003
1,XGBoost,C0015,2021-12-31,0,0.17430047690868378
1,XGBoost,C0016,2021-09-30,1,0.6487863063812256
1,XGBoost,C0016,2021-12-31,1,0.3947804272174835
1,XGBoost,C0017,2021-09-30,0,0.397511750459671
1,XGBoost,C0017,2021-12-31,0,0.5815588235855103
1,XGBoost,C0018,2021-09-30,0,0.08460242301225662
1,XGBoost,C0018,2021-12-31,0,0.3024439215660095
1,XGBoost,C0019,2021-09-30,1,0.4164557456970215
1,XGBoost,C0019,2021-12-31,0,0.20445741713047028
1,XGBoost,C0020,2021-09-30,0,0.21859419345855713
1,XGBoost,C0020,2021-12-31,0,0.11625616997480392
1,XGBoost,C0021,2021-09-30,0,0.22633419930934906
1,XGBoost,C0021,2021-12-31,0,0.25406894087791443
1,XGBoost,C0022,2021-09-30,0,0.13491502404212952
1,XGBoost,C0022,2021-12-31,0,0.06796909868717194
1,XGBoost,C0023,2021-09-30,0,0.1400957852602005
1,XGBoost,C0023,2021-12-31,0,0.34305813908576965
1,XGBoost,C0024,2021-09-30,0,0.4575134515762329
1,XGBoost,C0024,2021-12-31,0,0.39723873138427734
1,XGBoost,C0025,2021-09-30,0,0.17837481200695038
1,XGBoost,C0025,2021-12-31,0,0.08740508556365967
1,XGBoost,C0026,2021-09-30,0,0.12458865344524384
1,XGBoost,C0026,2021-12-31,0,0.1433652937412262
1,XGBoost,C0027,2021-09-30,0,0.12659123539924622
1,XGBoost,C0027,2021-12-31,0,0.07603597640991211
1,XGBoost,C0028,2021-09-30,0,0.12860868871212006
1,XGBoost,C0028,2021-12-31,0,0.25366777181625366
1,XGBoost,C0029,2021-09-30,0,0.20866486430168152
1,XGBoost,C0029,2021-12-31,0,0.2420487254858017
1,XGBoost,C0030,2021-09-30,0,0.2581207752227783
1,XGBoost,C0030,2021-12-31,0,0.10592667758464813
1,XGBoost,C0031,2021-09-30,0,0.0805303230881691
1,XGBoost,C0031,2021-12-31,1,0.06081566959619522
1,XGBoost,C0032,2021-09-30,0,0.3401137590408325
1,XGBoost,C0032,2021-12-31,1,0.527387261390686
1,XGBoost,C0033,2021-09-30,0,0.35021135210990906
1,XGBoost,C0033,2021-12-31,0,0.6834038496017456
1,XGBoost,C0034,2021-09-30,0,0.16560085117816925
1,XGBoost,C0034,2021-12-31,1,0.1352095752954483
1,XGBoost,C0035,2021-09-30,0,0.025696618482470512
1,XGBoost,C0035,2021-12-31,0,0.051614537835121155
1,XGBoost,C0036,2021-09-30,0,0.07434205710887909
1,XGBoost,C0036,2021-12-31,0,0.22272466123104095
1,XGBoost,C0037,2021-09-30,0,0.5122824311256409
1,XGBoost,C0037,2021-12-31,0,0.4947892725467682
1,XGBoost,C0038,2021-09-30,1,0.10237779468297958
1,XGBoost,C0038,2021-12-31,0,0.03391868248581886
1,XGBoost,C0039,2021-09-30,0,0.07194608449935913
1,XGBoost,C0039,2021-12-31,0,0.1279650628566742
1,XGBoost,C0040,2021-09-30,0,0.11360175162553787
1,XGBoost,C0040,2021-12-31,0,0.161748006939888
1,XGBoost,C0041,2021-09-30,0,0.38387182354927063
1,XGBoost,C0041,2021-12-31,0,0.6662538051605225
1,XGBoost,C0042,2021-09-30,0,0.04359614476561546
1,XGBoost,C0042,2021-12-31,0,0.1569037288427353
1,XGBoost,C0043,2021-09-30,0,0.04337369278073311
1,XGBoost,C0043,2021-12-31,0,0.2194165736436844
1,XGBoost,C0044,2021-09-30,0,0.2555341422557831
1,XGBoost,C0044,2021-12-31,0,0.07534974068403244
1,XGBoost,C0045,2021-09-30,0,0.0886237844824791
1,XGBoost,C0045,2021-12-31,0,0.0666002631187439
1,XGBoost,C0046,2021-09-30,0,0.07000388950109482
1,XGBoost,C0046,2021-12-31,0,0.10858374834060669
1,XGBoost,C0047,2021-09-30,1,0.4132719933986664
1,XGBoost,C0047,2021-12-31,0,0.278579980134964
1,XGBoost,C0048,2021-09-30,0,0.2754524052143097
1,XGBoost,C0048,2021-12-31,0,0.16196924448013306
1,XGBoost,C0049,2021-09-30,0,0.43496328592300415
1,XGBoost,C0049,2021-12-31,0,0.1300884634256363
1,XGBoost,C0050,2021-09-30,0,0.05903257429599762
1,XGBoost,C0050,2021-12-31,0,0.05463607609272003
1,XGBoost,C0051,2021-09-30,0,0.15471923351287842
1,XGBoost,C0051,2021-12-31,0,0.29248976707458496
1,XGBoost,C0052,2021-09-30,0,0.019167207181453705
1,XGBoost,C0052,2021-12-31,1,0.21843194961547852
1,XGBoost,C0053,2021-09-30,0,0.3233785331249237
1,XGBoost,C0053,2021-12-31,0,0.8091529011726379
1,XGBoost,C0054,2021-09-30,0,0.12986129522323608
1,XGBoost,C0054,2021-12-31,0,0.3621726334095001
1,XGBoost,C0055,2021-09-30,1,0.7270815372467041
1,XGBoost,C0055,2021-12-31,0,0.23519547283649445
1,XGBoost,C0056,2021-09-30,0,0.37246206402778625
1,XGBoost,C0056,2021-12-31,0,0.5205363035202026
1,XGBoost,C0057,2021-09-30,0,0.7037805914878845
1,XGBoost,C0057,2021-12-31,0,0.07652212679386139
1,XGBoost,C0058,2021-09-30,1,0.4339999556541443
1,XGBoost,C0058,2021-12-31,0,0.23629066348075867
1,XGBoost,C0059,2021-09-30,0,0.1777137815952301
1,XGBoost,C0059,2021-12-31,0,0.4395952522754669
1,XGBoost,C0060,2021-09-30,0,0.05456813797354698
1,XGBoost,C0060,2021-12-31,1,0.08111743628978729
1,XGBoost,C0061,2021-09-30,0,0.3895493447780609
1,XGBoost,C0061,2021-12-31,0,0.36077067255973816
1,XGBoost,C0062,2021-09-30,0,0.638548731803894
1,XGBoost,C0062,2021-12-31,0,0.21647609770298004
1,XGBoost,C0063,2021-09-30,0,0.1753360629081726
1,XGBoost,C0063,2021-12-31,0,0.21394003927707672
1,XGBoost,C0064,2021-09-30,0,0.19965170323848724
1,XGBoost,C0064,2021-12-31,0,0.23598502576351166
1,XGBoost,C0065,2021-09-30,0,0.3035098612308502
1,XGBoost,C0065,2021-12-31,0,0.26499927043914795
1,XGBoost,C0066,2021-09-30,0,0.44362443685531616
1,XGBoost,C0066,2021-12-31,0,0.11360180377960205
1,XGBoost,C0067,2021-09-30,0,0.054593902081251144
1,XGBoost,C0067,2021-12-31,0,0.03973875939846039
1,XGBoost,C0068,2021-09-30,1,0.4036525785923004
1,XGBoost,C0068,2021-12-31,0,0.05687610059976578
1,XGBoost,C0069,2021-09-30,0,0.6965746283531189
1,XGBoost,C0069,2021-12-31,0,0.5605582594871521
1,XGBoost,C0070,2021-09-30,0,0.18203327059745789
1,XGBoost,C0070,2021-12-31,0,0.2069987803697586
1,XGBoost,C0071,2021-09-30,0,0.06395946443080902
1,XGBoost,C0071,2021-12-31,0,0.15802688896656036
1,XGBoost,C0072,2021-09-30,0,0.6465470790863037
1,XGBoost,C0072,2021-12-31,0,0.4038775861263275
1,XGBoost,C0073,2021-09-30,0,0.08217058330774307
1,XGBoost,C0073,2021-12-31,0,0.06638111174106598
1,XGBoost,C0074,2021-09-30,0,0.36897823214530945
1,XGBoost,C0074,2021-12-31,0,0.2970429062843323
1,XGBoost,C0075,2021-09-30,1,0.2619415819644928
1,XGBoost,C0075,2021-12-31,0,0.4993976354598999
1,XGBoost,C0076,2021-09-30,0,0.013322791084647179
1,XGBoost,C0076,2021-12-31,0,0.012640133500099182
1,XGBoost,C0077,2021-09-30,0,0.4707828164100647
1,XGBoost,C0077,2021-12-31,1,0.31472572684288025
1,XGBoost,C0078,2021-09-30,0,0.029437826946377754
1,XGBoost,C0078,2021-12-31,0,0.014663096517324448
1,XGBoost,C0079,2021-09-30,0,0.3888910114765167
1,XGBoost,C0079,2021-12-31,0,0.317122220993042
1,XGBoost,C0080,2021-09-30,0,0.08229628950357437
1,XGBoost,C0080,2021-12-31,0,0.09030449390411377
1,XGBoost,C0081,2021-09-30,1,0.09448584169149399
1,XGBoost,C0081,2021-12-31,0,0.1400856375694275
1,XGBoost,C0082,2021-09-30,0,0.6229519248008728
1,XGBoost,C0082,2021-12-31,1,0.4723164141178131
1,XGBoost,C0083,2021-09-30,0,0.30389437079429626
1,XGBoost,C0083,2021-12-31,0,0.20275963842868805
1,XGBoost,C0084,2021-09-30,0,0.010066590271890163
1,XGBoost,C0084,2021-12-31,0,0.008935755118727684
1,XGBoost,C0085,2021-09-30,0,0.1308954507112503
1,XGBoost,C0085,2021-12-31,0,0.5237299799919128
1,XGBoost,C0086,2021-09-30,0,0.434649258852005
1,XGBoost,C0086,2021-12-31,0,0.13254046440124512
1,XGBoost,C0087,2021-09-30,0,0.17194636166095734
1,XGBoost,C0087,2021-12-31,0,0.21200154721736908
1,XGBoost,C0088,2021-09-30,0,0.08128250390291214
1,XGBoost,C0088,2021-12-31,0,0.06086985394358635
1,XGBoost,C0089,2021-09-30,0,0.0661744624376297
1,XGBoost,C0089,2021-12-31,0,0.10798914730548859
1,XGBoost,C0090,2021-09-30,1,0.5395509600639343
1,XGBoost,C0090,2021-12-31,0,0.7383460402488708
1,XGBoost,C0091,2021-09-30,0,0.07786674052476883
1,XGBoost,C0091,2021-12-31,0,0.2869757115840912
1,XGBoost,C0092,2021-09-30,1,0.07895863056182861
1,XGBoost,C0092,2021-12-31,0,0.08680195361375809
1,XGBoost,C0093,2021-09-30,0,0.15925267338752747
1,XGBoost,C0093,2021-12-31,0,0.06640388071537018
1,XGBoost,C0094,2021-09-30,0,0.01922598108649254
1,XGBoost,C0094,2021-12-31,0,0.01503504253923893
1,XGBoost,C0095,2021-09-30,0,0.05777488276362419
1,XGBoost,C0095,2021-12-31,1,0.15626506507396698
1,XGBoost,C0096,2021-09-30,0,0.12687532603740692
1,XGBoost,C0096,2021-12-31,0,0.1455797702074051
1,XGBoost,C0097,2021-09-30,0,0.19226931035518646
1,XGBoost,C0097,2021-12-31,0,0.028888795524835587
1,XGBoost,C0098,2021-09-30,0,0.1703861802816391
1,XGBoost,C0098,2021-12-31,1,0.10016527771949768
1,XGBoost,C0099,2021-09-30,0,0.14723393321037292
1,XGBoost,C0099,2021-12-31,0,0.09289657324552536
1,XGBoost,C0100,2021-09-30,1,0.16116437315940857
1,XGBoost,C0100,2021-12-31,0,0.05761635676026344
1,XGBoost,C0101,2021-09-30,0,0.1965993195772171
1,XGBoost,C0101,2021-12-31,1,0.20125973224639893
1,XGBoost,C0102,2021-09-30,0,0.5549083352088928
1,XGBoost,C0102,2021-12-31,0,0.23300829529762268
1,XGBoost,C0103,2021-09-30,0,0.014451342634856701
1,XGBoost,C0103,2021-12-31,0,0.027708878740668297
1,XGBoost,C0104,2021-09-30,0,0.18529808521270752
1,XGBoost,C0104,2021-12-31,0,0.38773083686828613
1,XGBoost,C0105,2021-09-30,0,0.5754286646842957
1,XGBoost,C0105,2021-12-31,0,0.18879638612270355
1,XGBoost,C0106,2021-09-30,0,0.4951779842376709
1,XGBoost,C0106,2021-12-31,0,0.24687962234020233
1,XGBoost,C0107,2021-09-30,0,0.2207697331905365
1,XGBoost,C0107,2021-12-31,0,0.4877062439918518
1,XGBoost,C0108,2021-09-30,0,0.12153524905443192
1,XGBoost,C0108,2021-12-31,0,0.09907188266515732
1,XGBoost,C0109,2021-09-30,0,0.10310747474431992
1,XGBoost,C0109,2021-12-31,1,0.2630886733531952
1,XGBoost,C0110,2021-09-30,0,0.8468242287635803
1,XGBoost,C0110,2021-12-31,0,0.1661795675754547
1,XGBoost,C0111,2021-09-30,0,0.2947518527507782
1,XGBoost,C0111,2021-12-31,0,0.19206634163856506
1,XGBoost,C0112,2021-09-30,0,0.14782212674617767
1,XGBoost,C0112,2021-12-31,0,0.03238807991147041
1,XGBoost,C0113,2021-09-30,0,0.050009820610284805
1,XGBoost,C0113,2021-12-31,1,0.10402578115463257
1,XGBoost,C0114,2021-09-30,0,0.4616066515445709
1,XGBoost,C0114,2021-12-31,0,0.22148610651493073
1,XGBoost,C0115,2021-09-30,0,0.3573453724384308
1,XGBoost,C0115,2021-12-31,1,0.5820250511169434
1,XGBoost,C0116,2021-09-30,0,0.2271500825881958
1,XGBoost,C0116,2021-12-31,0,0.1319461315870285
1,XGBoost,C0117,2021-09-30,0,0.22321191430091858
1,XGBoost,C0117,2021-12-31,0,0.3855409622192383
1,XGBoost,C0118,2021-09-30,0,0.2994893789291382
1,XGBoost,C0118,2021-12-31,0,0.1027885302901268
1,XGBoost,C0119,2021-09-30,0,0.003836561692878604
1,XGBoost,C0119,2021-12-31,0,0.0928310751914978
1,XGBoost,C0120,2021-09-30,0,0.27197372913360596
1,XGBoost,C0120,2021-12-31,0,0.13548071682453156
1,XGBoost,C0121,2021-09-30,0,0.6449275612831116
1,XGBoost,C0121,2021-12-31,0,0.3595053255558014
1,XGBoost,C0122,2021-09-30,0,0.4081677198410034
1,XGBoost,C0122,2021-12-31,0,0.11987292766571045
1,XGBoost,C0123,2021-09-30,0,0.1698986291885376
1,XGBoost,C0123,2021-12-31,0,0.10305514186620712
1,XGBoost,C0124,2021-09-30,1,0.126383975148201
1,XGBoost,C0124,2021-12-31,1,0.06002442166209221
1,XGBoost,C0125,2021-09-30,0,0.12799914181232452
1,XGBoost,C0125,2021-12-31,0,0.3135185241699219
1,XGBoost,C0126,2021-09-30,0,0.15400418639183044
1,XGBoost,C0126,2021-12-31,0,0.03762684762477875
1,XGBoost,C0127,2021-09-30,0,0.05833686515688896
1,XGBoost,C0127,2021-12-31,0,0.19711965322494507
1,XGBoost,C0128,2021-09-30,0,0.0218302421271801
1,XGBoost,C0128,2021-12-31,0,0.02292332984507084
1,XGBoost,C0129,2021-09-30,0,0.29638105630874634
1,XGBoost,C0129,2021-12-31,0,0.14385762810707092
1,XGBoost,C0130,2021-09-30,0,0.22040705382823944
1,XGBoost,C0130,2021-12-31,0,0.27639010548591614
1,XGBoost,C0131,2021-09-30,0,0.2162470668554306
1,XGBoost,C0131,2021-12-31,0,0.09987248480319977
1,XGBoost,C0132,2021-09-30,0,0.047980763018131256
1,XGBoost,C0132,2021-12-31,1,0.056749239563941956
1,XGBoost,C0133,2021-09-30,0,0.14421901106834412
1,XGBoost,C0133,2021-12-31,0,0.06700249016284943
1,XGBoost,C0134,2021-09-30,0,0.4386152923107147
1,XGBoost,C0134,2021-12-31,0,0.8024880290031433
1,XGBoost,C0135,2021-09-30,0,0.28086572885513306
1,XGBoost,C0135,2021-12-31,0,0.3072037696838379
1,XGBoost,C0136,2021-09-30,0,0.44344696402549744
1,XGBoost,C0136,2021-12-31,1,0.24685822427272797
1,XGBoost,C0137,2021-09-30,0,0.20847120881080627
1,XGBoost,C0137,2021-12-31,1,0.24790513515472412
1,XGBoost,C0138,2021-09-30,0,0.20793280005455017
1,XGBoost,C0138,2021-12-31,0,0.5367318391799927
1,XGBoost,C0139,2021-09-30,0,0.18180646002292633
1,XGBoost,C0139,2021-12-31,0,0.11651641875505447
1,XGBoost,C0140,2021-09-30,0,0.2704051733016968
1,XGBoost,C0140,2021-12-31,0,0.0868842676281929
1,XGBoost,C0141,2021-09-30,0,0.542421817779541
1,XGBoost,C0141,2021-12-31,0,0.13278330862522125
1,XGBoost,C0142,2021-09-30,0,0.3992897570133209
1,XGBoost,C0142,2021-12-31,1,0.3686486780643463
1,XGBoost,C0143,2021-09-30,0,0.4651962220668793
1,XGBoost,C0143,2021-12-31,0,0.41059577465057373
1,XGBoost,C0144,2021-09-30,0,0.033357251435518265
1,XGBoost,C0144,2021-12-31,0,0.03106352873146534
1,XGBoost,C0145,2021-09-30,0,0.18197393417358398
1,XGBoost,C0145,2021-12-31,1,0.05205676704645157
1,XGBoost,C0146,2021-09-30,0,0.16795708239078522
1,XGBoost,C0146,2021-12-31,0,0.05849659815430641
1,XGBoost,C0147,2021-09-30,0,0.06642036885023117
1,XGBoost,C0147,2021-12-31,0,0.3547109067440033
1,XGBoost,C0148,2021-09-30,0,0.15979434549808502
1,XGBoost,C0148,2021-12-31,0,0.052401795983314514
1,XGBoost,C0149,2021-09-30,0,0.24398566782474518
1,XGBoost,C0149,2021-12-31,1,0.04045049846172333
1,XGBoost,C0150,2021-09-30,1,0.8549481630325317
1,XGBoost,C0150,2021-12-31,0,0.4791733920574188
1,XGBoost,C0151,2021-09-30,0,0.06850903481245041
1,XGBoost,C0151,2021-12-31,0,0.09799592196941376
1,XGBoost,C0152,2021-09-30,0,0.0660792887210846
1,XGBoost,C0152,2021-12-31,0,0.2523091435432434
1,XGBoost,C0153,2021-09-30,1,0.46346139907836914
1,XGBoost,C0153,2021-12-31,0,0.11917639523744583
1,XGBoost,C0154,2021-09-30,0,0.0516388900578022
1,XGBoost,C0154,2021-12-31,1,0.04830821231007576
1,XGBoost,C0155,2021-09-30,0,0.0061511206440627575
1,XGBoost,C0155,2021-12-31,0,0.006053997669368982
1,XGBoost,C0156,2021-09-30,0,0.2243506759405136
1,XGBoost,C0156,2021-12-31,0,0.3389752507209778
1,XGBoost,C0157,2021-09-30,0,0.22918978333473206
1,XGBoost,C0157,2021-12-31,0,0.3734576106071472
1,XGBoost,C0158,2021-09-30,0,0.03745414689183235
1,XGBoost,C0158,2021-12-31,1,0.2820991277694702
1,XGBoost,C0159,2021-09-30,0,0.8702996969223022
1,XGBoost,C0159,2021-12-31,1,0.5601037740707397
1,XGBoost,C0160,2021-09-30,0,0.22209122776985168
1,XGBoost,C0160,2021-12-31,0,0.3051939606666565
1,XGBoost,C0161,2021-09-30,0,0.1790763884782791
1,XGBoost,C0161,2021-12-31,0,0.15339653193950653
1,XGBoost,C0162,2021-09-30,0,0.48123133182525635
1,XGBoost,C0162,2021-12-31,0,0.7607619166374207
1,XGBoost,C0163,2021-09-30,0,0.43615594506263733
1,XGBoost,C0163,2021-12-31,0,0.3428478240966797
1,XGBoost,C0164,2021-09-30,0,0.12224777042865753
1,XGBoost,C0164,2021-12-31,1,0.41966062784194946
1,XGBoost,C0165,2021-09-30,0,0.7839193940162659
1,XGBoost,C0165,2021-12-31,0,0.5326014161109924
1,XGBoost,C0166,2021-09-30,0,0.1872473955154419
1,XGBoost,C0166,2021-12-31,0,0.08649005740880966
1,XGBoost,C0167,2021-09-30,0,0.31492236256599426
1,XGBoost,C0167,2021-12-31,0,0.3974597156047821
1,XGBoost,C0168,2021-09-30,0,0.8014955520629883
1,XGBoost,C0168,2021-12-31,0,0.23848487436771393
1,XGBoost,C0169,2021-09-30,1,0.5004010796546936
1,XGBoost,C0169,2021-12-31,1,0.2794948220252991
1,XGBoost,C0170,2021-09-30,1,0.5646568536758423
1,XGBoost,C0170,2021-12-31,0,0.6643848419189453
1,XGBoost,C0171,2021-09-30,0,0.2775580585002899
1,XGBoost,C0171,2021-12-31,0,0.6060534119606018
1,XGBoost,C0172,2021-09-30,0,0.10862910747528076
1,XGBoost,C0172,2021-12-31,0,0.017646364867687225
1,XGBoost,C0173,2021-09-30,0,0.024576356634497643
1,XGBoost,C0173,2021-12-31,0,0.011839640326797962
1,XGBoost,C0174,2021-09-30,0,0.016468822956085205
1,XGBoost,C0174,2021-12-31,0,0.0565318837761879
1,XGBoost,C0175,2021-09-30,0,0.20257745683193207
1,XGBoost,C0175,2021-12-31,0,0.04229417070746422
1,XGBoost,C0176,2021-09-30,0,0.1567496508359909
1,XGBoost,C0176,2021-12-31,0,0.33750736713409424
1,XGBoost,C0177,2021-09-30,0,0.21761424839496613
1,XGBoost,C0177,2021-12-31,0,0.2953219711780548
1,XGBoost,C0178,2021-09-30,0,0.12347811460494995
1,XGBoost,C0178,2021-12-31,0,0.0876697525382042
1,XGBoost,C0179,2021-09-30,1,0.3091704249382019
1,XGBoost,C0179,2021-12-31,1,0.20005907118320465
1,XGBoost,C0180,2021-09-30,0,0.2276361733675003
1,XGBoost,C0180,2021-12-31,0,0.17636770009994507
1,XGBoost,C0181,2021-09-30,0,0.33819589018821716
1,XGBoost,C0181,2021-12-31,0,0.06760694831609726
1,XGBoost,C0182,2021-09-30,0,0.45194557309150696
1,XGBoost,C0182,2021-12-31,0,0.33857256174087524
1,XGBoost,C0183,2021-09-30,0,0.029440809041261673
1,XGBoost,C0183,2021-12-31,0,0.0336669459939003
1,XGBoost,C0184,2021-09-30,0,0.49172648787498474
1,XGBoost,C0184,2021-12-31,1,0.1146363914012909
1,XGBoost,C0185,2021-09-30,0,0.5757015943527222
1,XGBoost,C0185,2021-12-31,0,0.31738126277923584
1,XGBoost,C0186,2021-09-30,0,0.3814396858215332
1,XGBoost,C0186,2021-12-31,0,0.34555479884147644
1,XGBoost,C0187,2021-09-30,0,0.19838286936283112
1,XGBoost,C0187,2021-12-31,0,0.4402025043964386
1,XGBoost,C0188,2021-09-30,1,0.41139453649520874
1,XGBoost,C0188,2021-12-31,0,0.28457194566726685
1,XGBoost,C0189,2021-09-30,0,0.12222406268119812
1,XGBoost,C0189,2021-12-31,0,0.031270384788513184
1,XGBoost,C0190,2021-09-30,0,0.37625938653945923
1,XGBoost,C0190,2021-12-31,0,0.06504486501216888
1,XGBoost,C0191,2021-09-30,0,0.014022626914083958
1,XGBoost,C0191,2021-12-31,0,0.031171519309282303
1,XGBoost,C0192,2021-09-30,0,0.09869468957185745
1,XGBoost,C0192,2021-12-31,0,0.24006301164627075
1,XGBoost,C0193,2021-09-30,0,0.05393427982926369
1,XGBoost,C0193,2021-12-31,0,0.2187349945306778
1,XGBoost,C0194,2021-09-30,0,0.22673560678958893
1,XGBoost,C0194,2021-12-31,0,0.2898869514465332
1,XGBoost,C0195,2021-09-30,0,0.013831044547259808
1,XGBoost,C0195,2021-12-31,0,0.008093442767858505
1,XGBoost,C0196,2021-09-30,1,0.02553064003586769
1,XGBoost,C0196,2021-12-31,0,0.2533027231693268
1,XGBoost,C0197,2021-09-30,1,0.4427696168422699
1,XGBoost,C0197,2021-12-31,0,0.37415555119514465
1,XGBoost,C0198,2021-09-30,0,0.2011760175228119
1,XGBoost,C0198,2021-12-31,1,0.2568480968475342
1,XGBoost,C0199,2021-09-30,0,0.4171363115310669
1,XGBoost,C0199,2021-12-31,0,0.5946113467216492
1,XGBoost,C0200,2021-09-30,0,0.08577317744493484
1,XGBoost,C0200,2021-12-31,0,0.16335070133209229
1,XGBoost,C0201,2021-09-30,0,0.04021354764699936
1,XGBoost,C0201,2021-12-31,0,0.2030559778213501
1,XGBoost,C0202,2021-09-30,0,0.16979213058948517
1,XGBoost,C0202,2021-12-31,0,0.2352423369884491
1,XGBoost,C0203,2021-09-30,0,0.2271466851234436
1,XGBoost,C0203,2021-12-31,0,0.11624960601329803
1,XGBoost,C0204,2021-09-30,0,0.18456974625587463
1,XGBoost,C0204,2021-12-31,0,0.05339975282549858
1,XGBoost,C0205,2021-09-30,1,0.14422768354415894
1,XGBoost,C0205,2021-12-31,0,0.4907391667366028
1,XGBoost,C0206,2021-09-30,0,0.06637533009052277
1,XGBoost,C0206,2021-12-31,0,0.04832923784852028
1,XGBoost,C0207,2021-09-30,1,0.412973552942276
1,XGBoost,C0207,2021-12-31,0,0.7772053480148315
1,XGBoost,C0208,2021-09-30,0,0.23632337152957916
1,XGBoost,C0208,2021-12-31,1,0.20460866391658783
1,XGBoost,C0209,2021-09-30,0,0.6984699964523315
1,XGBoost,C0209,2021-12-31,0,0.565087616443634
1,XGBoost,C0210,2021-09-30,0,0.05534365028142929
1,XGBoost,C0210,2021-12-31,0,0.028230762109160423
1,XGBoost,C0211,2021-09-30,0,0.1770019680261612
1,XGBoost,C0211,2021-12-31,0,0.22080779075622559
1,XGBoost,C0212,2021-09-30,0,0.16495263576507568
1,XGBoost,C0212,2021-12-31,0,0.3977685868740082
1,XGBoost,C0213,2021-09-30,0,0.014768815599381924
1,XGBoost,C0213,2021-12-31,0,0.020453397184610367
1,XGBoost,C0214,2021-09-30,1,0.012645372189581394
1,XGBoost,C0214,2021-12-31,0,0.009352920576930046
1,XGBoost,C0215,2021-09-30,0,0.035903606563806534
1,XGBoost,C0215,2021-12-31,0,0.2282293438911438
1,XGBoost,C0216,2021-09-30,0,0.3151003122329712
1,XGBoost,C0216,2021-12-31,0,0.4196086823940277
1,XGBoost,C0217,2021-09-30,0,0.19082514941692352
1,XGBoost,C0217,2021-12-31,0,0.2396138310432434
1,XGBoost,C0218,2021-09-30,1,0.3107815086841583
1,XGBoost,C0218,2021-12-31,1,0.4502427577972412
1,XGBoost,C0219,2021-09-30,0,0.16699744760990143
1,XGBoost,C0219,2021-12-31,0,0.03368650749325752
1,XGBoost,C0220,2021-09-30,0,0.039831843227148056
1,XGBoost,C0220,2021-12-31,0,0.016989562660455704
1,XGBoost,C0221,2021-09-30,0,0.7353967428207397
1,XGBoost,C0221,2021-12-31,1,0.6503422856330872
1,XGBoost,C0222,2021-09-30,0,0.2051507830619812
1,XGBoost,C0222,2021-12-31,1,0.37994760274887085
1,XGBoost,C0223,2021-09-30,0,0.0865636095404625
1,XGBoost,C0223,2021-12-31,0,0.1126302108168602
1,XGBoost,C0224,2021-09-30,0,0.4193452000617981
1,XGBoost,C0224,2021-12-31,0,0.24004250764846802
1,XGBoost,C0225,2021-09-30,0,0.23122729361057281
1,XGBoost,C0225,2021-12-31,0,0.36963990330696106
1,XGBoost,C0226,2021-09-30,0,0.013368128798902035
1,XGBoost,C0226,2021-12-31,0,0.02488023415207863
1,XGBoost,C0227,2021-09-30,0,0.01698036678135395
1,XGBoost,C0227,2021-12-31,0,0.007282573264092207
1,XGBoost,C0228,2021-09-30,0,0.8147464990615845
1,XGBoost,C0228,2021-12-31,0,0.1672331541776657
1,XGBoost,C0229,2021-09-30,0,0.05375373736023903
1,XGBoost,C0229,2021-12-31,0,0.2616257667541504
1,XGBoost,C0230,2021-09-30,0,0.028702590614557266
1,XGBoost,C0230,2021-12-31,0,0.05168236792087555
1,XGBoost,C0231,2021-09-30,0,0.013731035403907299
1,XGBoost,C0231,2021-12-31,0,0.05462472885847092
1,XGBoost,C0232,2021-09-30,1,0.0916769802570343
1,XGBoost,C0232,2021-12-31,0,0.17630113661289215
1,XGBoost,C0233,2021-09-30,1,0.24106276035308838
1,XGBoost,C0233,2021-12-31,0,0.06610754132270813
1,XGBoost,C0234,2021-09-30,1,0.13849814236164093
1,XGBoost,C0234,2021-12-31,0,0.07776396721601486
1,XGBoost,C0235,2021-09-30,1,0.16901172697544098
1,XGBoost,C0235,2021-12-31,1,0.15247857570648193
1,XGBoost,C0236,2021-09-30,0,0.011101368814706802
1,XGBoost,C0236,2021-12-31,0,0.11789732426404953
1,XGBoost,C0237,2021-09-30,0,0.4297601580619812
1,XGBoost,C0237,2021-12-31,0,0.10964617878198624
1,XGBoost,C0238,2021-09-30,0,0.06884962320327759
1,XGBoost,C0238,2021-12-31,1,0.2074744552373886
1,XGBoost,C0239,2021-09-30,1,0.7344868183135986
1,XGBoost,C0239,2021-12-31,0,0.7930647134780884
1,XGBoost,C0240,2021-09-30,0,0.1346043050289154
1,XGBoost,C0240,2021-12-31,1,0.5062854886054993
1,XGBoost,C0241,2021-09-30,0,0.24258309602737427
1,XGBoost,C0241,2021-12-31,0,0.31068146228790283
1,XGBoost,C0242,2021-09-30,0,0.26429077982902527
1,XGBoost,C0242,2021-12-31,0,0.3730599582195282
1,XGBoost,C0243,2021-09-30,0,0.2572750747203827
1,XGBoost,C0243,2021-12-31,0,0.25767138600349426
1,XGBoost,C0244,2021-09-30,1,0.351146399974823
1,XGBoost,C0244,2021-12-31,0,0.4409770667552948
1,XGBoost,C0245,2021-09-30,0,0.42002028226852417
1,XGBoost,C0245,2021-12-31,0,0.2811141908168793
1,XGBoost,C0246,2021-09-30,0,0.17106541991233826
1,XGBoost,C0246,2021-12-31,0,0.17732149362564087
1,XGBoost,C0247,2021-09-30,0,0.17023645341396332
1,XGBoost,C0247,2021-12-31,0,0.25043004751205444
1,XGBoost,C0248,2021-09-30,0,0.627638041973114
1,XGBoost,C0248,2021-12-31,0,0.6932116150856018
1,XGBoost,C0249,2021-09-30,0,0.01953490450978279
1,XGBoost,C0249,2021-12-31,0,0.03739570081233978
1,XGBoost,C0250,2021-09-30,0,0.11498730629682541
1,XGBoost,C0250,2021-12-31,0,0.3333825170993805
1,XGBoost,C0251,2021-09-30,0,0.0671212300658226
1,XGBoost,C0251,2021-12-31,0,0.0610380582511425
1,XGBoost,C0252,2021-09-30,0,0.4034142792224884
1,XGBoost,C0252,2021-12-31,0,0.24561379849910736
1,XGBoost,C0253,2021-09-30,0,0.13561885058879852
1,XGBoost,C0253,2021-12-31,0,0.13592128455638885
1,XGBoost,C0254,2021-09-30,1,0.4391534924507141
1,XGBoost,C0254,2021-12-31,0,0.3558225631713867
1,XGBoost,C0255,2021-09-30,0,0.19133514165878296
1,XGBoost,C0255,2021-12-31,1,0.11499834060668945
1,XGBoost,C0256,2021-09-30,0,0.14130620658397675
1,XGBoost,C0256,2021-12-31,0,0.08761288970708847
1,XGBoost,C0257,2021-09-30,0,0.18177329003810883
1,XGBoost,C0257,2021-12-31,1,0.016444936394691467
1,XGBoost,C0258,2021-09-30,0,0.13460424542427063
1,XGBoost,C0258,2021-12-31,1,0.07847759127616882
1,XGBoost,C0259,2021-09-30,0,0.12023190408945084
1,XGBoost,C0259,2021-12-31,0,0.048836853355169296
1,XGBoost,C0260,2021-09-30,0,0.08005878329277039
1,XGBoost,C0260,2021-12-31,0,0.5577183365821838
1,XGBoost,C0261,2021-09-30,0,0.018484892323613167
1,XGBoost,C0261,2021-12-31,0,0.020816825330257416
1,XGBoost,C0262,2021-09-30,1,0.44646772742271423
1,XGBoost,C0262,2021-12-31,0,0.297698050737381
1,XGBoost,C0263,2021-09-30,0,0.10159485787153244
1,XGBoost,C0263,2021-12-31,0,0.3565026819705963
1,XGBoost,C0264,2021-09-30,0,0.44733861088752747
1,XGBoost,C0264,2021-12-31,0,0.3323107063770294
1,XGBoost,C0265,2021-09-30,0,0.4622097611427307
1,XGBoost,C0265,2021-12-31,0,0.5735852122306824
1,XGBoost,C0266,2021-09-30,0,0.2944164276123047
1,XGBoost,C0266,2021-12-31,0,0.1289767175912857
1,XGBoost,C0267,2021-09-30,0,0.13489648699760437
1,XGBoost,C0267,2021-12-31,0,0.27465832233428955
1,XGBoost,C0268,2021-09-30,0,0.0798785462975502
1,XGBoost,C0268,2021-12-31,0,0.05267321318387985
1,XGBoost,C0269,2021-09-30,0,0.03139616549015045
1,XGBoost,C0269,2021-12-31,0,0.08044395595788956
1,XGBoost,C0270,2021-09-30,0,0.2820553779602051
1,XGBoost,C0270,2021-12-31,0,0.14238692820072174
1,XGBoost,C0271,2021-09-30,0,0.35171017050743103
1,XGBoost,C0271,2021-12-31,0,0.08584778755903244
1,XGBoost,C0272,2021-09-30,0,0.043948691338300705
1,XGBoost,C0272,2021-12-31,0,0.13587355613708496
1,XGBoost,C0273,2021-09-30,0,0.7066167593002319
1,XGBoost,C0273,2021-12-31,1,0.6575896143913269
1,XGBoost,C0274,2021-09-30,0,0.07611716538667679
1,XGBoost,C0274,2021-12-31,1,0.5106876492500305
1,XGBoost,C0275,2021-09-30,0,0.02675943821668625
1,XGBoost,C0275,2021-12-31,0,0.04117061570286751
1,XGBoost,C0276,2021-09-30,0,0.06808474659919739
1,XGBoost,C0276,2021-12-31,0,0.12422572076320648
1,XGBoost,C0277,2021-09-30,0,0.7802765369415283
1,XGBoost,C0277,2021-12-31,0,0.1712125986814499
1,XGBoost,C0278,2021-09-30,0,0.13093017041683197
1,XGBoost,C0278,2021-12-31,0,0.26877662539482117
1,XGBoost,C0279,2021-09-30,0,0.3279262185096741
1,XGBoost,C0279,2021-12-31,0,0.26032373309135437
1,XGBoost,C0280,2021-09-30,0,0.11663375794887543
1,XGBoost,C0280,2021-12-31,0,0.43134817481040955
1,XGBoost,C0281,2021-09-30,1,0.6716001033782959
1,XGBoost,C0281,2021-12-31,1,0.7501317858695984
1,XGBoost,C0282,2021-09-30,0,0.12157721817493439
1,XGBoost,C0282,2021-12-31,0,0.08360555022954941
1,XGBoost,C0283,2021-09-30,0,0.09028855711221695
1,XGBoost,C0283,2021-12-31,1,0.21822689473628998
1,XGBoost,C0284,2021-09-30,0,0.05389748886227608
1,XGBoost,C0284,2021-12-31,0,0.07846052944660187
1,XGBoost,C0285,2021-09-30,0,0.5642595887184143
1,XGBoost,C0285,2021-12-31,0,0.08159492909908295
1,XGBoost,C0286,2021-09-30,0,0.4992116689682007
1,XGBoost,C0286,2021-12-31,0,0.3145703673362732
1,XGBoost,C0287,2021-09-30,0,0.13168756663799286
1,XGBoost,C0287,2021-12-31,0,0.23364023864269257
1,XGBoost,C0288,2021-09-30,0,0.2020392119884491
1,XGBoost,C0288,2021-12-31,0,0.04534166306257248
1,XGBoost,C0289,2021-09-30,1,0.07506405562162399
1,XGBoost,C0289,2021-12-31,0,0.3966721296310425
1,XGBoost,C0290,2021-09-30,0,0.7424178123474121
1,XGBoost,C0290,2021-12-31,0,0.21533894538879395
1,XGBoost,C0291,2021-09-30,0,0.13874751329421997
1,XGBoost,C0291,2021-12-31,0,0.29458972811698914
1,XGBoost,C0292,2021-09-30,0,0.20748686790466309
1,XGBoost,C0292,2021-12-31,0,0.2306065708398819
1,XGBoost,C0293,2021-09-30,0,0.12828059494495392
1,XGBoost,C0293,2021-12-31,0,0.23644252121448517
1,XGBoost,C0294,2021-09-30,0,0.13904859125614166
1,XGBoost,C0294,2021-12-31,0,0.13520029187202454
1,XGBoost,C0295,2021-09-30,1,0.20550034940242767
1,XGBoost,C0295,2021-12-31,0,0.1519039273262024
1,XGBoost,C0296,2021-09-30,0,0.2482423037290573
1,XGBoost,C0296,2021-12-31,0,0.7226715683937073
1,XGBoost,C0297,2021-09-30,0,0.5058957934379578
1,XGBoost,C0297,2021-12-31,0,0.1507311761379242
1,XGBoost,C0298,2021-09-30,0,0.3731491267681122
1,XGBoost,C0298,2021-12-31,0,0.289031445980072
1,XGBoost,C0299,2021-09-30,0,0.3197956681251526
1,XGBoost,C0299,2021-12-31,0,0.24502620100975037
2,XGBoost,C0000,2022-03-31,0,0.19327667355537415
2,XGBoost,C0000,2022-06-30,1,0.3749050498008728
2,XGBoost,C0001,2022-03-31,0,0.7761099934577942
2,XGBoost,C0001,2022-06-30,1,0.3210071623325348
2,XGBoost,C0002,2022-03-31,0,0.0352533720433712
2,XGBoost,C0002,2022-06-30,0,0.17178557813167572
2,XGBoost,C0003,2022-03-31,0,0.14817067980766296
2,XGBoost,C0003,2022-06-30,0,0.04610472172498703
2,XGBoost,C0004,2022-03-31,0,0.10106590390205383
2,XGBoost,C0004,2022-06-30,0,0.0784166157245636
2,XGBoost,C0005,2022-03-31,0,0.22045618295669556
2,XGBoost,C0005,2022-06-30,0,0.13760456442832947
2,XGBoost,C0006,2022-03-31,0,0.45341649651527405
2,XGBoost,C0006,2022-06-30,1,0.40605616569519043
2,XGBoost,C0007,2022-03-31,1,0.3061591386795044
2,XGBoost,C0007,2022-06-30,0,0.41915467381477356
2,XGBoost,C0008,2022-03-31,0,0.03365497291088104
2,XGBoost,C0008,2022-06-30,0,0.22482752799987793
2,XGBoost,C0009,2022-03-31,0,0.4120102524757385
2,XGBoost,C0009,2022-06-30,0,0.17323826253414154
2,XGBoost,C0010,2022-03-31,0,0.01698155142366886
2,XGBoost,C0010,2022-06-30,1,0.023889269679784775
2,XGBoost,C0011,2022-03-31,0,0.017932336777448654
2,XGBoost,C0011,2022-06-30,0,0.033927395939826965
2,XGBoost,C0012,2022-03-31,0,0.03877741098403931
2,XGBoost,C0012,2022-06-30,0,0.029991956427693367
2,XGBoost,C0013,2022-03-31,0,0.30332040786743164
2,XGBoost,C0013,2022-06-30,0,0.8167834877967834
2,XGBoost,C0014,2022-03-31,1,0.6121603846549988
2,XGBoost,C0014,2022-06-30,0,0.3452325463294983
2,XGBoost,C0015,2022-03-31,0,0.0767468735575676
2,XGBoost,C0015,2022-06-30,0,0.31701648235321045
2,XGBoost,C0016,2022-03-31,0,0.48741087317466736
2,XGBoost,C0016,2022-06-30,1,0.31880757212638855
2,XGBoost,C0017,2022-03-31,0,0.24142369627952576
2,XGBoost,C0017,2022-06-30,0,0.24917837977409363
2,XGBoost,C0018,2022-03-31,0,0.27461567521095276
2,XGBoost,C0018,2022-06-30,1,0.08837742358446121
2,XGBoost,C0019,2022-03-31,0,0.4907141923904419
2,XGBoost,C0019,2022-06-30,1,0.30807456374168396
2,XGBoost,C0020,2022-03-31,0,0.14537617564201355
2,XGBoost,C0020,2022-06-30,0,0.037710197269916534
2,XGBoost,C0021,2022-03-31,0,0.17336241900920868
2,XGBoost,C0021,2022-06-30,0,0.497234046459198
2,XGBoost,C0022,2022-03-31,0,0.17088982462882996
2,XGBoost,C0022,2022-06-30,0,0.13878576457500458
2,XGBoost,C0023,2022-03-31,0,0.10448267310857773
2,XGBoost,C0023,2022-06-30,0,0.1400972604751587
2,XGBoost,C0024,2022-03-31,0,0.31806322932243347
2,XGBoost,C0024,2022-06-30,0,0.5607070922851562
2,XGBoost,C0025,2022-03-31,0,0.0759565681219101
2,XGBoost,C0025,2022-06-30,0,0.15304432809352875
2,XGBoost,C0026,2022-03-31,0,0.2875889837741852
2,XGBoost,C0026,2022-06-30,0,0.3712692856788635
2,XGBoost,C0027,2022-03-31,0,0.35284245014190674
2,XGBoost,C0027,2022-06-30,0,0.08614090830087662
2,XGBoost,C0028,2022-03-31,0,0.37214115262031555
2,XGBoost,C0028,2022-06-30,0,0.1534785032272339
2,XGBoost,C0029,2022-03-31,0,0.42102938890457153
2,XGBoost,C0029,2022-06-30,0,0.07908324897289276
2,XGBoost,C0030,2022-03-31,0,0.2341659665107727
2,XGBoost,C0030,2022-06-30,0,0.17369797825813293
2,XGBoost,C0031,2022-03-31,0,0.04763071611523628
2,XGBoost,C0031,2022-06-30,0,0.5281012654304504
2,XGBoost,C0032,2022-03-31,1,0.4253852963447571
2,XGBoost,C0032,2022-06-30,0,0.5093778371810913
2,XGBoost,C0033,2022-03-31,0,0.40210458636283875
2,XGBoost,C0033,2022-06-30,1,0.18539771437644958
2,XGBoost,C0034,2022-03-31,0,0.44204404950141907
2,XGBoost,C0034,2022-06-30,0,0.2881214916706085
2,XGBoost,C0035,2022-03-31,0,0.1548992246389389
2,XGBoost,C0035,2022-06-30,0,0.07970137894153595
2,XGBoost,C0036,2022-03-31,0,0.11432518810033798
2,XGBoost,C0036,2022-06-30,0,0.09808100759983063
2,XGBoost,C0037,2022-03-31,0,0.8159569501876831
2,XGBoost,C0037,2022-06-30,0,0.5895430445671082
2,XGBoost,C0038,2022-03-31,0,0.11080548167228699
2,XGBoost,C0038,2022-06-30,0,0.3239865005016327
2,XGBoost,C0039,2022-03-31,0,0.017203453928232193
2,XGBoost,C0039,2022-06-30,0,0.024969015270471573
2,XGBoost,C0040,2022-03-31,0,0.17878437042236328
2,XGBoost,C0040,2022-06-30,0,0.05799424648284912
2,XGBoost,C0041,2022-03-31,1,0.41263824701309204
2,XGBoost,C0041,2022-06-30,0,0.40517500042915344
2,XGBoost,C0042,2022-03-31,0,0.12052898108959198
2,XGBoost,C0042,2022-06-30,0,0.13094669580459595
2,XGBoost,C0043,2022-03-31,0,0.0626661628484726
2,XGBoost,C0043,2022-06-30,0,0.04181711748242378
2,XGBoost,C0044,2022-03-31,0,0.07341238856315613
2,XGBoost,C0044,2022-06-30,0,0.01414096262305975
2,XGBoost,C0045,2022-03-31,0,0.07209044694900513
2,XGBoost,C0045,2022-06-30,0,0.13640162348747253
2,XGBoost,C0046,2022-03-31,0,0.12375857681035995
2,XGBoost,C0046,2022-06-30,0,0.10572563856840134
2,XGBoost,C0047,2022-03-31,1,0.6275113224983215
2,XGBoost,C0047,2022-06-30,0,0.0903705433011055
2,XGBoost,C0048,2022-03-31,1,0.6058759093284607
2,XGBoost,C0048,2022-06-30,1,0.2554134130477905
2,XGBoost,C0049,2022-03-31,0,0.10698940604925156
2,XGBoost,C0049,2022-06-30,0,0.06344248354434967
2,XGBoost,C0050,2022-03-31,0,0.1481790393590927
2,XGBoost,C0050,2022-06-30,0,0.49169161915779114
2,XGBoost,C0051,2022-03-31,0,0.3380028307437897
2,XGBoost,C0051,2022-06-30,1,0.13166874647140503
2,XGBoost,C0052,2022-03-31,0,0.22683566808700562
2,XGBoost,C0052,2022-06-30,0,0.24681656062602997
2,XGBoost,C0053,2022-03-31,0,0.8054578304290771
2,XGBoost,C0053,2022-06-30,0,0.3382869064807892
2,XGBoost,C0054,2022-03-31,0,0.023507356643676758
2,XGBoost,C0054,2022-06-30,0,0.17278315126895905
2,XGBoost,C0055,2022-03-31,0,0.4974677860736847
2,XGBoost,C0055,2022-06-30,0,0.1046878919005394
2,XGBoost,C0056,2022-03-31,0,0.4830058515071869
2,XGBoost,C0056,2022-06-30,1,0.47642990946769714
2,XGBoost,C0057,2022-03-31,0,0.4791085422039032
2,XGBoost,C0057,2022-06-30,1,0.09597121924161911
2,XGBoost,C0058,2022-03-31,1,0.17019811272621155
2,XGBoost,C0058,2022-06-30,0,0.3094935417175293
2,XGBoost,C0059,2022-03-31,0,0.2973957359790802
2,XGBoost,C0059,2022-06-30,1,0.2694664001464844
2,XGBoost,C0060,2022-03-31,0,0.20678165555000305
2,XGBoost,C0060,2022-06-30,0,0.06625859439373016
2,XGBoost,C0061,2022-03-31,0,0.11896903812885284
2,XGBoost,C0061,2022-06-30,0,0.19695572555065155
2,XGBoost,C0062,2022-03-31,0,0.18361592292785645
2,XGBoost,C0062,2022-06-30,1,0.7866832613945007
2,XGBoost,C0063,2022-03-31,0,0.2175598442554474
2,XGBoost,C0063,2022-06-30,0,0.06836839020252228
2,XGBoost,C0064,2022-03-31,0,0.09840425848960876
2,XGBoost,C0064,2022-06-30,0,0.22861996293067932
2,XGBoost,C0065,2022-03-31,1,0.765681266784668
2,XGBoost,C0065,2022-06-30,1,0.48785600066185
2,XGBoost,C0066,2022-03-31,0,0.40439870953559875
2,XGBoost,C0066,2022-06-30,0,0.07285387814044952
2,XGBoost,C0067,2022-03-31,0,0.03041459433734417
2,XGBoost,C0067,2022-06-30,0,0.04193635657429695
2,XGBoost,C0068,2022-03-31,0,0.24468091130256653
2,XGBoost,C0068,2022-06-30,1,0.23612524569034576
2,XGBoost,C0069,2022-03-31,0,0.801799476146698
2,XGBoost,C0069,2022-06-30,0,0.13049650192260742
2,XGBoost,C0070,2022-03-31,0,0.16418978571891785
2,XGBoost,C0070,2022-06-30,0,0.22117553651332855
2,XGBoost,C0071,2022-03-31,0,0.2847200334072113
2,XGBoost,C0071,2022-06-30,0,0.4601423144340515
2,XGBoost,C0072,2022-03-31,0,0.41872552037239075
2,XGBoost,C0072,2022-06-30,0,0.2087201029062271
2,XGBoost,C0073,2022-03-31,0,0.07604582607746124
2,XGBoost,C0073,2022-06-30,0,0.07699471712112427
2,XGBoost,C0074,2022-03-31,0,0.1853756308555603
2,XGBoost,C0074,2022-06-30,0,0.2825043797492981
2,XGBoost,C0075,2022-03-31,0,0.24505628645420074
2,XGBoost,C0075,2022-06-30,0,0.3271579146385193
2,XGBoost,C0076,2022-03-31,0,0.03969195857644081
2,XGBoost,C0076,2022-06-30,0,0.037812888622283936
2,XGBoost,C0077,2022-03-31,0,0.2396499216556549
2,XGBoost,C0077,2022-06-30,0,0.6383536458015442
2,XGBoost,C0078,2022-03-31,0,0.03627030923962593
2,XGBoost,C0078,2022-06-30,0,0.0316624715924263
2,XGBoost,C0079,2022-03-31,0,0.572001039981842
2,XGBoost,C0079,2022-06-30,0,0.3712905943393707
2,XGBoost,C0080,2022-03-31,0,0.10425010323524475
2,XGBoost,C0080,2022-06-30,0,0.06614521890878677
2,XGBoost,C0081,2022-03-31,0,0.04319220036268234
2,XGBoost,C0081,2022-06-30,0,0.045359961688518524
2,XGBoost,C0082,2022-03-31,1,0.5119132995605469
2,XGBoost,C0082,2022-06-30,0,0.7678587436676025
2,XGBoost,C0083,2022-03-31,0,0.25348174571990967
2,XGBoost,C0083,2022-06-30,0,0.18547390401363373
2,XGBoost,C0084,2022-03-31,0,0.04057590290904045
2,XGBoost,C0084,2022-06-30,0,0.009194258600473404
2,XGBoost,C0085,2022-03-31,0,0.22781877219676971
2,XGBoost,C0085,2022-06-30,0,0.13650430738925934
2,XGBoost,C0086,2022-03-31,1,0.04375245422124863
2,XGBoost,C0086,2022-06-30,1,0.2138960063457489
2,XGBoost,C0087,2022-03-31,0,0.4508990943431854
2,XGBoost,C0087,2022-06-30,0,0.11312299966812134
2,XGBoost,C0088,2022-03-31,0,0.060806795954704285
2,XGBoost,C0088,2022-06-30,0,0.05295084789395332
2,XGBoost,C0089,2022-03-31,0,0.3126865327358246
2,XGBoost,C0089,2022-06-30,0,0.4080102741718292
2,XGBoost,C0090,2022-03-31,1,0.7725305557250977
2,XGBoost,C0090,2022-06-30,1,0.5687589645385742
2,XGBoost,C0091,2022-03-31,0,0.25594061613082886
2,XGBoost,C0091,2022-06-30,0,0.12486106902360916
2,XGBoost,C0092,2022-03-31,0,0.16785304248332977
2,XGBoost,C0092,2022-06-30,0,0.024501241743564606
2,XGBoost,C0093,2022-03-31,1,0.043207209557294846
2,XGBoost,C0093,2022-06-30,0,0.10538308322429657
2,XGBoost,C0094,2022-03-31,0,0.16018055379390717
2,XGBoost,C0094,2022-06-30,0,0.11166113615036011
2,XGBoost,C0095,2022-03-31,0,0.024427982047200203
2,XGBoost,C0095,2022-06-30,0,0.08426311612129211
2,XGBoost,C0096,2022-03-31,0,0.1548713892698288
2,XGBoost,C0096,2022-06-30,0,0.15217435359954834
2,XGBoost,C0097,2022-03-31,0,0.07750780135393143
2,XGBoost,C0097,2022-06-30,0,0.11773689836263657
2,XGBoost,C0098,2022-03-31,0,0.10740668326616287
2,XGBoost,C0098,2022-06-30,0,0.2550675868988037
2,XGBoost,C0099,2022-03-31,1,0.15381775796413422
2,XGBoost,C0099,2022-06-30,0,0.11909142881631851
2,XGBoost,C0100,2022-03-31,0,0.17243988811969757
2,XGBoost,C0100,2022-06-30,0,0.09310778230428696
2,XGBoost,C0101,2022-03-31,0,0.23917773365974426
2,XGBoost,C0101,2022-06-30,0,0.20515848696231842
2,XGBoost,C0102,2022-03-31,0,0.10938838869333267
2,XGBoost,C0102,2022-06-30,0,0.4161232113838196
2,XGBoost,C0103,2022-03-31,0,0.014848672784864902
2,XGBoost,C0103,2022-06-30,0,0.023432642221450806
2,XGBoost,C0104,2022-03-31,0,0.4001429080963135
2,XGBoost,C0104,2022-06-30,0,0.043948400765657425
2,XGBoost,C0105,2022-03-31,0,0.2750285267829895
2,XGBoost,C0105,2022-06-30,1,0.31036388874053955
2,XGBoost,C0106,2022-03-31,0,0.46964389085769653
2,XGBoost,C0106,2022-06-30,1,0.6153799295425415
2,XGBoost,C0107,2022-03-31,0,0.2764648497104645
2,XGBoost,C0107,2022-06-30,0,0.026081431657075882
2,XGBoost,C0108,2022-03-31,0,0.810085654258728
2,XGBoost,C0108,2022-06-30,0,0.7435846328735352
2,XGBoost,C0109,2022-03-31,0,0.33217909932136536
2,XGBoost,C0109,2022-06-30,0,0.31914520263671875
2,XGBoost,C0110,2022-03-31,0,0.7156020998954773
2,XGBoost,C0110,2022-06-30,0,0.2078724354505539
2,XGBoost,C0111,2022-03-31,0,0.3291356861591339
2,XGBoost,C0111,2022-06-30,0,0.40481218695640564
2,XGBoost,C0112,2022-03-31,0,0.03118588589131832
2,XGBoost,C0112,2022-06-30,0,0.2498622089624405
2,XGBoost,C0113,2022-03-31,0,0.2240373194217682
2,XGBoost,C0113,2022-06-30,1,0.2751690149307251
2,XGBoost,C0114,2022-03-31,0,0.09190123528242111
2,XGBoost,C0114,2022-06-30,0,0.05421043559908867
2,XGBoost,C0115,2022-03-31,1,0.1491386890411377
2,XGBoost,C0115,2022-06-30,0,0.027268297970294952
2,XGBoost,C0116,2022-03-31,1,0.09863035380840302
2,XGBoost,C0116,2022-06-30,0,0.22406595945358276
2,XGBoost,C0117,2022-03-31,1,0.3104880750179291
2,XGBoost,C0117,2022-06-30,0,0.10416065156459808
2,XGBoost,C0118,2022-03-31,1,0.24546875059604645
2,XGBoost,C0118,2022-06-30,1,0.14153917133808136
2,XGBoost,C0119,2022-03-31,0,0.21005317568778992
2,XGBoost,C0119,2022-06-30,0,0.22008909285068512
2,XGBoost,C0120,2022-03-31,0,0.037006981670856476
2,XGBoost,C0120,2022-06-30,0,0.20165443420410156
2,XGBoost,C0121,2022-03-31,0,0.7404648661613464
2,XGBoost,C0121,2022-06-30,0,0.5918400287628174
2,XGBoost,C0122,2022-03-31,0,0.32837390899658203
2,XGBoost,C0122,2022-06-30,1,0.8010305166244507
2,XGBoost,C0123,2022-03-31,0,0.2426965981721878
2,XGBoost,C0123,2022-06-30,1,0.26681438088417053
2,XGBoost,C0124,2022-03-31,0,0.1952410787343979
2,XGBoost,C0124,2022-06-30,1,0.33243152499198914
2,XGBoost,C0125,2022-03-31,0,0.46640902757644653
2,XGBoost,C0125,2022-06-30,1,0.19570323824882507
2,XGBoost,C0126,2022-03-31,0,0.027562912553548813
2,XGBoost,C0126,2022-06-30,0,0.09451071172952652
2,XGBoost,C0127,2022-03-31,0,0.15788279473781586
2,XGBoost,C0127,2022-06-30,0,0.14325495064258575
2,XGBoost,C0128,2022-03-31,0,0.02951371856033802
2,XGBoost,C0128,2022-06-30,0,0.049791112542152405
2,XGBoost,C0129,2022-03-31,1,0.35157012939453125
2,XGBoost,C0129,2022-06-30,0,0.09784723818302155
2,XGBoost,C0130,2022-03-31,0,0.4273446202278137
2,XGBoost,C0130,2022-06-30,1,0.2998407781124115
2,XGBoost,C0131,2022-03-31,0,0.6870466470718384
2,XGBoost,C0131,2022-06-30,1,0.3169478178024292
2,XGBoost,C0132,2022-03-31,0,0.04424590244889259
2,XGBoost,C0132,2022-06-30,0,0.09530515223741531
2,XGBoost,C0133,2022-03-31,0,0.171611025929451
2,XGBoost,C0133,2022-06-30,0,0.1266879439353943
2,XGBoost,C0134,2022-03-31,1,0.7759373188018799
2,XGBoost,C0134,2022-06-30,1,0.6971320509910583
2,XGBoost,C0135,2022-03-31,1,0.17810045182704926
2,XGBoost,C0135,2022-06-30,0,0.4686194658279419
2,XGBoost,C0136,2022-03-31,0,0.4425400197505951
2,XGBoost,C0136,2022-06-30,0,0.43327170610427856
2,XGBoost,C0137,2022-03-31,0,0.09807164967060089
2,XGBoost,C0137,2022-06-30,0,0.2486070692539215
2,XGBoost,C0138,2022-03-31,0,0.46563127636909485
2,XGBoost,C0138,2022-06-30,0,0.1810300499200821
2,XGBoost,C0139,2022-03-31,0,0.046422913670539856
2,XGBoost,C0139,2022-06-30,0,0.08623551577329636
2,XGBoost,C0140,2022-03-31,0,0.3220910131931305
2,XGBoost,C0140,2022-06-30,0,0.7450008392333984
2,XGBoost,C0141,2022-03-31,0,0.07199189811944962
2,XGBoost,C0141,2022-06-30,0,0.47911444306373596
2,XGBoost,C0142,2022-03-31,0,0.08525098860263824
2,XGBoost,C0142,2022-06-30,0,0.06939463317394257
2,XGBoost,C0143,2022-03-31,0,0.4970836043357849
2,XGBoost,C0143,2022-06-30,1,0.44624462723731995
2,XGBoost,C0144,2022-03-31,0,0.024888167157769203
2,XGBoost,C0144,2022-06-30,0,0.006658506114035845
2,XGBoost,C0145,2022-03-31,0,0.22098194062709808
2,XGBoost,C0145,2022-06-30,1,0.514228105545044
2,XGBoost,C0146,2022-03-31,0,0.049311261624097824
2,XGBoost,C0146,2022-06-30,0,0.06638684123754501
2,XGBoost,C0147,2022-03-31,0,0.24186740815639496
2,XGBoost,C0147,2022-06-30,0,0.2862684428691864
2,XGBoost,C0148,2022-03-31,0,0.14341247081756592
2,XGBoost,C0148,2022-06-30,0,0.05834617093205452
2,XGBoost,C0149,2022-03-31,0,0.08390200138092041
2,XGBoost,C0149,2022-06-30,0,0.041058361530303955
2,XGBoost,C0150,2022-03-31,1,0.5982693433761597
2,XGBoost,C0150,2022-06-30,1,0.5655051469802856
2,XGBoost,C0151,2022-03-31,0,0.36433759331703186
2,XGBoost,C0151,2022-06-30,0,0.22392326593399048
2,XGBoost,C0152,2022-03-31,1,0.2215614765882492
2,XGBoost,C0152,2022-06-30,0,0.07929444313049316
2,XGBoost,C0153,2022-03-31,1,0.31099754571914673
2,XGBoost,C0153,2022-06-30,1,0.24518592655658722
2,XGBoost,C0154,2022-03-31,0,0.07934893667697906
2,XGBoost,C0154,2022-06-30,0,0.021812891587615013
2,XGBoost,C0155,2022-03-31,0,0.01629243977367878
2,XGBoost,C0155,2022-06-30,0,0.038494862616062164
2,XGBoost,C0156,2022-03-31,0,0.5946403741836548
2,XGBoost,C0156,2022-06-30,0,0.3947525918483734
2,XGBoost,C0157,2022-03-31,0,0.457730233669281
2,XGBoost,C0157,2022-06-30,0,0.6421443819999695
2,XGBoost,C0158,2022-03-31,0,0.026265939697623253
2,XGBoost,C0158,2022-06-30,1,0.18547970056533813
2,XGBoost,C0159,2022-03-31,0,0.30222824215888977
2,XGBoost,C0159,2022-06-30,0,0.5742413997650146
2,XGBoost,C0160,2022-03-31,0,0.07828997820615768
2,XGBoost,C0160,2022-06-30,0,0.16788209974765778
2,XGBoost,C0161,2022-03-31,0,0.32365280389785767
2,XGBoost,C0161,2022-06-30,0,0.41660985350608826
2,XGBoost,C0162,2022-03-31,0,0.7145357131958008
2,XGBoost,C0162,2022-06-30,0,0.38774365186691284
2,XGBoost,C0163,2022-03-31,0,0.28760722279548645
2,XGBoost,C0163,2022-06-30,1,0.1929241567850113
2,XGBoost,C0164,2022-03-31,0,0.1388653814792633
2,XGBoost,C0164,2022-06-30,0,0.14122551679611206
2,XGBoost,C0165,2022-03-31,0,0.22629414498806
2,XGBoost,C0165,2022-06-30,1,0.5938976407051086
2,XGBoost,C0166,2022-03-31,0,0.11737433075904846
2,XGBoost,C0166,2022-06-30,0,0.18050555884838104
2,XGBoost,C0167,2022-03-31,0,0.09778417646884918
2,XGBoost,C0167,2022-06-30,0,0.29979512095451355
2,XGBoost,C0168,2022-03-31,0,0.4381723403930664
2,XGBoost,C0168,2022-06-30,0,0.3520674407482147
2,XGBoost,C0169,2022-03-31,1,0.7365534901618958
2,XGBoost,C0169,2022-06-30,1,0.5769869089126587
2,XGBoost,C0170,2022-03-31,0,0.018453707918524742
2,XGBoost,C0170,2022-06-30,0,0.09743615984916687
2,XGBoost,C0171,2022-03-31,0,0.37877896428108215
2,XGBoost,C0171,2022-06-30,0,0.09322529286146164
2,XGBoost,C0172,2022-03-31,0,0.1488233506679535
2,XGBoost,C0172,2022-06-30,0,0.10858248174190521
2,XGBoost,C0173,2022-03-31,0,0.05958271771669388
2,XGBoost,C0173,2022-06-30,0,0.11558865755796432
2,XGBoost,C0174,2022-03-31,0,0.08020971715450287
2,XGBoost,C0174,2022-06-30,0,0.05051371455192566
2,XGBoost,C0175,2022-03-31,0,0.02137003093957901
2,XGBoost,C0175,2022-06-30,0,0.06000557169318199
2,XGBoost,C0176,2022-03-31,0,0.5634487271308899
2,XGBoost,C0176,2022-06-30,1,0.3808960020542145
2,XGBoost,C0177,2022-03-31,1,0.5823216438293457
2,XGBoost,C0177,2022-06-30,0,0.5714004039764404
2,XGBoost,C0178,2022-03-31,1,0.18931961059570312
2,XGBoost,C0178,2022-06-30,0,0.1060352697968483
2,XGBoost,C0179,2022-03-31,1,0.608522891998291
2,XGBoost,C0179,2022-06-30,0,0.6251546740531921
2,XGBoost,C0180,2022-03-31,0,0.4235798716545105
2,XGBoost,C0180,2022-06-30,0,0.316312313079834
2,XGBoost,C0181,2022-03-31,0,0.37558627128601074
2,XGBoost,C0181,2022-06-30,0,0.4319257438182831
2,XGBoost,C0182,2022-03-31,0,0.6296287178993225
2,XGBoost,C0182,2022-06-30,0,0.8198954463005066
2,XGBoost,C0183,2022-03-31,0,0.049264393746852875
2,XGBoost,C0183,2022-06-30,0,0.025830749422311783
2,XGBoost,C0184,2022-03-31,0,0.11852406710386276
2,XGBoost,C0184,2022-06-30,0,0.14058440923690796
2,XGBoost,C0185,2022-03-31,1,0.15161050856113434
2,XGBoost,C0185,2022-06-30,0,0.14040601253509521
2,XGBoost,C0186,2022-03-31,0,0.44884419441223145
2,XGBoost,C0186,2022-06-30,0,0.13725632429122925
2,XGBoost,C0187,2022-03-31,0,0.1912466585636139
2,XGBoost,C0187,2022-06-30,0,0.16897739470005035
2,XGBoost,C0188,2022-03-31,0,0.3508630096912384
2,XGBoost,C0188,2022-06-30,0,0.6193479299545288
2,XGBoost,C0189,2022-03-31,0,0.03877703845500946
2,XGBoost,C0189,2022-06-30,0,0.05069858580827713
2,XGBoost,C0190,2022-03-31,0,0.13887692987918854
2,XGBoost,C0190,2022-06-30,1,0.2502826750278473
2,XGBoost,C0191,2022-03-31,0,0.05842489376664162
2,XGBoost,C0191,2022-06-30,0,0.01697458140552044
2,XGBoost,C0192,2022-03-31,0,0.07967297732830048
2,XGBoost,C0192,2022-06-30,0,0.258228600025177
2,XGBoost,C0193,2022-03-31,0,0.10532458871603012
2,XGBoost,C0193,2022-06-30,0,0.2634575366973877
2,XGBoost,C0194,2022-03-31,0,0.0912451222538948
2,XGBoost,C0194,2022-06-30,0,0.1777472198009491
2,XGBoost,C0195,2022-03-31,0,0.20621860027313232
2,XGBoost,C0195,2022-06-30,0,0.1201183870434761
2,XGBoost,C0196,2022-03-31,0,0.050716083496809006
2,XGBoost,C0196,2022-06-30,0,0.1553398221731186
2,XGBoost,C0197,2022-03-31,0,0.13558462262153625
2,XGBoost,C0197,2022-06-30,0,0.08856894075870514
2,XGBoost,C0198,2022-03-31,1,0.4735822081565857
2,XGBoost,C0198,2022-06-30,0,0.1109166219830513
2,XGBoost,C0199,2022-03-31,0,0.7803508639335632
2,XGBoost,C0199,2022-06-30,0,0.7544902563095093
2,XGBoost,C0200,2022-03-31,0,0.11685995757579803
2,XGBoost,C0200,2022-06-30,0,0.10025997459888458
2,XGBoost,C0201,2022-03-31,0,0.05073973536491394
2,XGBoost,C0201,2022-06-30,0,0.06810209900140762
2,XGBoost,C0202,2022-03-31,0,0.4735846519470215
2,XGBoost,C0202,2022-06-30,0,0.20858561992645264
2,XGBoost,C0203,2022-03-31,0,0.06049463525414467
2,XGBoost,C0203,2022-06-30,0,0.10322129726409912
2,XGBoost,C0204,2022-03-31,0,0.12465761601924896
2,XGBoost,C0204,2022-06-30,0,0.2649933993816376
2,XGBoost,C0205,2022-03-31,0,0.3053438365459442
2,XGBoost,C0205,2022-06-30,0,0.1389361023902893
2,XGBoost,C0206,2022-03-31,0,0.029469534754753113
2,XGBoost,C0206,2022-06-30,0,0.19261999428272247
2,XGBoost,C0207,2022-03-31,1,0.7328726053237915
2,XGBoost,C0207,2022-06-30,1,0.7491666674613953
2,XGBoost,C0208,2022-03-31,0,0.17835940420627594
2,XGBoost,C0208,2022-06-30,0,0.05079766735434532
2,XGBoost,C0209,2022-03-31,0,0.2759849429130554
2,XGBoost,C0209,2022-06-30,0,0.3111181855201721
2,XGBoost,C0210,2022-03-31,0,0.059969570487737656
2,XGBoost,C0210,2022-06-30,1,0.1227441057562828
2,XGBoost,C0211,2022-03-31,0,0.12263147532939911
2,XGBoost,C0211,2022-06-30,0,0.21313440799713135
2,XGBoost,C0212,2022-03-31,0,0.12870419025421143
2,XGBoost,C0212,2022-06-30,0,0.14550907909870148
2,XGBoost,C0213,2022-03-31,0,0.023845475167036057
2,XGBoost,C0213,2022-06-30,0,0.04488267004489899
2,XGBoost,C0214,2022-03-31,0,0.03343028575181961
2,XGBoost,C0214,2022-06-30,0,0.024921340867877007
2,XGBoost,C0215,2022-03-31,0,0.047050587832927704
2,XGBoost,C0215,2022-06-30,1,0.2247244119644165
2,XGBoost,C0216,2022-03-31,0,0.2570326626300812
2,XGBoost,C0216,2022-06-30,0,0.08264895528554916
2,XGBoost,C0217,2022-03-31,0,0.11150411516427994
2,XGBoost,C0217,2022-06-30,0,0.08765175193548203
2,XGBoost,C0218,2022-03-31,0,0.3577618896961212
2,XGBoost,C0218,2022-06-30,1,0.24261921644210815
2,XGBoost,C0219,2022-03-31,1,0.16235396265983582
2,XGBoost,C0219,2022-06-30,0,0.035238709300756454
2,XGBoost,C0220,2022-03-31,1,0.06716515868902206
2,XGBoost,C0220,2022-06-30,0,0.09915737062692642
2,XGBoost,C0221,2022-03-31,1,0.5234376192092896
2,XGBoost,C0221,2022-06-30,0,0.32730820775032043
2,XGBoost,C0222,2022-03-31,0,0.18758372962474823
2,XGBoost,C0222,2022-06-30,0,0.07130008935928345
2,XGBoost,C0223,2022-03-31,0,0.646073579788208
2,XGBoost,C0223,2022-06-30,0,0.26920875906944275
2,XGBoost,C0224,2022-03-31,0,0.1352754682302475
2,XGBoost,C0224,2022-06-30,0,0.0669996589422226
2,XGBoost,C0225,2022-03-31,0,0.29022112488746643
2,XGBoost,C0225,2022-06-30,0,0.12723687291145325
2,XGBoost,C0226,2022-03-31,0,0.01450810581445694
2,XGBoost,C0226,2022-06-30,0,0.007714996114373207
2,XGBoost,C0227,2022-03-31,0,0.06881539523601532
2,XGBoost,C0227,2022-06-30,0,0.08850137144327164
2,XGBoost,C0228,2022-03-31,1,0.5977256298065186
2,XGBoost,C0228,2022-06-30,0,0.23518481850624084
2,XGBoost,C0229,2022-03-31,0,0.11144155263900757
2,XGBoost,C0229,2022-06-30,0,0.03892824053764343
2,XGBoost,C0230,2022-03-31,0,0.38477757573127747
2,XGBoost,C0230,2022-06-30,0,0.220929354429245
2,XGBoost,C0231,2022-03-31,0,0.0364207923412323
2,XGBoost,C0231,2022-06-30,0,0.09193319082260132
2,XGBoost,C0232,2022-03-31,0,0.1997913122177124
2,XGBoost,C0232,2022-06-30,0,0.09633216261863708
2,XGBoost,C0233,2022-03-31,0,0.2201623022556305
2,XGBoost,C0233,2022-06-30,0,0.4803164601325989
2,XGBoost,C0234,2022-03-31,0,0.3137546181678772
2,XGBoost,C0234,2022-06-30,0,0.25654417276382446
2,XGBoost,C0235,2022-03-31,0,0.23869143426418304
2,XGBoost,C0235,2022-06-30,0,0.2199135571718216
2,XGBoost,C0236,2022-03-31,0,0.25502392649650574
2,XGBoost,C0236,2022-06-30,0,0.07110224664211273
2,XGBoost,C0237,2022-03-31,0,0.399368017911911
2,XGBoost,C0237,2022-06-30,0,0.28713709115982056
2,XGBoost,C0238,2022-03-31,0,0.07184101641178131
2,XGBoost,C0238,2022-06-30,1,0.4658311903476715
2,XGBoost,C0239,2022-03-31,0,0.7955285310745239
2,XGBoost,C0239,2022-06-30,1,0.677956223487854
2,XGBoost,C0240,2022-03-31,1,0.1663532704114914
2,XGBoost,C0240,2022-06-30,0,0.15597641468048096
2,XGBoost,C0241,2022-03-31,0,0.2777498662471771
2,XGBoost,C0241,2022-06-30,0,0.49506786465644836
2,XGBoost,C0242,2022-03-31,0,0.21101602911949158
2,XGBoost,C0242,2022-06-30,0,0.3881688117980957
2,XGBoost,C0243,2022-03-31,0,0.3514566421508789
2,XGBoost,C0243,2022-06-30,0,0.28528621792793274
2,XGBoost,C0244,2022-03-31,0,0.8059186935424805
2,XGBoost,C0244,2022-06-30,1,0.8401948809623718
2,XGBoost,C0245,2022-03-31,0,0.4957330822944641
2,XGBoost,C0245,2022-06-30,0,0.4632679522037506
2,XGBoost,C0246,2022-03-31,0,0.23294493556022644
2,XGBoost,C0246,2022-06-30,0,0.13793712854385376
2,XGBoost,C0247,2022-03-31,0,0.10113275796175003
2,XGBoost,C0247,2022-06-30,0,0.09427601844072342
2,XGBoost,C0248,2022-03-31,1,0.6384423971176147
2,XGBoost,C0248,2022-06-30,0,0.6604189276695251
2,XGBoost,C0249,2022-03-31,0,0.028513075783848763
2,XGBoost,C0249,2022-06-30,0,0.049669042229652405
2,XGBoost,C0250,2022-03-31,0,0.33881574869155884
2,XGBoost,C0250,2022-06-30,0,0.12825746834278107
2,XGBoost,C0251,2022-03-31,0,0.07392890751361847
2,XGBoost,C0251,2022-06-30,0,0.018882792443037033
2,XGBoost,C0252,2022-03-31,0,0.3647904396057129
2,XGBoost,C0252,2022-06-30,0,0.3200884759426117
2,XGBoost,C0253,2022-03-31,0,0.13991694152355194
2,XGBoost,C0253,2022-06-30,0,0.08541059494018555
2,XGBoost,C0254,2022-03-31,1,0.5846801400184631
2,XGBoost,C0254,2022-06-30,1,0.2379467785358429
2,XGBoost,C0255,2022-03-31,0,0.4441088140010834
2,XGBoost,C0255,2022-06-30,0,0.20569150149822235
2,XGBoost,C0256,2022-03-31,0,0.07667858898639679
2,XGBoost,C0256,2022-06-30,0,0.24498070776462555
2,XGBoost,C0257,2022-03-31,0,0.049207065254449844
2,XGBoost,C0257,2022-06-30,0,0.3082401752471924
2,XGBoost,C0258,2022-03-31,0,0.15929003059864044
2,XGBoost,C0258,2022-06-30,1,0.7166440486907959
2,XGBoost,C0259,2022-03-31,0,0.0550619512796402
2,XGBoost,C0259,2022-06-30,0,0.017350947484374046
2,XGBoost,C0260,2022-03-31,0,0.40154895186424255
2,XGBoost,C0260,2022-06-30,0,0.3330911695957184
2,XGBoost,C0261,2022-03-31,1,0.08387195318937302
2,XGBoost,C0261,2022-06-30,0,0.0688447654247284
2,XGBoost,C0262,2022-03-31,1,0.188126340508461
2,XGBoost,C0262,2022-06-30,0,0.24487784504890442
2,XGBoost,C0263,2022-03-31,0,0.13341869413852692
2,XGBoost,C0263,2022-06-30,0,0.18912306427955627
2,XGBoost,C0264,2022-03-31,0,0.08619097620248795
2,XGBoost,C0264,2022-06-30,0,0.08165806531906128
2,XGBoost,C0265,2022-03-31,0,0.46244826912879944
2,XGBoost,C0265,2022-06-30,0,0.3190183639526367
2,XGBoost,C0266,2022-03-31,0,0.11281740665435791
2,XGBoost,C0266,2022-06-30,1,0.07056284695863724
2,XGBoost,C0267,2022-03-31,1,0.6014237999916077
2,XGBoost,C0267,2022-06-30,0,0.4452093243598938
2,XGBoost,C0268,2022-03-31,0,0.022033600136637688
2,XGBoost,C0268,2022-06-30,0,0.040861427783966064
2,XGBoost,C0269,2022-03-31,0,0.38715532422065735
2,XGBoost,C0269,2022-06-30,1,0.11503477394580841
2,XGBoost,C0270,2022-03-31,0,0.08987848460674286
2,XGBoost,C0270,2022-06-30,0,0.05718323588371277
2,XGBoost,C0271,2022-03-31,0,0.3125908374786377
2,XGBoost,C0271,2022-06-30,0,0.20319226384162903
2,XGBoost,C0272,2022-03-31,0,0.08743704110383987
2,XGBoost,C0272,2022-06-30,0,0.04942017421126366
2,XGBoost,C0273,2022-03-31,0,0.5273528099060059
2,XGBoost,C0273,2022-06-30,1,0.7003486156463623
2,XGBoost,C0274,2022-03-31,0,0.22450082004070282
2,XGBoost,C0274,2022-06-30,0,0.03559839725494385
2,XGBoost,C0275,2022-03-31,0,0.040987882763147354
2,XGBoost,C0275,2022-06-30,0,0.04632536321878433
2,XGBoost,C0276,2022-03-31,1,0.08734367042779922
2,XGBoost,C0276,2022-06-30,0,0.3446197211742401
2,XGBoost,C0277,2022-03-31,1,0.21040140092372894
2,XGBoost,C0277,2022-06-30,0,0.1900658905506134
2,XGBoost,C0278,2022-03-31,0,0.40506938099861145
2,XGBoost,C0278,2022-06-30,0,0.288739949464798
2,XGBoost,C0279,2022-03-31,0,0.4286465644836426
2,XGBoost,C0279,2022-06-30,0,0.8651110529899597
2,XGBoost,C0280,2022-03-31,1,0.2561895251274109
2,XGBoost,C0280,2022-06-30,1,0.7400217056274414
2,XGBoost,C0281,2022-03-31,1,0.8104209899902344
2,XGBoost,C0281,2022-06-30,1,0.8124487996101379
2,XGBoost,C0282,2022-03-31,0,0.15094639360904694
2,XGBoost,C0282,2022-06-30,0,0.12665481865406036
2,XGBoost,C0283,2022-03-31,0,0.19275347888469696
2,XGBoost,C0283,2022-06-30,0,0.15149138867855072
2,XGBoost,C0284,2022-03-31,0,0.32068440318107605
2,XGBoost,C0284,2022-06-30,0,0.2798751890659332
2,XGBoost,C0285,2022-03-31,1,0.618777871131897
2,XGBoost,C0285,2022-06-30,0,0.5559215545654297
2,XGBoost,C0286,2022-03-31,0,0.4421783685684204
2,XGBoost,C0286,2022-06-30,0,0.4789164662361145
2,XGBoost,C0287,2022-03-31,0,0.12705111503601074
2,XGBoost,C0287,2022-06-30,0,0.16103631258010864
2,XGBoost,C0288,2022-03-31,0,0.10891322046518326
2,XGBoost,C0288,2022-06-30,0,0.17836299538612366
2,XGBoost,C0289,2022-03-31,0,0.08504024147987366
2,XGBoost,C0289,2022-06-30,0,0.12902851402759552
2,XGBoost,C0290,2022-03-31,0,0.7932635545730591
2,XGBoost,C0290,2022-06-30,1,0.7626327872276306
2,XGBoost,C0291,2022-03-31,0,0.09269323199987411
2,XGBoost,C0291,2022-06-30,0,0.14536133408546448
2,XGBoost,C0292,2022-03-31,0,0.35816094279289246
2,XGBoost,C0292,2022-06-30,0,0.16951897740364075
2,XGBoost,C0293,2022-03-31,0,0.08349207788705826
2,XGBoost,C0293,2022-06-30,0,0.02560543082654476
2,XGBoost,C0294,2022-03-31,1,0.09868647903203964
2,XGBoost,C0294,2022-06-30,0,0.10314375162124634
2,XGBoost,C0295,2022-03-31,1,0.3851619362831116
2,XGBoost,C0295,2022-06-30,0,0.3755936324596405
2,XGBoost,C0296,2022-03-31,0,0.19195520877838135
2,XGBoost,C0296,2022-06-30,0,0.17882242798805237
2,XGBoost,C0297,2022-03-31,1,0.6356848478317261
2,XGBoost,C0297,2022-06-30,0,0.566343367099762
2,XGBoost,C0298,2022-03-31,0,0.2940073013305664
2,XGBoost,C0298,2022-06-30,0,0.3311779499053955
2,XGBoost,C0299,2022-03-31,0,0.04347093030810356
2,XGBoost,C0299,2022-06-30,1,0.06839651614427567
3,XGBoost,C0000,2022-09-30,0,0.261872261762619
3,XGBoost,C0000,2022-12-31,0,0.4056720733642578
3,XGBoost,C0001,2022-09-30,0,0.46744295954704285
3,XGBoost,C0001,2022-12-31,0,0.5164031982421875
3,XGBoost,C0002,2022-09-30,0,0.2708060145378113
3,XGBoost,C0002,2022-12-31,0,0.3897165060043335
3,XGBoost,C0003,2022-09-30,0,0.2012992799282074
3,XGBoost,C0003,2022-12-31,1,0.15727677941322327
3,XGBoost,C0004,2022-09-30,0,0.2053457647562027
3,XGBoost,C0004,2022-12-31,0,0.06423696875572205
3,XGBoost,C0005,2022-09-30,0,0.06310921907424927
3,XGBoost,C0005,2022-12-31,0,0.02405432052910328
3,XGBoost,C0006,2022-09-30,0,0.2089299112558365
3,XGBoost,C0006,2022-12-31,0,0.6396729946136475
3,XGBoost,C0007,2022-09-30,0,0.2663836181163788
3,XGBoost,C0007,2022-12-31,1,0.30897849798202515
3,XGBoost,C0008,2022-09-30,0,0.33203795552253723
3,XGBoost,C0008,2022-12-31,0,0.25272658467292786
3,XGBoost,C0009,2022-09-30,0,0.13659217953681946
3,XGBoost,C0009,2022-12-31,0,0.1575251966714859
3,XGBoost,C0010,2022-09-30,0,0.23204873502254486
3,XGBoost,C0010,2022-12-31,1,0.06468189507722855
3,XGBoost,C0011,2022-09-30,0,0.006695155519992113
3,XGBoost,C0011,2022-12-31,0,0.010904887691140175
3,XGBoost,C0012,2022-09-30,1,0.11638688296079636
3,XGBoost,C0012,2022-12-31,0,0.09179630875587463
3,XGBoost,C0013,2022-09-30,1,0.473793625831604
3,XGBoost,C0013,2022-12-31,0,0.2335471510887146
3,XGBoost,C0014,2022-09-30,1,0.6735466718673706
3,XGBoost,C0014,2022-12-31,0,0.320241242647171
3,XGBoost,C0015,2022-09-30,0,0.30866146087646484
3,XGBoost,C0015,2022-12-31,0,0.13939642906188965
3,XGBoost,C0016,2022-09-30,0,0.7006409764289856
3,XGBoost,C0016,2022-12-31,0,0.7124271392822266
3,XGBoost,C0017,2022-09-30,1,0.1313827782869339
3,XGBoost,C0017,2022-12-31,0,0.12531477212905884
3,XGBoost,C0018,2022-09-30,0,0.13330285251140594
3,XGBoost,C0018,2022-12-31,0,0.20938929915428162
3,XGBoost,C0019,2022-09-30,0,0.40075451135635376
3,XGBoost,C0019,2022-12-31,0,0.14454200863838196
3,XGBoost,C0020,2022-09-30,0,0.06702246516942978
3,XGBoost,C0020,2022-12-31,0,0.12314404547214508
3,XGBoost,C0021,2022-09-30,0,0.12408552318811417
3,XGBoost,C0021,2022-12-31,0,0.2174522429704666
3,XGBoost,C0022,2022-09-30,0,0.028376750648021698
3,XGBoost,C0022,2022-12-31,0,0.09617950022220612
3,XGBoost,C0023,2022-09-30,0,0.2838453948497772
3,XGBoost,C0023,2022-12-31,1,0.3194115459918976
3,XGBoost,C0024,2022-09-30,1,0.7560593485832214
3,XGBoost,C0024,2022-12-31,1,0.6390802264213562
3,XGBoost,C0025,2022-09-30,0,0.21013256907463074
3,XGBoost,C0025,2022-12-31,0,0.11792881786823273
3,XGBoost,C0026,2022-09-30,0,0.35039862990379333
3,XGBoost,C0026,2022-12-31,0,0.27101534605026245
3,XGBoost,C0027,2022-09-30,0,0.4639507532119751
3,XGBoost,C0027,2022-12-31,0,0.5826892256736755
3,XGBoost,C0028,2022-09-30,0,0.1922149807214737
3,XGBoost,C0028,2022-12-31,0,0.2612186670303345
3,XGBoost,C0029,2022-09-30,1,0.5800464153289795
3,XGBoost,C0029,2022-12-31,0,0.44993335008621216
3,XGBoost,C0030,2022-09-30,0,0.4801621735095978
3,XGBoost,C0030,2022-12-31,1,0.428071528673172
3,XGBoost,C0031,2022-09-30,0,0.6824097633361816
3,XGBoost,C0031,2022-12-31,0,0.7576166391372681
3,XGBoost,C0032,2022-09-30,1,0.5321900844573975
3,XGBoost,C0032,2022-12-31,0,0.2781890630722046
3,XGBoost,C0033,2022-09-30,0,0.4169929027557373
3,XGBoost,C0033,2022-12-31,0,0.24715900421142578
3,XGBoost,C0034,2022-09-30,1,0.5867213606834412
3,XGBoost,C0034,2022-12-31,0,0.47565242648124695
3,XGBoost,C0035,2022-09-30,0,0.04183027148246765
3,XGBoost,C0035,2022-12-31,0,0.055019404739141464
3,XGBoost,C0036,2022-09-30,0,0.05980321764945984
3,XGBoost,C0036,2022-12-31,0,0.18008656799793243
3,XGBoost,C0037,2022-09-30,0,0.6689804196357727
3,XGBoost,C0037,2022-12-31,0,0.6560760140419006
3,XGBoost,C0038,2022-09-30,0,0.1463378518819809
3,XGBoost,C0038,2022-12-31,0,0.1561107337474823
3,XGBoost,C0039,2022-09-30,0,0.02279866300523281
3,XGBoost,C0039,2022-12-31,0,0.04566270112991333
3,XGBoost,C0040,2022-09-30,0,0.06492878496646881
3,XGBoost,C0040,2022-12-31,0,0.2143356055021286
3,XGBoost,C0041,2022-09-30,0,0.8054689764976501
3,XGBoost,C0041,2022-12-31,0,0.7220291495323181
3,XGBoost,C0042,2022-09-30,0,0.11113395541906357
3,XGBoost,C0042,2022-12-31,0,0.06840486824512482
3,XGBoost,C0043,2022-09-30,0,0.20016007125377655
3,XGBoost,C0043,2022-12-31,0,0.17545627057552338
3,XGBoost,C0044,2022-09-30,0,0.08972373604774475
3,XGBoost,C0044,2022-12-31,0,0.17761677503585815
3,XGBoost,C0045,2022-09-30,0,0.05595047399401665
3,XGBoost,C0045,2022-12-31,1,0.08749260008335114
3,XGBoost,C0046,2022-09-30,0,0.07842543721199036
3,XGBoost,C0046,2022-12-31,0,0.044607073068618774
3,XGBoost,C0047,2022-09-30,1,0.7584888935089111
3,XGBoost,C0047,2022-12-31,0,0.6449780464172363
3,XGBoost,C0048,2022-09-30,1,0.42172983288764954
3,XGBoost,C0048,2022-12-31,0,0.09965234249830246
3,XGBoost,C0049,2022-09-30,0,0.03636768087744713
3,XGBoost,C0049,2022-12-31,0,0.14223423600196838
3,XGBoost,C0050,2022-09-30,0,0.32096531987190247
3,XGBoost,C0050,2022-12-31,0,0.208329975605011
3,XGBoost,C0051,2022-09-30,0,0.21359698474407196
3,XGBoost,C0051,2022-12-31,0,0.06344959884881973
3,XGBoost,C0052,2022-09-30,0,0.31255990266799927
3,XGBoost,C0052,2022-12-31,0,0.20167875289916992
3,XGBoost,C0053,2022-09-30,1,0.7180942893028259
3,XGBoost,C0053,2022-12-31,0,0.7784010171890259
3,XGBoost,C0054,2022-09-30,0,0.33466482162475586
3,XGBoost,C0054,2022-12-31,0,0.33463069796562195
3,XGBoost,C0055,2022-09-30,0,0.34428977966308594
3,XGBoost,C0055,2022-12-31,0,0.3106546103954315
3,XGBoost,C0056,2022-09-30,0,0.7030891180038452
3,XGBoost,C0056,2022-12-31,0,0.33757853507995605
3,XGBoost,C0057,2022-09-30,0,0.10596080124378204
3,XGBoost,C0057,2022-12-31,0,0.38811153173446655
3,XGBoost,C0058,2022-09-30,0,0.15535226464271545
3,XGBoost,C0058,2022-12-31,1,0.5055199265480042
3,XGBoost,C0059,2022-09-30,1,0.3179967403411865
3,XGBoost,C0059,2022-12-31,0,0.2111605703830719
3,XGBoost,C0060,2022-09-30,0,0.053122375160455704
3,XGBoost,C0060,2022-12-31,0,0.04065253213047981
3,XGBoost,C0061,2022-09-30,0,0.15280038118362427
3,XGBoost,C0061,2022-12-31,0,0.19972117245197296
3,XGBoost,C0062,2022-09-30,0,0.30490219593048096
3,XGBoost,C0062,2022-12-31,0,0.4790330231189728
3,XGBoost,C0063,2022-09-30,0,0.4500397741794586
3,XGBoost,C0063,2022-12-31,0,0.41850948333740234
3,XGBoost,C0064,2022-09-30,0,0.07869874686002731
3,XGBoost,C0064,2022-12-31,0,0.13242167234420776
3,XGBoost,C0065,2022-09-30,0,0.36104533076286316
3,XGBoost,C0065,2022-12-31,0,0.42373743653297424
3,XGBoost,C0066,2022-09-30,0,0.10776953399181366
3,XGBoost,C0066,2022-12-31,0,0.43208780884742737
3,XGBoost,C0067,2022-09-30,0,0.3816269338130951
3,XGBoost,C0067,2022-12-31,0,0.03558843582868576
3,XGBoost,C0068,2022-09-30,0,0.15784096717834473
3,XGBoost,C0068,2022-12-31,0,0.10149123519659042
3,XGBoost,C0069,2022-09-30,1,0.26398733258247375
3,XGBoost,C0069,2022-12-31,0,0.31675881147384644
3,XGBoost,C0070,2022-09-30,0,0.19375969469547272
3,XGBoost,C0070,2022-12-31,0,0.21201004087924957
3,XGBoost,C0071,2022-09-30,0,0.21272504329681396
3,XGBoost,C0071,2022-12-31,0,0.13094288110733032
3,XGBoost,C0072,2022-09-30,0,0.18567651510238647
3,XGBoost,C0072,2022-12-31,0,0.6645197868347168
3,XGBoost,C0073,2022-09-30,0,0.11342919617891312
3,XGBoost,C0073,2022-12-31,0,0.1289052814245224
3,XGBoost,C0074,2022-09-30,0,0.34441637992858887
3,XGBoost,C0074,2022-12-31,0,0.13666166365146637
3,XGBoost,C0075,2022-09-30,0,0.16025368869304657
3,XGBoost,C0075,2022-12-31,0,0.15257078409194946
3,XGBoost,C0076,2022-09-30,0,0.198332279920578
3,XGBoost,C0076,2022-12-31,0,0.05494188517332077
3,XGBoost,C0077,2022-09-30,0,0.1659209132194519
3,XGBoost,C0077,2022-12-31,0,0.1841651201248169
3,XGBoost,C0078,2022-09-30,0,0.09621714055538177
3,XGBoost,C0078,2022-12-31,0,0.10708342492580414
3,XGBoost,C0079,2022-09-30,0,0.5510468482971191
3,XGBoost,C0079,2022-12-31,0,0.5365338921546936
3,XGBoost,C0080,2022-09-30,0,0.2112189084291458
3,XGBoost,C0080,2022-12-31,0,0.23957546055316925
3,XGBoost,C0081,2022-09-30,0,0.29824092984199524
3,XGBoost,C0081,2022-12-31,0,0.11549218744039536
3,XGBoost,C0082,2022-09-30,0,0.6382679343223572
3,XGBoost,C0082,2022-12-31,1,0.49474096298217773
3,XGBoost,C0083,2022-09-30,0,0.2007695883512497
3,XGBoost,C0083,2022-12-31,1,0.10045444220304489
3,XGBoost,C0084,2022-09-30,0,0.004183968063443899
3,XGBoost,C0084,2022-12-31,0,0.010764507576823235
3,XGBoost,C0085,2022-09-30,0,0.1493590623140335
3,XGBoost,C0085,2022-12-31,0,0.07128936797380447
3,XGBoost,C0086,2022-09-30,0,0.19977115094661713
3,XGBoost,C0086,2022-12-31,0,0.3638736605644226
3,XGBoost,C0087,2022-09-30,0,0.30089882016181946
3,XGBoost,C0087,2022-12-31,0,0.2141840159893036
3,XGBoost,C0088,2022-09-30,0,0.06437220424413681
3,XGBoost,C0088,2022-12-31,0,0.07369532436132431
3,XGBoost,C0089,2022-09-30,0,0.3502099812030792
3,XGBoost,C0089,2022-12-31,0,0.10715297609567642
3,XGBoost,C0090,2022-09-30,1,0.7702789902687073
3,XGBoost,C0090,2022-12-31,1,0.4060688018798828
3,XGBoost,C0091,2022-09-30,0,0.4604787528514862
3,XGBoost,C0091,2022-12-31,0,0.3891504108905792
3,XGBoost,C0092,2022-09-30,1,0.09994741529226303
3,XGBoost,C0092,2022-12-31,1,0.2516169846057892
3,XGBoost,C0093,2022-09-30,0,0.033705975860357285
3,XGBoost,C0093,2022-12-31,0,0.11597699671983719
3,XGBoost,C0094,2022-09-30,0,0.12137342989444733
3,XGBoost,C0094,2022-12-31,0,0.039568714797496796
3,XGBoost,C0095,2022-09-30,0,0.09861157834529877
3,XGBoost,C0095,2022-12-31,0,0.021623820066452026
3,XGBoost,C0096,2022-09-30,0,0.5199521780014038
3,XGBoost,C0096,2022-12-31,0,0.09036140888929367
3,XGBoost,C0097,2022-09-30,0,0.1322968602180481
3,XGBoost,C0097,2022-12-31,0,0.0936957523226738
3,XGBoost,C0098,2022-09-30,0,0.07706619799137115
3,XGBoost,C0098,2022-12-31,0,0.06207333132624626
3,XGBoost,C0099,2022-09-30,0,0.1257227063179016
3,XGBoost,C0099,2022-12-31,0,0.07164812833070755
3,XGBoost,C0100,2022-09-30,0,0.23012422025203705
3,XGBoost,C0100,2022-12-31,0,0.19815939664840698
3,XGBoost,C0101,2022-09-30,0,0.39550459384918213
3,XGBoost,C0101,2022-12-31,0,0.310200572013855
3,XGBoost,C0102,2022-09-30,0,0.32681748270988464
3,XGBoost,C0102,2022-12-31,1,0.3063768148422241
3,XGBoost,C0103,2022-09-30,1,0.051023609936237335
3,XGBoost,C0103,2022-12-31,0,0.04124830663204193
3,XGBoost,C0104,2022-09-30,0,0.14983992278575897
3,XGBoost,C0104,2022-12-31,1,0.1540026068687439
3,XGBoost,C0105,2022-09-30,0,0.2956477999687195
3,XGBoost,C0105,2022-12-31,0,0.23928126692771912
3,XGBoost,C0106,2022-09-30,0,0.6665443181991577
3,XGBoost,C0106,2022-12-31,0,0.37267395853996277
3,XGBoost,C0107,2022-09-30,0,0.34767669439315796
3,XGBoost,C0107,2022-12-31,0,0.1013067364692688
3,XGBoost,C0108,2022-09-30,1,0.497985303401947
3,XGBoost,C0108,2022-12-31,1,0.6338917016983032
3,XGBoost,C0109,2022-09-30,0,0.2672147750854492
3,XGBoost,C0109,2022-12-31,1,0.40997666120529175
3,XGBoost,C0110,2022-09-30,0,0.3681207597255707
3,XGBoost,C0110,2022-12-31,0,0.4992545545101166
3,XGBoost,C0111,2022-09-30,0,0.10461682081222534
3,XGBoost,C0111,2022-12-31,0,0.04724368453025818
3,XGBoost,C0112,2022-09-30,0,0.6207692623138428
3,XGBoost,C0112,2022-12-31,0,0.5989060997962952
3,XGBoost,C0113,2022-09-30,1,0.2393515408039093
3,XGBoost,C0113,2022-12-31,0,0.11626101285219193
3,XGBoost,C0114,2022-09-30,0,0.13747766613960266
3,XGBoost,C0114,2022-12-31,1,0.2677094340324402
3,XGBoost,C0115,2022-09-30,0,0.30108723044395447
3,XGBoost,C0115,2022-12-31,1,0.3039299547672272
3,XGBoost,C0116,2022-09-30,0,0.27917104959487915
3,XGBoost,C0116,2022-12-31,1,0.7066726088523865
3,XGBoost,C0117,2022-09-30,1,0.22779296338558197
3,XGBoost,C0117,2022-12-31,0,0.09359463304281235
3,XGBoost,C0118,2022-09-30,0,0.04986729472875595
3,XGBoost,C0118,2022-12-31,0,0.058304786682128906
3,XGBoost,C0119,2022-09-30,0,0.03719837963581085
3,XGBoost,C0119,2022-12-31,0,0.07668384909629822
3,XGBoost,C0120,2022-09-30,0,0.0882924348115921
3,XGBoost,C0120,2022-12-31,1,0.13410896062850952
3,XGBoost,C0121,2022-09-30,1,0.751315176486969
3,XGBoost,C0121,2022-12-31,0,0.6057993173599243
3,XGBoost,C0122,2022-09-30,0,0.4010942578315735
3,XGBoost,C0122,2022-12-31,0,0.5280036330223083
3,XGBoost,C0123,2022-09-30,0,0.26614999771118164
3,XGBoost,C0123,2022-12-31,0,0.13166704773902893
3,XGBoost,C0124,2022-09-30,0,0.5661519169807434
3,XGBoost,C0124,2022-12-31,0,0.27633604407310486
3,XGBoost,C0125,2022-09-30,0,0.1010676771402359
3,XGBoost,C0125,2022-12-31,0,0.05785203352570534
3,XGBoost,C0126,2022-09-30,0,0.08413469791412354
3,XGBoost,C0126,2022-12-31,0,0.08430182933807373
3,XGBoost,C0127,2022-09-30,1,0.12811018526554108
3,XGBoost,C0127,2022-12-31,0,0.06339956074953079
3,XGBoost,C0128,2022-09-30,0,0.032958969473838806
3,XGBoost,C0128,2022-12-31,0,0.10215206444263458
3,XGBoost,C0129,2022-09-30,0,0.4345104396343231
3,XGBoost,C0129,2022-12-31,1,0.4533039927482605
3,XGBoost,C0130,2022-09-30,0,0.39041760563850403
3,XGBoost,C0130,2022-12-31,0,0.42951035499572754
3,XGBoost,C0131,2022-09-30,1,0.5582908987998962
3,XGBoost,C0131,2022-12-31,1,0.47137561440467834
3,XGBoost,C0132,2022-09-30,1,0.23173247277736664
3,XGBoost,C0132,2022-12-31,0,0.11382070928812027
3,XGBoost,C0133,2022-09-30,0,0.3120650351047516
3,XGBoost,C0133,2022-12-31,0,0.2151261419057846
3,XGBoost,C0134,2022-09-30,0,0.4505658447742462
3,XGBoost,C0134,2022-12-31,0,0.7815054059028625
3,XGBoost,C0135,2022-09-30,0,0.3005163371562958
3,XGBoost,C0135,2022-12-31,0,0.4678952097892761
3,XGBoost,C0136,2022-09-30,0,0.24200892448425293
3,XGBoost,C0136,2022-12-31,0,0.6485711932182312
3,XGBoost,C0137,2022-09-30,0,0.10702019184827805
3,XGBoost,C0137,2022-12-31,0,0.46864795684814453
3,XGBoost,C0138,2022-09-30,1,0.2842707931995392
3,XGBoost,C0138,2022-12-31,1,0.020110882818698883
3,XGBoost,C0139,2022-09-30,0,0.05328495427966118
3,XGBoost,C0139,2022-12-31,0,0.10661593079566956
3,XGBoost,C0140,2022-09-30,0,0.3639330267906189
3,XGBoost,C0140,2022-12-31,1,0.18795765936374664
3,XGBoost,C0141,2022-09-30,0,0.2365846335887909
3,XGBoost,C0141,2022-12-31,0,0.18263284862041473
3,XGBoost,C0142,2022-09-30,0,0.37844932079315186
3,XGBoost,C0142,2022-12-31,0,0.609786331653595
3,XGBoost,C0143,2022-09-30,1,0.6436772346496582
3,XGBoost,C0143,2022-12-31,0,0.5815243721008301
3,XGBoost,C0144,2022-09-30,0,0.007723922375589609
3,XGBoost,C0144,2022-12-31,0,0.015171903185546398
3,XGBoost,C0145,2022-09-30,0,0.08667904883623123
3,XGBoost,C0145,2022-12-31,0,0.11796766519546509
3,XGBoost,C0146,2022-09-30,0,0.024872340261936188
3,XGBoost,C0146,2022-12-31,0,0.032445985823869705
3,XGBoost,C0147,2022-09-30,1,0.24840955436229706
3,XGBoost,C0147,2022-12-31,0,0.3111476004123688
3,XGBoost,C0148,2022-09-30,1,0.057283490896224976
3,XGBoost,C0148,2022-12-31,0,0.05096536502242088
3,XGBoost,C0149,2022-09-30,0,0.07526595890522003
3,XGBoost,C0149,2022-12-31,0,0.17463770508766174
3,XGBoost,C0150,2022-09-30,0,0.6942323446273804
3,XGBoost,C0150,2022-12-31,1,0.6010034084320068
3,XGBoost,C0151,2022-09-30,0,0.5296862125396729
3,XGBoost,C0151,2022-12-31,1,0.6373319625854492
3,XGBoost,C0152,2022-09-30,0,0.24277198314666748
3,XGBoost,C0152,2022-12-31,0,0.11506741493940353
3,XGBoost,C0153,2022-09-30,0,0.17146176099777222
3,XGBoost,C0153,2022-12-31,0,0.43784698843955994
3,XGBoost,C0154,2022-09-30,0,0.059436190873384476
3,XGBoost,C0154,2022-12-31,0,0.08413172513246536
3,XGBoost,C0155,2022-09-30,0,0.016413437202572823
3,XGBoost,C0155,2022-12-31,0,0.047012001276016235
3,XGBoost,C0156,2022-09-30,0,0.1770518720149994
3,XGBoost,C0156,2022-12-31,0,0.2550075054168701
3,XGBoost,C0157,2022-09-30,0,0.20819814503192902
3,XGBoost,C0157,2022-12-31,0,0.15387611091136932
3,XGBoost,C0158,2022-09-30,0,0.19557689130306244
3,XGBoost,C0158,2022-12-31,0,0.08922051638364792
3,XGBoost,C0159,2022-09-30,0,0.6038355827331543
3,XGBoost,C0159,2022-12-31,1,0.5099872946739197
3,XGBoost,C0160,2022-09-30,0,0.07457994669675827
3,XGBoost,C0160,2022-12-31,0,0.05060606077313423
3,XGBoost,C0161,2022-09-30,0,0.4275341331958771
3,XGBoost,C0161,2022-12-31,0,0.10969957709312439
3,XGBoost,C0162,2022-09-30,1,0.6375889778137207
3,XGBoost,C0162,2022-12-31,1,0.5099731087684631
3,XGBoost,C0163,2022-09-30,0,0.13995449244976044
3,XGBoost,C0163,2022-12-31,1,0.10103534162044525
3,XGBoost,C0164,2022-09-30,0,0.45784446597099304
3,XGBoost,C0164,2022-12-31,0,0.35205233097076416
3,XGBoost,C0165,2022-09-30,0,0.8214452862739563
3,XGBoost,C0165,2022-12-31,1,0.7030255794525146
3,XGBoost,C0166,2022-09-30,0,0.07952585071325302
3,XGBoost,C0166,2022-12-31,0,0.18970827758312225
3,XGBoost,C0167,2022-09-30,0,0.049216557294130325
3,XGBoost,C0167,2022-12-31,1,0.3610709607601166
3,XGBoost,C0168,2022-09-30,0,0.4464094340801239
3,XGBoost,C0168,2022-12-31,0,0.5336419343948364
3,XGBoost,C0169,2022-09-30,1,0.879182755947113
3,XGBoost,C0169,2022-12-31,1,0.6893770098686218
3,XGBoost,C0170,2022-09-30,1,0.05288152024149895
3,XGBoost,C0170,2022-12-31,0,0.03355400636792183
3,XGBoost,C0171,2022-09-30,0,0.08629465103149414
3,XGBoost,C0171,2022-12-31,1,0.25060954689979553
3,XGBoost,C0172,2022-09-30,0,0.10871092230081558
3,XGBoost,C0172,2022-12-31,0,0.14031510055065155
3,XGBoost,C0173,2022-09-30,0,0.06615794450044632
3,XGBoost,C0173,2022-12-31,0,0.09017537534236908
3,XGBoost,C0174,2022-09-30,0,0.05502237752079964
3,XGBoost,C0174,2022-12-31,0,0.024248439818620682
3,XGBoost,C0175,2022-09-30,0,0.1559155285358429
3,XGBoost,C0175,2022-12-31,0,0.41705095767974854
3,XGBoost,C0176,2022-09-30,0,0.5029478073120117
3,XGBoost,C0176,2022-12-31,0,0.334324449300766
3,XGBoost,C0177,2022-09-30,0,0.5474280118942261
3,XGBoost,C0177,2022-12-31,0,0.7543256878852844
3,XGBoost,C0178,2022-09-30,1,0.062177836894989014
3,XGBoost,C0178,2022-12-31,0,0.06684975326061249
3,XGBoost,C0179,2022-09-30,0,0.4522942900657654
3,XGBoost,C0179,2022-12-31,0,0.34482669830322266
3,XGBoost,C0180,2022-09-30,0,0.1227545514702797
3,XGBoost,C0180,2022-12-31,0,0.24249620735645294
3,XGBoost,C0181,2022-09-30,0,0.30804604291915894
3,XGBoost,C0181,2022-12-31,0,0.46252262592315674
3,XGBoost,C0182,2022-09-30,0,0.4661686420440674
3,XGBoost,C0182,2022-12-31,1,0.4388560652732849
3,XGBoost,C0183,2022-09-30,0,0.03631686419248581
3,XGBoost,C0183,2022-12-31,0,0.057017840445041656
3,XGBoost,C0184,2022-09-30,0,0.6729090213775635
3,XGBoost,C0184,2022-12-31,0,0.02952251024544239
3,XGBoost,C0185,2022-09-30,0,0.34313642978668213
3,XGBoost,C0185,2022-12-31,1,0.6047725081443787
3,XGBoost,C0186,2022-09-30,0,0.3745429217815399
3,XGBoost,C0186,2022-12-31,0,0.3199073374271393
3,XGBoost,C0187,2022-09-30,0,0.2896069586277008
3,XGBoost,C0187,2022-12-31,0,0.32745805382728577
3,XGBoost,C0188,2022-09-30,1,0.2985408306121826
3,XGBoost,C0188,2022-12-31,0,0.18595634400844574
3,XGBoost,C0189,2022-09-30,0,0.2474382519721985
3,XGBoost,C0189,2022-12-31,1,0.467263400554657
3,XGBoost,C0190,2022-09-30,0,0.1661362200975418
3,XGBoost,C0190,2022-12-31,0,0.24253542721271515
3,XGBoost,C0191,2022-09-30,0,0.0090352613478899
3,XGBoost,C0191,2022-12-31,0,0.016538705676794052
3,XGBoost,C0192,2022-09-30,0,0.17878426611423492
3,XGBoost,C0192,2022-12-31,0,0.07672832906246185
3,XGBoost,C0193,2022-09-30,1,0.26201531291007996
3,XGBoost,C0193,2022-12-31,0,0.16683705151081085
3,XGBoost,C0194,2022-09-30,0,0.13190220296382904
3,XGBoost,C0194,2022-12-31,0,0.33654215931892395
3,XGBoost,C0195,2022-09-30,0,0.03639249876141548
3,XGBoost,C0195,2022-12-31,0,0.11981984227895737
3,XGBoost,C0196,2022-09-30,0,0.17950405180454254
3,XGBoost,C0196,2022-12-31,0,0.1799318492412567
3,XGBoost,C0197,2022-09-30,0,0.37301328778266907
3,XGBoost,C0197,2022-12-31,0,0.07340212166309357
3,XGBoost,C0198,2022-09-30,0,0.21370626986026764
3,XGBoost,C0198,2022-12-31,1,0.3289288282394409
3,XGBoost,C0199,2022-09-30,0,0.6382114291191101
3,XGBoost,C0199,2022-12-31,0,0.6449206471443176
3,XGBoost,C0200,2022-09-30,0,0.0859723910689354
3,XGBoost,C0200,2022-12-31,0,0.21698351204395294
3,XGBoost,C0201,2022-09-30,0,0.022300055250525475
3,XGBoost,C0201,2022-12-31,0,0.049854353070259094
3,XGBoost,C0202,2022-09-30,0,0.27931979298591614
3,XGBoost,C0202,2022-12-31,0,0.11509858816862106
3,XGBoost,C0203,2022-09-30,0,0.17343033850193024
3,XGBoost,C0203,2022-12-31,0,0.13408219814300537
3,XGBoost,C0204,2022-09-30,0,0.3635251224040985
3,XGBoost,C0204,2022-12-31,0,0.26913177967071533
3,XGBoost,C0205,2022-09-30,0,0.16389314830303192
3,XGBoost,C0205,2022-12-31,0,0.32051971554756165
3,XGBoost,C0206,2022-09-30,1,0.0790981873869896
3,XGBoost,C0206,2022-12-31,0,0.06426095962524414
3,XGBoost,C0207,2022-09-30,1,0.8385574221611023
3,XGBoost,C0207,2022-12-31,1,0.7606757879257202
3,XGBoost,C0208,2022-09-30,0,0.21290069818496704
3,XGBoost,C0208,2022-12-31,0,0.06338335573673248
3,XGBoost,C0209,2022-09-30,0,0.3656027317047119
3,XGBoost,C0209,2022-12-31,1,0.5355805158615112
3,XGBoost,C0210,2022-09-30,0,0.0896386206150055
3,XGBoost,C0210,2022-12-31,0,0.1986156851053238
3,XGBoost,C0211,2022-09-30,0,0.061567988246679306
3,XGBoost,C0211,2022-12-31,0,0.28240323066711426
3,XGBoost,C0212,2022-09-30,0,0.13098621368408203
3,XGBoost,C0212,2022-12-31,0,0.12318266183137894
3,XGBoost,C0213,2022-09-30,0,0.04654620587825775
3,XGBoost,C0213,2022-12-31,0,0.022403113543987274
3,XGBoost,C0214,2022-09-30,0,0.05873992294073105
3,XGBoost,C0214,2022-12-31,0,0.02673797495663166
3,XGBoost,C0215,2022-09-30,0,0.29285135865211487
3,XGBoost,C0215,2022-12-31,0,0.2466590851545334
3,XGBoost,C0216,2022-09-30,0,0.4106714725494385
3,XGBoost,C0216,2022-12-31,0,0.32568982243537903
3,XGBoost,C0217,2022-09-30,1,0.1399817019701004
3,XGBoost,C0217,2022-12-31,0,0.13817983865737915
3,XGBoost,C0218,2022-09-30,0,0.14518620073795319
3,XGBoost,C0218,2022-12-31,0,0.4574218988418579
3,XGBoost,C0219,2022-09-30,0,0.07709913700819016
3,XGBoost,C0219,2022-12-31,1,0.3287944197654724
3,XGBoost,C0220,2022-09-30,0,0.14220958948135376
3,XGBoost,C0220,2022-12-31,0,0.2580273449420929
3,XGBoost,C0221,2022-09-30,0,0.48611682653427124
3,XGBoost,C0221,2022-12-31,1,0.6448268294334412
3,XGBoost,C0222,2022-09-30,0,0.20315545797348022
3,XGBoost,C0222,2022-12-31,1,0.41454243659973145
3,XGBoost,C0223,2022-09-30,0,0.08935710787773132
3,XGBoost,C0223,2022-12-31,1,0.049946386367082596
3,XGBoost,C0224,2022-09-30,0,0.13374021649360657
3,XGBoost,C0224,2022-12-31,0,0.173411563038826
3,XGBoost,C0225,2022-09-30,0,0.2328491359949112
3,XGBoost,C0225,2022-12-31,0,0.1756272166967392
3,XGBoost,C0226,2022-09-30,0,0.04954122006893158
3,XGBoost,C0226,2022-12-31,0,0.016691729426383972
3,XGBoost,C0227,2022-09-30,0,0.014675172045826912
3,XGBoost,C0227,2022-12-31,0,0.019266732037067413
3,XGBoost,C0228,2022-09-30,0,0.18172620236873627
3,XGBoost,C0228,2022-12-31,0,0.34714382886886597
3,XGBoost,C0229,2022-09-30,0,0.1250898838043213
3,XGBoost,C0229,2022-12-31,0,0.05714976415038109
3,XGBoost,C0230,2022-09-30,0,0.22315050661563873
3,XGBoost,C0230,2022-12-31,0,0.09665296971797943
3,XGBoost,C0231,2022-09-30,0,0.15581688284873962
3,XGBoost,C0231,2022-12-31,0,0.0903996080160141
3,XGBoost,C0232,2022-09-30,1,0.08886402100324631
3,XGBoost,C0232,2022-12-31,0,0.07477772980928421
3,XGBoost,C0233,2022-09-30,0,0.14328132569789886
3,XGBoost,C0233,2022-12-31,0,0.11306177824735641
3,XGBoost,C0234,2022-09-30,0,0.08223575353622437
3,XGBoost,C0234,2022-12-31,0,0.11229336261749268
3,XGBoost,C0235,2022-09-30,1,0.14794182777404785
3,XGBoost,C0235,2022-12-31,0,0.18146847188472748
3,XGBoost,C0236,2022-09-30,0,0.1367221176624298
3,XGBoost,C0236,2022-12-31,0,0.07472586631774902
3,XGBoost,C0237,2022-09-30,0,0.5559490919113159
3,XGBoost,C0237,2022-12-31,0,0.26663321256637573
3,XGBoost,C0238,2022-09-30,0,0.2967819571495056
3,XGBoost,C0238,2022-12-31,0,0.17206594347953796
3,XGBoost,C0239,2022-09-30,0,0.4576473534107208
3,XGBoost,C0239,2022-12-31,1,0.41838234663009644
3,XGBoost,C0240,2022-09-30,0,0.25285661220550537
3,XGBoost,C0240,2022-12-31,0,0.3426533639431
3,XGBoost,C0241,2022-09-30,0,0.03403912112116814
3,XGBoost,C0241,2022-12-31,1,0.2786964178085327
3,XGBoost,C0242,2022-09-30,0,0.2653746008872986
3,XGBoost,C0242,2022-12-31,0,0.25243663787841797
3,XGBoost,C0243,2022-09-30,1,0.3467181324958801
3,XGBoost,C0243,2022-12-31,0,0.07411199808120728
3,XGBoost,C0244,2022-09-30,0,0.7507962584495544
3,XGBoost,C0244,2022-12-31,1,0.7162328958511353
3,XGBoost,C0245,2022-09-30,1,0.7471228837966919
3,XGBoost,C0245,2022-12-31,0,0.22236567735671997
3,XGBoost,C0246,2022-09-30,0,0.09625464677810669
3,XGBoost,C0246,2022-12-31,0,0.3358476459980011
3,XGBoost,C0247,2022-09-30,1,0.2806764841079712
3,XGBoost,C0247,2022-12-31,0,0.4779980778694153
3,XGBoost,C0248,2022-09-30,0,0.5945632457733154
3,XGBoost,C0248,2022-12-31,0,0.7779901623725891
3,XGBoost,C0249,2022-09-30,0,0.043872538954019547
3,XGBoost,C0249,2022-12-31,0,0.02220901846885681
3,XGBoost,C0250,2022-09-30,0,0.12522649765014648
3,XGBoost,C0250,2022-12-31,1,0.08740066736936569
3,XGBoost,C0251,2022-09-30,0,0.021028727293014526
3,XGBoost,C0251,2022-12-31,0,0.014374340884387493
3,XGBoost,C0252,2022-09-30,1,0.3948862552642822
3,XGBoost,C0252,2022-12-31,0,0.20257256925106049
3,XGBoost,C0253,2022-09-30,0,0.08824774622917175
3,XGBoost,C0253,2022-12-31,0,0.12728862464427948
3,XGBoost,C0254,2022-09-30,1,0.26193779706954956
3,XGBoost,C0254,2022-12-31,0,0.3672749996185303
3,XGBoost,C0255,2022-09-30,0,0.2534162402153015
3,XGBoost,C0255,2022-12-31,0,0.19980327785015106
3,XGBoost,C0256,2022-09-30,0,0.034632936120033264
3,XGBoost,C0256,2022-12-31,0,0.3353254795074463
3,XGBoost,C0257,2022-09-30,0,0.21168547868728638
3,XGBoost,C0257,2022-12-31,0,0.18785735964775085
3,XGBoost,C0258,2022-09-30,0,0.43092161417007446
3,XGBoost,C0258,2022-12-31,0,0.6997687220573425
3,XGBoost,C0259,2022-09-30,0,0.03599658980965614
3,XGBoost,C0259,2022-12-31,0,0.037829477339982986
3,XGBoost,C0260,2022-09-30,0,0.5226750373840332
3,XGBoost,C0260,2022-12-31,0,0.16472578048706055
3,XGBoost,C0261,2022-09-30,0,0.08852795511484146
3,XGBoost,C0261,2022-12-31,0,0.07054199278354645
3,XGBoost,C0262,2022-09-30,0,0.3905811309814453
3,XGBoost,C0262,2022-12-31,0,0.21226833760738373
3,XGBoost,C0263,2022-09-30,0,0.1754962056875229
3,XGBoost,C0263,2022-12-31,0,0.14350074529647827
3,XGBoost,C0264,2022-09-30,0,0.2183912694454193
3,XGBoost,C0264,2022-12-31,0,0.2718311846256256
3,XGBoost,C0265,2022-09-30,1,0.23012511432170868
3,XGBoost,C0265,2022-12-31,0,0.2805544137954712
3,XGBoost,C0266,2022-09-30,0,0.14881309866905212
3,XGBoost,C0266,2022-12-31,0,0.1047821119427681
3,XGBoost,C0267,2022-09-30,0,0.69059818983078
3,XGBoost,C0267,2022-12-31,1,0.5988284349441528
3,XGBoost,C0268,2022-09-30,1,0.22956909239292145
3,XGBoost,C0268,2022-12-31,0,0.09759285300970078
3,XGBoost,C0269,2022-09-30,1,0.05565118044614792
3,XGBoost,C0269,2022-12-31,0,0.19197651743888855
3,XGBoost,C0270,2022-09-30,0,0.23013624548912048
3,XGBoost,C0270,2022-12-31,0,0.04134151339530945
3,XGBoost,C0271,2022-09-30,1,0.39092856645584106
3,XGBoost,C0271,2022-12-31,0,0.44968464970588684
3,XGBoost,C0272,2022-09-30,0,0.21914207935333252
3,XGBoost,C0272,2022-12-31,0,0.054261475801467896
3,XGBoost,C0273,2022-09-30,0,0.5521590113639832
3,XGBoost,C0273,2022-12-31,1,0.7450674772262573
3,XGBoost,C0274,2022-09-30,0,0.0927811712026596
3,XGBoost,C0274,2022-12-31,0,0.035819802433252335
3,XGBoost,C0275,2022-09-30,0,0.06505687534809113
3,XGBoost,C0275,2022-12-31,0,0.07881532609462738
3,XGBoost,C0276,2022-09-30,0,0.11888684332370758
3,XGBoost,C0276,2022-12-31,0,0.47380855679512024
3,XGBoost,C0277,2022-09-30,0,0.5601518154144287
3,XGBoost,C0277,2022-12-31,0,0.3680223822593689
3,XGBoost,C0278,2022-09-30,0,0.45202842354774475
3,XGBoost,C0278,2022-12-31,0,0.6268386244773865
3,XGBoost,C0279,2022-09-30,0,0.6215370297431946
3,XGBoost,C0279,2022-12-31,0,0.40591514110565186
3,XGBoost,C0280,2022-09-30,0,0.3090512752532959
3,XGBoost,C0280,2022-12-31,0,0.5206553936004639
3,XGBoost,C0281,2022-09-30,1,0.9247825145721436
3,XGBoost,C0281,2022-12-31,1,0.9045916795730591
3,XGBoost,C0282,2022-09-30,0,0.23998449742794037
3,XGBoost,C0282,2022-12-31,0,0.37746676802635193
3,XGBoost,C0283,2022-09-30,0,0.3550967276096344
3,XGBoost,C0283,2022-12-31,1,0.12433341145515442
3,XGBoost,C0284,2022-09-30,0,0.08858001232147217
3,XGBoost,C0284,2022-12-31,0,0.0802479088306427
3,XGBoost,C0285,2022-09-30,0,0.25300973653793335
3,XGBoost,C0285,2022-12-31,0,0.5199830532073975
3,XGBoost,C0286,2022-09-30,0,0.12642084062099457
3,XGBoost,C0286,2022-12-31,0,0.6150112152099609
3,XGBoost,C0287,2022-09-30,0,0.13341306149959564
3,XGBoost,C0287,2022-12-31,0,0.09282884746789932
3,XGBoost,C0288,2022-09-30,1,0.3461900055408478
3,XGBoost,C0288,2022-12-31,0,0.684251606464386
3,XGBoost,C0289,2022-09-30,0,0.08117711544036865
3,XGBoost,C0289,2022-12-31,0,0.033616047352552414
3,XGBoost,C0290,2022-09-30,0,0.48007550835609436
3,XGBoost,C0290,2022-12-31,0,0.32836341857910156
3,XGBoost,C0291,2022-09-30,0,0.4490831792354584
3,XGBoost,C0291,2022-12-31,0,0.3822709918022156
3,XGBoost,C0292,2022-09-30,0,0.1416766494512558
3,XGBoost,C0292,2022-12-31,0,0.22403724491596222
3,XGBoost,C0293,2022-09-30,0,0.09254375845193863
3,XGBoost,C0293,2022-12-31,0,0.02231738157570362
3,XGBoost,C0294,2022-09-30,0,0.043038997799158096
3,XGBoost,C0294,2022-12-31,0,0.15431371331214905
3,XGBoost,C0295,2022-09-30,0,0.21416984498500824
3,XGBoost,C0295,2022-12-31,0,0.6700049638748169
3,XGBoost,C0296,2022-09-30,0,0.30050599575042725
3,XGBoost,C0296,2022-12-31,0,0.08321904391050339
3,XGBoost,C0297,2022-09-30,0,0.2658405900001526
3,XGBoost,C0297,2022-12-31,1,0.3519417643547058
3,XGBoost,C0298,2022-09-30,1,0.25107333064079285
3,XGBoost,C0298,2022-12-31,0,0.04656963795423508
3,XGBoost,C0299,2022-09-30,0,0.06866610050201416
3,XGBoost,C0299,2022-12-31,0,0.1688181310892105
1,LightGBM,C0000,2021-09-30,0,0.228775382953885
1,LightGBM,C0000,2021-12-31,1,0.5884646146210087
1,LightGBM,C0001,2021-09-30,1,0.3216608482247416
1,LightGBM,C0001,2021-12-31,1,0.5769018446493261
1,LightGBM,C0002,2021-09-30,0,0.1660422729020815
1,LightGBM,C0002,2021-12-31,0,0.06143896361112655
1,LightGBM,C0003,2021-09-30,0,0.07364195862461599
1,LightGBM,C0003,2021-12-31,0,0.026414161993265305
1,LightGBM,C0004,2021-09-30,0,0.17271980641377435
1,LightGBM,C0004,2021-12-31,0,0.17332927719236763
1,LightGBM,C0005,2021-09-30,0,0.035724632950104196
1,LightGBM,C0005,2021-12-31,0,0.038490444447149635
1,LightGBM,C0006,2021-09-30,0,0.35473554449080014
1,LightGBM,C0006,2021-12-31,1,0.776692576296819
1,LightGBM,C0007,2021-09-30,0,0.19594666242277772
1,LightGBM,C0007,2021-12-31,0,0.41002236692564226
1,LightGBM,C0008,2021-09-30,0,0.349667907424724
1,LightGBM,C0008,2021-12-31,0,0.34742892251102925
1,LightGBM,C0009,2021-09-30,0,0.5209407594543415
1,LightGBM,C0009,2021-12-31,0,0.2759796877979155
1,LightGBM,C0010,2021-09-30,0,0.0954515505993778
1,LightGBM,C0010,2021-12-31,0,0.010611866750262782
1,LightGBM,C0011,2021-09-30,0,0.023385614067753326
1,LightGBM,C0011,2021-12-31,0,0.08927610058049822
1,LightGBM,C0012,2021-09-30,0,0.17370081861467485
1,LightGBM,C0012,2021-12-31,0,0.011308010474772838
1,LightGBM,C0013,2021-09-30,1,0.6037876462823958
1,LightGBM,C0013,2021-12-31,0,0.5164411364339871
1,LightGBM,C0014,2021-09-30,0,0.5092171475869284
1,LightGBM,C0014,2021-12-31,0,0.35141982164531593
1,LightGBM,C0015,2021-09-30,0,0.3457817656100592
1,LightGBM,C0015,2021-12-31,0,0.2098923125924691
1,LightGBM,C0016,2021-09-30,1,0.9060906727957901
1,LightGBM,C0016,2021-12-31,1,0.715821801258938
1,LightGBM,C0017,2021-09-30,0,0.5256149187094638
1,LightGBM,C0017,2021-12-31,0,0.6094771674600888
1,LightGBM,C0018,2021-09-30,0,0.0978236860499814
1,LightGBM,C0018,2021-12-31,0,0.2834485991531388
1,LightGBM,C0019,2021-09-30,1,0.35515235015497076
1,LightGBM,C0019,2021-12-31,0,0.4125031508105958
1,LightGBM,C0020,2021-09-30,0,0.30311646647178575
1,LightGBM,C0020,2021-12-31,0,0.12952384707761616
1,LightGBM,C0021,2021-09-30,0,0.2546307198435412
1,LightGBM,C0021,2021-12-31,0,0.31374817893618473
1,LightGBM,C0022,2021-09-30,0,0.052170991644253865
1,LightGBM,C0022,2021-12-31,0,0.026581464016862805
1,LightGBM,C0023,2021-09-30,0,0.2730944293980464
1,LightGBM,C0023,2021-12-31,0,0.15026175154795698
1,LightGBM,C0024,2021-09-30,0,0.5418490272372649
1,LightGBM,C0024,2021-12-31,0,0.5581826070221896
1,LightGBM,C0025,2021-09-30,0,0.15149159443499374
1,LightGBM,C0025,2021-12-31,0,0.07735294071353883
1,LightGBM,C0026,2021-09-30,0,0.11707424090611813
1,LightGBM,C0026,2021-12-31,0,0.13460730776508387
1,LightGBM,C0027,2021-09-30,0,0.08715188745142181
1,LightGBM,C0027,2021-12-31,0,0.06865552008708098
1,LightGBM,C0028,2021-09-30,0,0.25295987779316265
1,LightGBM,C0028,2021-12-31,0,0.15134738713620585
1,LightGBM,C0029,2021-09-30,0,0.28784843973234947
1,LightGBM,C0029,2021-12-31,0,0.25906963721795717
1,LightGBM,C0030,2021-09-30,0,0.19457950820856817
1,LightGBM,C0030,2021-12-31,0,0.12823403474800626
1,LightGBM,C0031,2021-09-30,0,0.099463293773823
1,LightGBM,C0031,2021-12-31,1,0.08126045055663532
1,LightGBM,C0032,2021-09-30,0,0.36743379015442473
1,LightGBM,C0032,2021-12-31,1,0.5701348442551651
1,LightGBM,C0033,2021-09-30,0,0.29335078685815075
1,LightGBM,C0033,2021-12-31,0,0.7604180941335182
1,LightGBM,C0034,2021-09-30,0,0.18929759333741644
1,LightGBM,C0034,2021-12-31,1,0.29426935779681324
1,LightGBM,C0035,2021-09-30,0,0.1091137983348029
1,LightGBM,C0035,2021-12-31,0,0.03886486467938635
1,LightGBM,C0036,2021-09-30,0,0.10385855308024912
1,LightGBM,C0036,2021-12-31,0,0.11892351902199483
1,LightGBM,C0037,2021-09-30,0,0.6362154258275075
1,LightGBM,C0037,2021-12-31,0,0.457873812985137
1,LightGBM,C0038,2021-09-30,1,0.1953249863976056
1,LightGBM,C0038,2021-12-31,0,0.0722538401952876
1,LightGBM,C0039,2021-09-30,0,0.06456075794908503
1,LightGBM,C0039,2021-12-31,0,0.04452587506052076
1,LightGBM,C0040,2021-09-30,0,0.17451546486887073
1,LightGBM,C0040,2021-12-31,0,0.27358558359540475
1,LightGBM,C0041,2021-09-30,0,0.4148879565747927
1,LightGBM,C0041,2021-12-31,0,0.5480062364894411
1,LightGBM,C0042,2021-09-30,0,0.05286758850745246
1,LightGBM,C0042,2021-12-31,0,0.19886855758643773
1,LightGBM,C0043,2021-09-30,0,0.08838406841337475
1,LightGBM,C0043,2021-12-31,0,0.12765715397413094
1,LightGBM,C0044,2021-09-30,0,0.514716415467821
1,LightGBM,C0044,2021-12-31,0,0.27778842481679983
1,LightGBM,C0045,2021-09-30,0,0.21770722090337608
1,LightGBM,C0045,2021-12-31,0,0.21776477607594572
1,LightGBM,C0046,2021-09-30,0,0.16930268338747584
1,LightGBM,C0046,2021-12-31,0,0.18278122799964758
1,LightGBM,C0047,2021-09-30,1,0.5013810771063943
1,LightGBM,C0047,2021-12-31,0,0.5502552617758562
1,LightGBM,C0048,2021-09-30,0,0.3806999870888587
1,LightGBM,C0048,2021-12-31,0,0.22923182791851157
1,LightGBM,C0049,2021-09-30,0,0.47395551527122987
1,LightGBM,C0049,2021-12-31,0,0.10139328353502118
1,LightGBM,C0050,2021-09-30,0,0.08445817095014888
1,LightGBM,C0050,2021-12-31,0,0.10073182506001087
1,LightGBM,C0051,2021-09-30,0,0.13591817867867945
1,LightGBM,C0051,2021-12-31,0,0.21244442730389781
1,LightGBM,C0052,2021-09-30,0,0.02573861766721083
1,LightGBM,C0052,2021-12-31,1,0.12305490477177711
1,LightGBM,C0053,2021-09-30,0,0.2808282479625295
1,LightGBM,C0053,2021-12-31,0,0.6689264585408012
1,LightGBM,C0054,2021-09-30,0,0.24042655018432332
1,LightGBM,C0054,2021-12-31,0,0.38971693900139115
1,LightGBM,C0055,2021-09-30,1,0.7521215437163715
1,LightGBM,C0055,2021-12-31,0,0.16455637692866937
1,LightGBM,C0056,2021-09-30,0,0.3438563915686753
1,LightGBM,C0056,2021-12-31,0,0.3454791588067435
1,LightGBM,C0057,2021-09-30,0,0.7658678266917623
1,LightGBM,C0057,2021-12-31,0,0.06724967846341652
1,LightGBM,C0058,2021-09-30,1,0.4280548136829337
1,LightGBM,C0058,2021-12-31,0,0.32945204696932723
1,LightGBM,C0059,2021-09-30,0,0.22928867225701113
1,LightGBM,C0059,2021-12-31,0,0.45049990385173166
1,LightGBM,C0060,2021-09-30,0,0.07628652037859841
1,LightGBM,C0060,2021-12-31,1,0.16532974769601502
1,LightGBM,C0061,2021-09-30,0,0.6383662880917559
1,LightGBM,C0061,2021-12-31,0,0.25355033070929167
1,LightGBM,C0062,2021-09-30,0,0.47972218175756987
1,LightGBM,C0062,2021-12-31,0,0.29837647064890777
1,LightGBM,C0063,2021-09-30,0,0.17425645438335852
1,LightGBM,C0063,2021-12-31,0,0.3086966653641954
1,LightGBM,C0064,2021-09-30,0,0.25410499729165265
1,LightGBM,C0064,2021-12-31,0,0.28114210239204585
1,LightGBM,C0065,2021-09-30,0,0.504686591452789
1,LightGBM,C0065,2021-12-31,0,0.5218724566434894
1,LightGBM,C0066,2021-09-30,0,0.3961166745749236
1,LightGBM,C0066,2021-12-31,0,0.12726359854915034
1,LightGBM,C0067,2021-09-30,0,0.20979710910478347
1,LightGBM,C0067,2021-12-31,0,0.052765032295597904
1,LightGBM,C0068,2021-09-30,1,0.4001289964153331
1,LightGBM,C0068,2021-12-31,0,0.08324096707524246
1,LightGBM,C0069,2021-09-30,0,0.5354767228670672
1,LightGBM,C0069,2021-12-31,0,0.5624383900127188
1,LightGBM,C0070,2021-09-30,0,0.15076620335297394
1,LightGBM,C0070,2021-12-31,0,0.19337492849641572
1,LightGBM,C0071,2021-09-30,0,0.0738087772230687
1,LightGBM,C0071,2021-12-31,0,0.10375856249616357
1,LightGBM,C0072,2021-09-30,0,0.7173621003928085
1,LightGBM,C0072,2021-12-31,0,0.2542494120455534
1,LightGBM,C0073,2021-09-30,0,0.10147925479794158
1,LightGBM,C0073,2021-12-31,0,0.0774786068555328
1,LightGBM,C0074,2021-09-30,0,0.6019360297630411
1,LightGBM,C0074,2021-12-31,0,0.4526391228395734
1,LightGBM,C0075,2021-09-30,1,0.3563687542479179
1,LightGBM,C0075,2021-12-31,0,0.45640069713545806
1,LightGBM,C0076,2021-09-30,0,0.07981243959948407
1,LightGBM,C0076,2021-12-31,0,0.049793320739430755
1,LightGBM,C0077,2021-09-30,0,0.6277627584264677
1,LightGBM,C0077,2021-12-31,1,0.09028662151558885
1,LightGBM,C0078,2021-09-30,0,0.08395883926951134
1,LightGBM,C0078,2021-12-31,0,0.043940610594345404
1,LightGBM,C0079,2021-09-30,0,0.34769851715947
1,LightGBM,C0079,2021-12-31,0,0.2661998431017593
1,LightGBM,C0080,2021-09-30,0,0.057954689654605304
1,LightGBM,C0080,2021-12-31,0,0.16987571160298778
1,LightGBM,C0081,2021-09-30,1,0.13254489327243762
1,LightGBM,C0081,2021-12-31,0,0.21224030674724953
1,LightGBM,C0082,2021-09-30,0,0.49308387138423654
1,LightGBM,C0082,2021-12-31,1,0.31187323155522967
1,LightGBM,C0083,2021-09-30,0,0.43564588091519146
1,LightGBM,C0083,2021-12-31,0,0.2946414008928658
1,LightGBM,C0084,2021-09-30,0,0.011261610431572418
1,LightGBM,C0084,2021-12-31,0,0.006657827850695474
1,LightGBM,C0085,2021-09-30,0,0.2451060514267165
1,LightGBM,C0085,2021-12-31,0,0.5488317981789764
1,LightGBM,C0086,2021-09-30,0,0.47170293764360766
1,LightGBM,C0086,2021-12-31,0,0.06876539060646954
1,LightGBM,C0087,2021-09-30,0,0.200533909454849
1,LightGBM,C0087,2021-12-31,0,0.24953208316386996
1,LightGBM,C0088,2021-09-30,0,0.10070880490890206
1,LightGBM,C0088,2021-12-31,0,0.04975536113622653
1,LightGBM,C0089,2021-09-30,0,0.17366121742547008
1,LightGBM,C0089,2021-12-31,0,0.10732249645522662
1,LightGBM,C0090,2021-09-30,1,0.32081555868954265
1,LightGBM,C0090,2021-12-31,0,0.835772514666813
1,LightGBM,C0091,2021-09-30,0,0.09760816473848426
1,LightGBM,C0091,2021-12-31,0,0.2743905805159771
1,LightGBM,C0092,2021-09-30,1,0.022326098656888577
1,LightGBM,C0092,2021-12-31,0,0.040368337675620675
1,LightGBM,C0093,2021-09-30,0,0.07368289478349506
1,LightGBM,C0093,2021-12-31,0,0.07236221859649417
1,LightGBM,C0094,2021-09-30,0,0.00950121581652678
1,LightGBM,C0094,2021-12-31,0,0.007323177277528373
1,LightGBM,C0095,2021-09-30,0,0.05387358362810697
1,LightGBM,C0095,2021-12-31,1,0.23419758055155832
1,LightGBM,C0096,2021-09-30,0,0.10275840550339371
1,LightGBM,C0096,2021-12-31,0,0.071475264865895
1,LightGBM,C0097,2021-09-30,0,0.31839368925164874
1,LightGBM,C0097,2021-12-31,0,0.26319938187228
1,LightGBM,C0098,2021-09-30,0,0.1764680802191817
1,LightGBM,C0098,2021-12-31,1,0.10882402791017276
1,LightGBM,C0099,2021-09-30,0,0.3608940554555559
1,LightGBM,C0099,2021-12-31,0,0.13866879065933832
1,LightGBM,C0100,2021-09-30,1,0.2977540874118521
1,LightGBM,C0100,2021-12-31,0,0.04412321627712744
1,LightGBM,C0101,2021-09-30,0,0.32031463168423374
1,LightGBM,C0101,2021-12-31,1,0.2951724687040475
1,LightGBM,C0102,2021-09-30,0,0.7128512217889875
1,LightGBM,C0102,2021-12-31,0,0.22361378331853932
1,LightGBM,C0103,2021-09-30,0,0.02198632681973737
1,LightGBM,C0103,2021-12-31,0,0.11645967445709533
1,LightGBM,C0104,2021-09-30,0,0.17725911760660326
1,LightGBM,C0104,2021-12-31,0,0.48060465929109386
1,LightGBM,C0105,2021-09-30,0,0.5432610568195196
1,LightGBM,C0105,2021-12-31,0,0.0555993051680355
1,LightGBM,C0106,2021-09-30,0,0.5545392094621627
1,LightGBM,C0106,2021-12-31,0,0.39188787135341535
1,LightGBM,C0107,2021-09-30,0,0.3030518078309619
1,LightGBM,C0107,2021-12-31,0,0.38721822191822297
1,LightGBM,C0108,2021-09-30,0,0.2661207907798677
1,LightGBM,C0108,2021-12-31,0,0.17422733337886048
1,LightGBM,C0109,2021-09-30,0,0.20400774633971822
1,LightGBM,C0109,2021-12-31,1,0.3418172585799928
1,LightGBM,C0110,2021-09-30,0,0.8117036198552875
1,LightGBM,C0110,2021-12-31,0,0.15758303787874722
1,LightGBM,C0111,2021-09-30,0,0.5610663882707599
1,LightGBM,C0111,2021-12-31,0,0.1879767800009239
1,LightGBM,C0112,2021-09-30,0,0.11839586810217578
1,LightGBM,C0112,2021-12-31,0,0.06336034425516755
1,LightGBM,C0113,2021-09-30,0,0.1491039612459943
1,LightGBM,C0113,2021-12-31,1,0.10939154691841657
1,LightGBM,C0114,2021-09-30,0,0.6676097285180487
1,LightGBM,C0114,2021-12-31,0,0.23485998751378753
1,LightGBM,C0115,2021-09-30,0,0.4312383004182225
1,LightGBM,C0115,2021-12-31,1,0.6985535845043097
1,LightGBM,C0116,2021-09-30,0,0.21367738345785875
1,LightGBM,C0116,2021-12-31,0,0.19951905377237394
1,LightGBM,C0117,2021-09-30,0,0.336035626346398
1,LightGBM,C0117,2021-12-31,0,0.5711799510114314
1,LightGBM,C0118,2021-09-30,0,0.20067858185021764
1,LightGBM,C0118,2021-12-31,0,0.0976527271819024
1,LightGBM,C0119,2021-09-30,0,0.019268176410911702
1,LightGBM,C0119,2021-12-31,0,0.26588285206568374
1,LightGBM,C0120,2021-09-30,0,0.04834826700998366
1,LightGBM,C0120,2021-12-31,0,0.12011585957575344
1,LightGBM,C0121,2021-09-30,0,0.5048463811744811
1,LightGBM,C0121,2021-12-31,0,0.37511519059208304
1,LightGBM,C0122,2021-09-30,0,0.564882530386804
1,LightGBM,C0122,2021-12-31,0,0.10041951989647842
1,LightGBM,C0123,2021-09-30,0,0.18636839491815796
1,LightGBM,C0123,2021-12-31,0,0.19875829851475305
1,LightGBM,C0124,2021-09-30,1,0.20682422403907105
1,LightGBM,C0124,2021-12-31,1,0.11183070654827264
1,LightGBM,C0125,2021-09-30,0,0.36300006199518503
1,LightGBM,C0125,2021-12-31,0,0.32361358325769307
1,LightGBM,C0126,2021-09-30,0,0.1663674391726115
1,LightGBM,C0126,2021-12-31,0,0.07393477557007878
1,LightGBM,C0127,2021-09-30,0,0.1190044098716564
1,LightGBM,C0127,2021-12-31,0,0.3611400942220815
1,LightGBM,C0128,2021-09-30,0,0.08403575291687734
1,LightGBM,C0128,2021-12-31,0,0.08734900444693197
1,LightGBM,C0129,2021-09-30,0,0.43215227699835107
1,LightGBM,C0129,2021-12-31,0,0.245540838190981
1,LightGBM,C0130,2021-09-30,0,0.41395128575120793
1,LightGBM,C0130,2021-12-31,0,0.36513981762902686
1,LightGBM,C0131,2021-09-30,0,0.1461771363619092
1,LightGBM,C0131,2021-12-31,0,0.045932157758990046
1,LightGBM,C0132,2021-09-30,0,0.03781613113068226
1,LightGBM,C0132,2021-12-31,1,0.036942439195500845
1,LightGBM,C0133,2021-09-30,0,0.1701210261327519
1,LightGBM,C0133,2021-12-31,0,0.10576846532799292
1,LightGBM,C0134,2021-09-30,0,0.6278475511568241
1,LightGBM,C0134,2021-12-31,0,0.7182420439249213
1,LightGBM,C0135,2021-09-30,0,0.2557353730298745
1,LightGBM,C0135,2021-12-31,0,0.3413350033290675
1,LightGBM,C0136,2021-09-30,0,0.5164568422110668
1,LightGBM,C0136,2021-12-31,1,0.3101770013705299
1,LightGBM,C0137,2021-09-30,0,0.16044269965856645
1,LightGBM,C0137,2021-12-31,1,0.1058584857186719
1,LightGBM,C0138,2021-09-30,0,0.3557897375005913
1,LightGBM,C0138,2021-12-31,0,0.5592923711231487
1,LightGBM,C0139,2021-09-30,0,0.3784200544225204
1,LightGBM,C0139,2021-12-31,0,0.16915242043029555
1,LightGBM,C0140,2021-09-30,0,0.1339794944814861
1,LightGBM,C0140,2021-12-31,0,0.12501924966491948
1,LightGBM,C0141,2021-09-30,0,0.4020809492938934
1,LightGBM,C0141,2021-12-31,0,0.23005996769421058
1,LightGBM,C0142,2021-09-30,0,0.32885377365065993
1,LightGBM,C0142,2021-12-31,1,0.25044212031786434
1,LightGBM,C0143,2021-09-30,0,0.45150933968891005
1,LightGBM,C0143,2021-12-31,0,0.5949682387508298
1,LightGBM,C0144,2021-09-30,0,0.047583096199082096
1,LightGBM,C0144,2021-12-31,0,0.04941767627349922
1,LightGBM,C0145,2021-09-30,0,0.1978167910185557
1,LightGBM,C0145,2021-12-31,1,0.07159381679776512
1,LightGBM,C0146,2021-09-30,0,0.04960731839303424
1,LightGBM,C0146,2021-12-31,0,0.11092643306298496
1,LightGBM,C0147,2021-09-30,0,0.2117898868784721
1,LightGBM,C0147,2021-12-31,0,0.3894045889758658
1,LightGBM,C0148,2021-09-30,0,0.27213324431193325
1,LightGBM,C0148,2021-12-31,0,0.07735034802212978
1,LightGBM,C0149,2021-09-30,0,0.42509857682930824
1,LightGBM,C0149,2021-12-31,1,0.02787680868794552
1,LightGBM,C0150,2021-09-30,1,0.7023884987603495
1,LightGBM,C0150,2021-12-31,0,0.3904468094076691
1,LightGBM,C0151,2021-09-30,0,0.30256466129875437
1,LightGBM,C0151,2021-12-31,0,0.41121133924270226
1,LightGBM,C0152,2021-09-30,0,0.08360622208866267
1,LightGBM,C0152,2021-12-31,0,0.24420741493990325
1,LightGBM,C0153,2021-09-30,1,0.3816154603141271
1,LightGBM,C0153,2021-12-31,0,0.14285171366711372
1,LightGBM,C0154,2021-09-30,0,0.021619511819649023
1,LightGBM,C0154,2021-12-31,1,0.043879443316207564
1,LightGBM,C0155,2021-09-30,0,0.011098322761350636
1,LightGBM,C0155,2021-12-31,0,0.009532551021310414
1,LightGBM,C0156,2021-09-30,0,0.44880837216904396
1,LightGBM,C0156,2021-12-31,0,0.5548108576567115
1,LightGBM,C0157,2021-09-30,0,0.42497399494808014
1,LightGBM,C0157,2021-12-31,0,0.30423142083056554
1,LightGBM,C0158,2021-09-30,0,0.03621744230147299
1,LightGBM,C0158,2021-12-31,1,0.30220677296479265
1,LightGBM,C0159,2021-09-30,0,0.9013925153664455
1,LightGBM,C0159,2021-12-31,1,0.6082131660421348
1,LightGBM,C0160,2021-09-30,0,0.26934702497817503
1,LightGBM,C0160,2021-12-31,0,0.32331108800674613
1,LightGBM,C0161,2021-09-30,0,0.16555198467238133
1,LightGBM,C0161,2021-12-31,0,0.1877870532508568
1,LightGBM,C0162,2021-09-30,0,0.45390586370756153
1,LightGBM,C0162,2021-12-31,0,0.6192948309528583
1,LightGBM,C0163,2021-09-30,0,0.2389659400438204
1,LightGBM,C0163,2021-12-31,0,0.328734000591697
1,LightGBM,C0164,2021-09-30,0,0.14035749828418917
1,LightGBM,C0164,2021-12-31,1,0.5863733278092776
1,LightGBM,C0165,2021-09-30,0,0.6075744075265967
1,LightGBM,C0165,2021-12-31,0,0.6698172167262616
1,LightGBM,C0166,2021-09-30,0,0.2519348630225461
1,LightGBM,C0166,2021-12-31,0,0.16796182005952903
1,LightGBM,C0167,2021-09-30,0,0.4110918632246053
1,LightGBM,C0167,2021-12-31,0,0.3466055188077961
1,LightGBM,C0168,2021-09-30,0,0.8101447030060233
1,LightGBM,C0168,2021-12-31,0,0.23852117507718987
1,LightGBM,C0169,2021-09-30,1,0.659012177510072
1,LightGBM,C0169,2021-12-31,1,0.2648934146102538
1,LightGBM,C0170,2021-09-30,1,0.5123363209042595
1,LightGBM,C0170,2021-12-31,0,0.5964608523815493
1,LightGBM,C0171,2021-09-30,0,0.4018827735438407
1,LightGBM,C0171,2021-12-31,0,0.5275054484013992
1,LightGBM,C0172,2021-09-30,0,0.06731158057040038
1,LightGBM,C0172,2021-12-31,0,0.022635599757028425
1,LightGBM,C0173,2021-09-30,0,0.049235419985893925
1,LightGBM,C0173,2021-12-31,0,0.028837118945420806
1,LightGBM,C0174,2021-09-30,0,0.018482215769683997
1,LightGBM,C0174,2021-12-31,0,0.16623621113395307
1,LightGBM,C0175,2021-09-30,0,0.139434809660134
1,LightGBM,C0175,2021-12-31,0,0.027785823156378866
1,LightGBM,C0176,2021-09-30,0,0.18469406650703166
1,LightGBM,C0176,2021-12-31,0,0.42882173804086265
1,LightGBM,C0177,2021-09-30,0,0.3102413270521253
1,LightGBM,C0177,2021-12-31,0,0.1655358968572614
1,LightGBM,C0178,2021-09-30,0,0.09412677104370581
1,LightGBM,C0178,2021-12-31,0,0.06911340708100759
1,LightGBM,C0179,2021-09-30,1,0.29643143711372905
1,LightGBM,C0179,2021-12-31,1,0.21418257011747516
1,LightGBM,C0180,2021-09-30,0,0.3636772528759849
1,LightGBM,C0180,2021-12-31,0,0.32768612919128387
1,LightGBM,C0181,2021-09-30,0,0.3102278956701976
1,LightGBM,C0181,2021-12-31,0,0.14606739973560218
1,LightGBM,C0182,2021-09-30,0,0.4608820576447455
1,LightGBM,C0182,2021-12-31,0,0.19944690902366202
1,LightGBM,C0183,2021-09-30,0,0.24906500558779468
1,LightGBM,C0183,2021-12-31,0,0.18163598800746744
1,LightGBM,C0184,2021-09-30,0,0.3733380888952946
1,LightGBM,C0184,2021-12-31,1,0.15353634065367094
1,LightGBM,C0185,2021-09-30,0,0.5993337182213981
1,LightGBM,C0185,2021-12-31,0,0.5884380073186427
1,LightGBM,C0186,2021-09-30,0,0.46174020321827003
1,LightGBM,C0186,2021-12-31,0,0.5392883614270065
1,LightGBM,C0187,2021-09-30,0,0.29424400828531966
1,LightGBM,C0187,2021-12-31,0,0.2848674359078037
1,LightGBM,C0188,2021-09-30,1,0.5769898971874226
1,LightGBM,C0188,2021-12-31,0,0.23500705480513967
1,LightGBM,C0189,2021-09-30,0,0.12326099042232053
1,LightGBM,C0189,2021-12-31,0,0.017874837396159905
1,LightGBM,C0190,2021-09-30,0,0.25307748980862793
1,LightGBM,C0190,2021-12-31,0,0.04030804546549723
1,LightGBM,C0191,2021-09-30,0,0.08279647907363369
1,LightGBM,C0191,2021-12-31,0,0.06238475043951949
1,LightGBM,C0192,2021-09-30,0,0.05975849375797222
1,LightGBM,C0192,2021-12-31,0,0.42600644927238607
1,LightGBM,C0193,2021-09-30,0,0.07699929828138448
1,LightGBM,C0193,2021-12-31,0,0.2368994339151533
1,LightGBM,C0194,2021-09-30,0,0.5623565989572052
1,LightGBM,C0194,2021-12-31,0,0.3101301929913597
1,LightGBM,C0195,2021-09-30,0,0.05071893877483206
1,LightGBM,C0195,2021-12-31,0,0.05212451018616625
1,LightGBM,C0196,2021-09-30,1,0.02512223772270615
1,LightGBM,C0196,2021-12-31,0,0.2904733862316402
1,LightGBM,C0197,2021-09-30,1,0.5742885182904447
1,LightGBM,C0197,2021-12-31,0,0.45254534007148983
1,LightGBM,C0198,2021-09-30,0,0.21941286600540993
1,LightGBM,C0198,2021-12-31,1,0.3062630242432752
1,LightGBM,C0199,2021-09-30,0,0.35578512974431914
1,LightGBM,C0199,2021-12-31,0,0.4089054950492627
1,LightGBM,C0200,2021-09-30,0,0.23370694209092613
1,LightGBM,C0200,2021-12-31,0,0.31830366895285195
1,LightGBM,C0201,2021-09-30,0,0.025192302171238426
1,LightGBM,C0201,2021-12-31,0,0.22084584489312234
1,LightGBM,C0202,2021-09-30,0,0.38003080410685997
1,LightGBM,C0202,2021-12-31,0,0.5058016484687862
1,LightGBM,C0203,2021-09-30,0,0.046568169413776395
1,LightGBM,C0203,2021-12-31,0,0.04499831187835575
1,LightGBM,C0204,2021-09-30,0,0.21019734929624978
1,LightGBM,C0204,2021-12-31,0,0.10394058296685067
1,LightGBM,C0205,2021-09-30,1,0.12487591430276472
1,LightGBM,C0205,2021-12-31,0,0.40379271977244957
1,LightGBM,C0206,2021-09-30,0,0.03066459341616443
1,LightGBM,C0206,2021-12-31,0,0.029343680489289613
1,LightGBM,C0207,2021-09-30,1,0.3584475537913239
1,LightGBM,C0207,2021-12-31,0,0.8156581307230611
1,LightGBM,C0208,2021-09-30,0,0.2868979456400612
1,LightGBM,C0208,2021-12-31,1,0.2169909036281167
1,LightGBM,C0209,2021-09-30,0,0.5762623272038717
1,LightGBM,C0209,2021-12-31,0,0.7326475621285627
1,LightGBM,C0210,2021-09-30,0,0.10342347904965485
1,LightGBM,C0210,2021-12-31,0,0.06860028742355102
1,LightGBM,C0211,2021-09-30,0,0.15565172565466662
1,LightGBM,C0211,2021-12-31,0,0.3476581964109709
1,LightGBM,C0212,2021-09-30,0,0.1478069216655757
1,LightGBM,C0212,2021-12-31,0,0.4909795881575291
1,LightGBM,C0213,2021-09-30,0,0.006507086115890502
1,LightGBM,C0213,2021-12-31,0,0.010057808061942375
1,LightGBM,C0214,2021-09-30,1,0.03275854341062311
1,LightGBM,C0214,2021-12-31,0,0.018068219519446233
1,LightGBM,C0215,2021-09-30,0,0.07939200618134361
1,LightGBM,C0215,2021-12-31,0,0.17648956802719104
1,LightGBM,C0216,2021-09-30,0,0.2776516880867655
1,LightGBM,C0216,2021-12-31,0,0.37516050296754283
1,LightGBM,C0217,2021-09-30,0,0.32871629522169543
1,LightGBM,C0217,2021-12-31,0,0.22490958861239077
1,LightGBM,C0218,2021-09-30,1,0.3187165602671511
1,LightGBM,C0218,2021-12-31,1,0.5022876891922763
1,LightGBM,C0219,2021-09-30,0,0.1101489835017811
1,LightGBM,C0219,2021-12-31,0,0.013590809802622979
1,LightGBM,C0220,2021-09-30,0,0.062006437894148246
1,LightGBM,C0220,2021-12-31,0,0.06638396729238207
1,LightGBM,C0221,2021-09-30,0,0.5003494835313569
1,LightGBM,C0221,2021-12-31,1,0.6368308020989445
1,LightGBM,C0222,2021-09-30,0,0.2068992133718479
1,LightGBM,C0222,2021-12-31,1,0.4636040862604573
1,LightGBM,C0223,2021-09-30,0,0.051054442688855374
1,LightGBM,C0223,2021-12-31,0,0.05823627928979697
1,LightGBM,C0224,2021-09-30,0,0.3865241225993182
1,LightGBM,C0224,2021-12-31,0,0.2525068697735077
1,LightGBM,C0225,2021-09-30,0,0.31547059386082965
1,LightGBM,C0225,2021-12-31,0,0.6674290888059972
1,LightGBM,C0226,2021-09-30,0,0.01104865345071291
1,LightGBM,C0226,2021-12-31,0,0.022496318943867145
1,LightGBM,C0227,2021-09-30,0,0.01596280500065726
1,LightGBM,C0227,2021-12-31,0,0.0037895227376578155
1,LightGBM,C0228,2021-09-30,0,0.8280309683479871
1,LightGBM,C0228,2021-12-31,0,0.10938745911429781
1,LightGBM,C0229,2021-09-30,0,0.0693155927098044
1,LightGBM,C0229,2021-12-31,0,0.2534042342854565
1,LightGBM,C0230,2021-09-30,0,0.08668320049280892
1,LightGBM,C0230,2021-12-31,0,0.06137975055005966
1,LightGBM,C0231,2021-09-30,0,0.02388539535239767
1,LightGBM,C0231,2021-12-31,0,0.10456337805878738
1,LightGBM,C0232,2021-09-30,1,0.04451797036176089
1,LightGBM,C0232,2021-12-31,0,0.27022676228997405
1,LightGBM,C0233,2021-09-30,1,0.29219514777818134
1,LightGBM,C0233,2021-12-31,0,0.13095911608923472
1,LightGBM,C0234,2021-09-30,1,0.20700152700979463
1,LightGBM,C0234,2021-12-31,0,0.07700895755626382
1,LightGBM,C0235,2021-09-30,1,0.16321961348491923
1,LightGBM,C0235,2021-12-31,1,0.24943508144778562
1,LightGBM,C0236,2021-09-30,0,0.02464436956678622
1,LightGBM,C0236,2021-12-31,0,0.22184560722904972
1,LightGBM,C0237,2021-09-30,0,0.354633043470834
1,LightGBM,C0237,2021-12-31,0,0.15670312144630338
1,LightGBM,C0238,2021-09-30,0,0.08190127258787673
1,LightGBM,C0238,2021-12-31,1,0.08980853535510508
1,LightGBM,C0239,2021-09-30,1,0.6619827293604035
1,LightGBM,C0239,2021-12-31,0,0.8000931171489125
1,LightGBM,C0240,2021-09-30,0,0.15946494505629147
1,LightGBM,C0240,2021-12-31,1,0.5783711915812743
1,LightGBM,C0241,2021-09-30,0,0.2488129028635972
1,LightGBM,C0241,2021-12-31,0,0.3518075223447835
1,LightGBM,C0242,2021-09-30,0,0.40571121988226605
1,LightGBM,C0242,2021-12-31,0,0.5697629256397302
1,LightGBM,C0243,2021-09-30,0,0.33371604908084374
1,LightGBM,C0243,2021-12-31,0,0.3795472480765671
1,LightGBM,C0244,2021-09-30,1,0.6788643215472665
1,LightGBM,C0244,2021-12-31,0,0.3938054335831514
1,LightGBM,C0245,2021-09-30,0,0.5990355927947706
1,LightGBM,C0245,2021-12-31,0,0.5146395435683767
1,LightGBM,C0246,2021-09-30,0,0.3437260636305186
1,LightGBM,C0246,2021-12-31,0,0.31087907115834273
1,LightGBM,C0247,2021-09-30,0,0.13974734513758194
1,LightGBM,C0247,2021-12-31,0,0.35745695529665494
1,LightGBM,C0248,2021-09-30,0,0.5521208837355467
1,LightGBM,C0248,2021-12-31,0,0.6943556681265578
1,LightGBM,C0249,2021-09-30,0,0.04127550364649502
1,LightGBM,C0249,2021-12-31,0,0.14239079247310188
1,LightGBM,C0250,2021-09-30,0,0.12154459313567903
1,LightGBM,C0250,2021-12-31,0,0.2712053324229677
1,LightGBM,C0251,2021-09-30,0,0.061394166868804785
1,LightGBM,C0251,2021-12-31,0,0.04945394597878202
1,LightGBM,C0252,2021-09-30,0,0.5512215947756756
1,LightGBM,C0252,2021-12-31,0,0.3189533565594274
1,LightGBM,C0253,2021-09-30,0,0.29841552857879383
1,LightGBM,C0253,2021-12-31,0,0.2348750928076783
1,LightGBM,C0254,2021-09-30,1,0.36227277825671306
1,LightGBM,C0254,2021-12-31,0,0.6002244743210098
1,LightGBM,C0255,2021-09-30,0,0.44359539220596855
1,LightGBM,C0255,2021-12-31,1,0.2850126587679714
1,LightGBM,C0256,2021-09-30,0,0.09347453959850974
1,LightGBM,C0256,2021-12-31,0,0.0789344489235907
1,LightGBM,C0257,2021-09-30,0,0.28408732551770954
1,LightGBM,C0257,2021-12-31,1,0.04724805423051033
1,LightGBM,C0258,2021-09-30,0,0.20617912702860927
1,LightGBM,C0258,2021-12-31,1,0.21964152947891036
1,LightGBM,C0259,2021-09-30,0,0.23590879205681634
1,LightGBM,C0259,2021-12-31,0,0.09457457965615976
1,LightGBM,C0260,2021-09-30,0,0.1736617098395021
1,LightGBM,C0260,2021-12-31,0,0.5726949912055913
1,LightGBM,C0261,2021-09-30,0,0.014040641842293339
1,LightGBM,C0261,2021-12-31,0,0.018168297623944712
1,LightGBM,C0262,2021-09-30,1,0.5058551220336366
1,LightGBM,C0262,2021-12-31,0,0.2047397138603139
1,LightGBM,C0263,2021-09-30,0,0.0911851597775706
1,LightGBM,C0263,2021-12-31,0,0.45751748189339336
1,LightGBM,C0264,2021-09-30,0,0.38290727326334784
1,LightGBM,C0264,2021-12-31,0,0.2584490120952186
1,LightGBM,C0265,2021-09-30,0,0.4297848852467008
1,LightGBM,C0265,2021-12-31,0,0.45000027611820664
1,LightGBM,C0266,2021-09-30,0,0.37029301033402584
1,LightGBM,C0266,2021-12-31,0,0.2301592689268476
1,LightGBM,C0267,2021-09-30,0,0.28897296144166046
1,LightGBM,C0267,2021-12-31,0,0.521543179148366
1,LightGBM,C0268,2021-09-30,0,0.05836132998979215
1,LightGBM,C0268,2021-12-31,0,0.016755943706188603
1,LightGBM,C0269,2021-09-30,0,0.06303369644446241
1,LightGBM,C0269,2021-12-31,0,0.1262081796758464
1,LightGBM,C0270,2021-09-30,0,0.2193700093887108
1,LightGBM,C0270,2021-12-31,0,0.14548079684432808
1,LightGBM,C0271,2021-09-30,0,0.24286301511481811
1,LightGBM,C0271,2021-12-31,0,0.08219553485108605
1,LightGBM,C0272,2021-09-30,0,0.0361661596844655
1,LightGBM,C0272,2021-12-31,0,0.11805394802001852
1,LightGBM,C0273,2021-09-30,0,0.6130563130407419
1,LightGBM,C0273,2021-12-31,1,0.6762101304021141
1,LightGBM,C0274,2021-09-30,0,0.1317739718078213
1,LightGBM,C0274,2021-12-31,1,0.636481749008796
1,LightGBM,C0275,2021-09-30,0,0.031408601690477884
1,LightGBM,C0275,2021-12-31,0,0.03942459014480227
1,LightGBM,C0276,2021-09-30,0,0.06069421566702978
1,LightGBM,C0276,2021-12-31,0,0.20489141186467608
1,LightGBM,C0277,2021-09-30,0,0.8413401660944363
1,LightGBM,C0277,2021-12-31,0,0.2564763024222686
1,LightGBM,C0278,2021-09-30,0,0.07237204194457962
1,LightGBM,C0278,2021-12-31,0,0.22001242324080508
1,LightGBM,C0279,2021-09-30,0,0.139099741529209
1,LightGBM,C0279,2021-12-31,0,0.2510089591636013
1,LightGBM,C0280,2021-09-30,0,0.1873139329352469
1,LightGBM,C0280,2021-12-31,0,0.4496556181490284
1,LightGBM,C0281,2021-09-30,1,0.8639780364150335
1,LightGBM,C0281,2021-12-31,1,0.9259632151094191
1,LightGBM,C0282,2021-09-30,0,0.14379486272977496
1,LightGBM,C0282,2021-12-31,0,0.17632157537918186
1,LightGBM,C0283,2021-09-30,0,0.18339189689464164
1,LightGBM,C0283,2021-12-31,1,0.2577496092215917
1,LightGBM,C0284,2021-09-30,0,0.05682224474350128
1,LightGBM,C0284,2021-12-31,0,0.1929354560394707
1,LightGBM,C0285,2021-09-30,0,0.6196521866354269
1,LightGBM,C0285,2021-12-31,0,0.0752671414481425
1,LightGBM,C0286,2021-09-30,0,0.08010784673811094
1,LightGBM,C0286,2021-12-31,0,0.08507980652114554
1,LightGBM,C0287,2021-09-30,0,0.26926990987821536
1,LightGBM,C0287,2021-12-31,0,0.16531936505754183
1,LightGBM,C0288,2021-09-30,0,0.2811957296075563
1,LightGBM,C0288,2021-12-31,0,0.03700488215045106
1,LightGBM,C0289,2021-09-30,1,0.09414835063557071
1,LightGBM,C0289,2021-12-31,0,0.6560538447645009
1,LightGBM,C0290,2021-09-30,0,0.7196598348690799
1,LightGBM,C0290,2021-12-31,0,0.39307851052529397
1,LightGBM,C0291,2021-09-30,0,0.07406659721149567
1,LightGBM,C0291,2021-12-31,0,0.25022762332189313
1,LightGBM,C0292,2021-09-30,0,0.16617227452219185
1,LightGBM,C0292,2021-12-31,0,0.24768842333151062
1,LightGBM,C0293,2021-09-30,0,0.05909197026416825
1,LightGBM,C0293,2021-12-31,0,0.335890438472322
1,LightGBM,C0294,2021-09-30,0,0.2032035826679833
1,LightGBM,C0294,2021-12-31,0,0.08312299768531045
1,LightGBM,C0295,2021-09-30,1,0.2709652611869777
1,LightGBM,C0295,2021-12-31,0,0.21912053938654052
1,LightGBM,C0296,2021-09-30,0,0.24275463346806986
1,LightGBM,C0296,2021-12-31,0,0.5499972764617181
1,LightGBM,C0297,2021-09-30,0,0.5394935470505312
1,LightGBM,C0297,2021-12-31,0,0.1320889515032546
1,LightGBM,C0298,2021-09-30,0,0.38473939379228655
1,LightGBM,C0298,2021-12-31,0,0.42971617899624626
1,LightGBM,C0299,2021-09-30,0,0.21669573051043597
1,LightGBM,C0299,2021-12-31,0,0.2341914164919472
2,LightGBM,C0000,2022-03-31,0,0.21574790133282457
2,LightGBM,C0000,2022-06-30,1,0.436556889778808
2,LightGBM,C0001,2022-03-31,0,0.6436242227309426
2,LightGBM,C0001,2022-06-30,1,0.17677038060534367
2,LightGBM,C0002,2022-03-31,0,0.05297822674406877
2,LightGBM,C0002,2022-06-30,0,0.14804432443282073
2,LightGBM,C0003,2022-03-31,0,0.14672376608478177
2,LightGBM,C0003,2022-06-30,0,0.11258085219579526
2,LightGBM,C0004,2022-03-31,0,0.21568658905960789
2,LightGBM,C0004,2022-06-30,0,0.13285366384704078
2,LightGBM,C0005,2022-03-31,0,0.2468816039808532
2,LightGBM,C0005,2022-06-30,0,0.18305162599252275
2,LightGBM,C0006,2022-03-31,0,0.5298827725123677
2,LightGBM,C0006,2022-06-30,1,0.40632702550218114
2,LightGBM,C0007,2022-03-31,1,0.5646615716491751
2,LightGBM,C0007,2022-06-30,0,0.5214685022201215
2,LightGBM,C0008,2022-03-31,0,0.038538806221321255
2,LightGBM,C0008,2022-06-30,0,0.38117767286503434
2,LightGBM,C0009,2022-03-31,0,0.42668200099434717
2,LightGBM,C0009,2022-06-30,0,0.19259739207410684
2,LightGBM,C0010,2022-03-31,0,0.04523036754492413
2,LightGBM,C0010,2022-06-30,1,0.049771163749943254
2,LightGBM,C0011,2022-03-31,0,0.026257822035782627
2,LightGBM,C0011,2022-06-30,0,0.017397472702954952
2,LightGBM,C0012,2022-03-31,0,0.04808480029051856
2,LightGBM,C0012,2022-06-30,0,0.038912753217575785
2,LightGBM,C0013,2022-03-31,0,0.2625020573772286
2,LightGBM,C0013,2022-06-30,0,0.7139376143956072
2,LightGBM,C0014,2022-03-31,1,0.6754739092621093
2,LightGBM,C0014,2022-06-30,0,0.34350133230507884
2,LightGBM,C0015,2022-03-31,0,0.04622192332927328
2,LightGBM,C0015,2022-06-30,0,0.35126216000928767
2,LightGBM,C0016,2022-03-31,0,0.7631360761459136
2,LightGBM,C0016,2022-06-30,1,0.5080735628269754
2,LightGBM,C0017,2022-03-31,0,0.31063938327615503
2,LightGBM,C0017,2022-06-30,0,0.2068056066193666
2,LightGBM,C0018,2022-03-31,0,0.2750330119094158
2,LightGBM,C0018,2022-06-30,1,0.077344919300295
2,LightGBM,C0019,2022-03-31,0,0.22768004132681607
2,LightGBM,C0019,2022-06-30,1,0.38670244095677325
2,LightGBM,C0020,2022-03-31,0,0.09318980703053108
2,LightGBM,C0020,2022-06-30,0,0.027108827626437074
2,LightGBM,C0021,2022-03-31,0,0.0941231553032973
2,LightGBM,C0021,2022-06-30,0,0.4015740043058737
2,LightGBM,C0022,2022-03-31,0,0.2592406514697313
2,LightGBM,C0022,2022-06-30,0,0.1780538665327519
2,LightGBM,C0023,2022-03-31,0,0.05985017294712138
2,LightGBM,C0023,2022-06-30,0,0.14879034776188121
2,LightGBM,C0024,2022-03-31,0,0.34807404047791285
2,LightGBM,C0024,2022-06-30,0,0.6172228040783189
2,LightGBM,C0025,2022-03-31,0,0.09668930393644763
2,LightGBM,C0025,2022-06-30,0,0.10151538963810323
2,LightGBM,C0026,2022-03-31,0,0.1992156232562374
2,LightGBM,C0026,2022-06-30,0,0.26169642806714155
2,LightGBM,C0027,2022-03-31,0,0.3472756088736891
2,LightGBM,C0027,2022-06-30,0,0.1750160311616791
2,LightGBM,C0028,2022-03-31,0,0.2975040971645176
2,LightGBM,C0028,2022-06-30,0,0.16188408815200436
2,LightGBM,C0029,2022-03-31,0,0.5395940604118976
2,LightGBM,C0029,2022-06-30,0,0.22040695137814656
2,LightGBM,C0030,2022-03-31,0,0.33973880488779895
2,LightGBM,C0030,2022-06-30,0,0.2626807415098516
2,LightGBM,C0031,2022-03-31,0,0.05771409841014968
2,LightGBM,C0031,2022-06-30,0,0.3301619652461839
2,LightGBM,C0032,2022-03-31,1,0.5596060275865565
2,LightGBM,C0032,2022-06-30,0,0.45695959566568983
2,LightGBM,C0033,2022-03-31,0,0.3172824893696492
2,LightGBM,C0033,2022-06-30,1,0.19476224455429397
2,LightGBM,C0034,2022-03-31,0,0.43853044099493205
2,LightGBM,C0034,2022-06-30,0,0.2373522585471356
2,LightGBM,C0035,2022-03-31,0,0.13451716519309476
2,LightGBM,C0035,2022-06-30,0,0.09958518189471686
2,LightGBM,C0036,2022-03-31,0,0.14178011946713429
2,LightGBM,C0036,2022-06-30,0,0.19927862938123658
2,LightGBM,C0037,2022-03-31,0,0.6482036801018225
2,LightGBM,C0037,2022-06-30,0,0.5974150358225612
2,LightGBM,C0038,2022-03-31,0,0.10309436786297464
2,LightGBM,C0038,2022-06-30,0,0.32100033292610963
2,LightGBM,C0039,2022-03-31,0,0.02182291101337664
2,LightGBM,C0039,2022-06-30,0,0.0344384942244953
2,LightGBM,C0040,2022-03-31,0,0.26200272897518395
2,LightGBM,C0040,2022-06-30,0,0.060317067755467996
2,LightGBM,C0041,2022-03-31,1,0.42346746681106445
2,LightGBM,C0041,2022-06-30,0,0.472886038463757
2,LightGBM,C0042,2022-03-31,0,0.1638302733196454
2,LightGBM,C0042,2022-06-30,0,0.1288328231820758
2,LightGBM,C0043,2022-03-31,0,0.0812289742467278
2,LightGBM,C0043,2022-06-30,0,0.04057800925506702
2,LightGBM,C0044,2022-03-31,0,0.1363518077714791
2,LightGBM,C0044,2022-06-30,0,0.007895946376762327
2,LightGBM,C0045,2022-03-31,0,0.05624189470569675
2,LightGBM,C0045,2022-06-30,0,0.23199693687748885
2,LightGBM,C0046,2022-03-31,0,0.09599105724685267
2,LightGBM,C0046,2022-06-30,0,0.10953365801903259
2,LightGBM,C0047,2022-03-31,1,0.8026135560989274
2,LightGBM,C0047,2022-06-30,0,0.3270644700593905
2,LightGBM,C0048,2022-03-31,1,0.7631919819227575
2,LightGBM,C0048,2022-06-30,1,0.20088028564040386
2,LightGBM,C0049,2022-03-31,0,0.17479011310502265
2,LightGBM,C0049,2022-06-30,0,0.09787848597759115
2,LightGBM,C0050,2022-03-31,0,0.2768569926520904
2,LightGBM,C0050,2022-06-30,0,0.5418889110553343
2,LightGBM,C0051,2022-03-31,0,0.2419748607487423
2,LightGBM,C0051,2022-06-30,1,0.20166506043535048
2,LightGBM,C0052,2022-03-31,0,0.31686179752371113
2,LightGBM,C0052,2022-06-30,0,0.20144767790875864
2,LightGBM,C0053,2022-03-31,0,0.8182883141440598
2,LightGBM,C0053,2022-06-30,0,0.3464114989400247
2,LightGBM,C0054,2022-03-31,0,0.09714478227823051
2,LightGBM,C0054,2022-06-30,0,0.29109185293487483
2,LightGBM,C0055,2022-03-31,0,0.7314712219088411
2,LightGBM,C0055,2022-06-30,0,0.3387129895453609
2,LightGBM,C0056,2022-03-31,0,0.5862065230934673
2,LightGBM,C0056,2022-06-30,1,0.6046034887175388
2,LightGBM,C0057,2022-03-31,0,0.5840273073713851
2,LightGBM,C0057,2022-06-30,1,0.0920696770718895
2,LightGBM,C0058,2022-03-31,1,0.28574088988699203
2,LightGBM,C0058,2022-06-30,0,0.533915315397998
2,LightGBM,C0059,2022-03-31,0,0.5012959909553545
2,LightGBM,C0059,2022-06-30,1,0.386359204647545
2,LightGBM,C0060,2022-03-31,0,0.2302059796513535
2,LightGBM,C0060,2022-06-30,0,0.14890896744181292
2,LightGBM,C0061,2022-03-31,0,0.15582979367602348
2,LightGBM,C0061,2022-06-30,0,0.21943601854823488
2,LightGBM,C0062,2022-03-31,0,0.2697526001158322
2,LightGBM,C0062,2022-06-30,1,0.7038017712864911
2,LightGBM,C0063,2022-03-31,0,0.22329959079394995
2,LightGBM,C0063,2022-06-30,0,0.043280904565998
2,LightGBM,C0064,2022-03-31,0,0.2386747393013807
2,LightGBM,C0064,2022-06-30,0,0.28069592835170337
2,LightGBM,C0065,2022-03-31,1,0.7131450776495682
2,LightGBM,C0065,2022-06-30,1,0.38214784558353954
2,LightGBM,C0066,2022-03-31,0,0.4501958411687874
2,LightGBM,C0066,2022-06-30,0,0.11994602489166624
2,LightGBM,C0067,2022-03-31,0,0.0939657179166796
2,LightGBM,C0067,2022-06-30,0,0.0731648394812377
2,LightGBM,C0068,2022-03-31,0,0.15765239880407345
2,LightGBM,C0068,2022-06-30,1,0.3625731047879289
2,LightGBM,C0069,2022-03-31,0,0.7653842198850329
2,LightGBM,C0069,2022-06-30,0,0.08817125119709507
2,LightGBM,C0070,2022-03-31,0,0.22098101378172147
2,LightGBM,C0070,2022-06-30,0,0.1767826494761398
2,LightGBM,C0071,2022-03-31,0,0.2922751699930946
2,LightGBM,C0071,2022-06-30,0,0.3862622382258811
2,LightGBM,C0072,2022-03-31,0,0.40834944646678434
2,LightGBM,C0072,2022-06-30,0,0.3068214478630518
2,LightGBM,C0073,2022-03-31,0,0.03335125169240513
2,LightGBM,C0073,2022-06-30,0,0.06828177640022476
2,LightGBM,C0074,2022-03-31,0,0.2836388563091178
2,LightGBM,C0074,2022-06-30,0,0.33287331810641463
2,LightGBM,C0075,2022-03-31,0,0.32378043813564156
2,LightGBM,C0075,2022-06-30,0,0.20420772053269204
2,LightGBM,C0076,2022-03-31,0,0.08059951027702537
2,LightGBM,C0076,2022-06-30,0,0.08664648478453547
2,LightGBM,C0077,2022-03-31,0,0.3008932577329725
2,LightGBM,C0077,2022-06-30,0,0.5015348367947167
2,LightGBM,C0078,2022-03-31,0,0.05335098680707111
2,LightGBM,C0078,2022-06-30,0,0.03154180863944903
2,LightGBM,C0079,2022-03-31,0,0.7335209738134318
2,LightGBM,C0079,2022-06-30,0,0.5044143847476403
2,LightGBM,C0080,2022-03-31,0,0.13751343080911846
2,LightGBM,C0080,2022-06-30,0,0.06273510608468436
2,LightGBM,C0081,2022-03-31,0,0.06587496230407434
2,LightGBM,C0081,2022-06-30,0,0.04529107972448777
2,LightGBM,C0082,2022-03-31,1,0.5527084477024693
2,LightGBM,C0082,2022-06-30,0,0.8024403678564793
2,LightGBM,C0083,2022-03-31,0,0.4208929905105228
2,LightGBM,C0083,2022-06-30,0,0.42885343579661245
2,LightGBM,C0084,2022-03-31,0,0.020653332140074098
2,LightGBM,C0084,2022-06-30,0,0.006834082994149909
2,LightGBM,C0085,2022-03-31,0,0.3213830109463102
2,LightGBM,C0085,2022-06-30,0,0.24212768073705251
2,LightGBM,C0086,2022-03-31,1,0.07334402889087943
2,LightGBM,C0086,2022-06-30,1,0.1685422911627305
2,LightGBM,C0087,2022-03-31,0,0.5800234437001196
2,LightGBM,C0087,2022-06-30,0,0.11895727412795705
2,LightGBM,C0088,2022-03-31,0,0.05269733301397749
2,LightGBM,C0088,2022-06-30,0,0.060103178043476604
2,LightGBM,C0089,2022-03-31,0,0.3131713386998148
2,LightGBM,C0089,2022-06-30,0,0.5072895681557226
2,LightGBM,C0090,2022-03-31,1,0.8460306018592275
2,LightGBM,C0090,2022-06-30,1,0.6810918959008178
2,LightGBM,C0091,2022-03-31,0,0.2075626515242964
2,LightGBM,C0091,2022-06-30,0,0.18764841275648206
2,LightGBM,C0092,2022-03-31,0,0.1832735891887495
2,LightGBM,C0092,2022-06-30,0,0.043571854118809705
2,LightGBM,C0093,2022-03-31,1,0.07074192486665161
2,LightGBM,C0093,2022-06-30,0,0.0464929661420466
2,LightGBM,C0094,2022-03-31,0,0.10508735578479028
2,LightGBM,C0094,2022-06-30,0,0.10200084412488983
2,LightGBM,C0095,2022-03-31,0,0.03353080174424246
2,LightGBM,C0095,2022-06-30,0,0.060971838506568905
2,LightGBM,C0096,2022-03-31,0,0.1902414152509519
2,LightGBM,C0096,2022-06-30,0,0.2740928128389865
2,LightGBM,C0097,2022-03-31,0,0.13000976372487977
2,LightGBM,C0097,2022-06-30,0,0.27916608657949066
2,LightGBM,C0098,2022-03-31,0,0.23958554652551406
2,LightGBM,C0098,2022-06-30,0,0.42942896065690467
2,LightGBM,C0099,2022-03-31,1,0.14297700032759114
2,LightGBM,C0099,2022-06-30,0,0.1517193150405621
2,LightGBM,C0100,2022-03-31,0,0.15855037633742158
2,LightGBM,C0100,2022-06-30,0,0.2029192911574963
2,LightGBM,C0101,2022-03-31,0,0.25276289685969044
2,LightGBM,C0101,2022-06-30,0,0.2841930330785495
2,LightGBM,C0102,2022-03-31,0,0.11838665508068988
2,LightGBM,C0102,2022-06-30,0,0.45566504671988106
2,LightGBM,C0103,2022-03-31,0,0.04609006797182454
2,LightGBM,C0103,2022-06-30,0,0.04567456738922849
2,LightGBM,C0104,2022-03-31,0,0.5268630003904402
2,LightGBM,C0104,2022-06-30,0,0.034790140816586566
2,LightGBM,C0105,2022-03-31,0,0.06840441416928573
2,LightGBM,C0105,2022-06-30,1,0.11487470221867917
2,LightGBM,C0106,2022-03-31,0,0.35325472423633875
2,LightGBM,C0106,2022-06-30,1,0.7034519236588351
2,LightGBM,C0107,2022-03-31,0,0.3474158287751558
2,LightGBM,C0107,2022-06-30,0,0.06848026751435997
2,LightGBM,C0108,2022-03-31,0,0.7515896988959032
2,LightGBM,C0108,2022-06-30,0,0.6179400206896674
2,LightGBM,C0109,2022-03-31,0,0.4425434272181976
2,LightGBM,C0109,2022-06-30,0,0.37381877847454187
2,LightGBM,C0110,2022-03-31,0,0.7919903297182664
2,LightGBM,C0110,2022-06-30,0,0.22655578853820782
2,LightGBM,C0111,2022-03-31,0,0.4921510968762719
2,LightGBM,C0111,2022-06-30,0,0.16176598117685062
2,LightGBM,C0112,2022-03-31,0,0.11512680036663586
2,LightGBM,C0112,2022-06-30,0,0.2717634654255421
2,LightGBM,C0113,2022-03-31,0,0.2742566554634875
2,LightGBM,C0113,2022-06-30,1,0.27555889511365755
2,LightGBM,C0114,2022-03-31,0,0.14506128646952302
2,LightGBM,C0114,2022-06-30,0,0.0661111629388468
2,LightGBM,C0115,2022-03-31,1,0.166279949697894
2,LightGBM,C0115,2022-06-30,0,0.05934644310273055
2,LightGBM,C0116,2022-03-31,1,0.187746865952226
2,LightGBM,C0116,2022-06-30,0,0.14885308681660694
2,LightGBM,C0117,2022-03-31,1,0.4324959513273122
2,LightGBM,C0117,2022-06-30,0,0.15045639871567326
2,LightGBM,C0118,2022-03-31,1,0.21633686044620923
2,LightGBM,C0118,2022-06-30,1,0.12177572505619656
2,LightGBM,C0119,2022-03-31,0,0.14659200246083187
2,LightGBM,C0119,2022-06-30,0,0.21086462602236292
2,LightGBM,C0120,2022-03-31,0,0.05544207570802747
2,LightGBM,C0120,2022-06-30,0,0.3172306999828424
2,LightGBM,C0121,2022-03-31,0,0.6209256786087884
2,LightGBM,C0121,2022-06-30,0,0.6001146130697659
2,LightGBM,C0122,2022-03-31,0,0.27913369519756376
2,LightGBM,C0122,2022-06-30,1,0.7431368933751261
2,LightGBM,C0123,2022-03-31,0,0.27170811909518516
2,LightGBM,C0123,2022-06-30,1,0.22467574771755605
2,LightGBM,C0124,2022-03-31,0,0.4762768980261167
2,LightGBM,C0124,2022-06-30,1,0.36790458401023285
2,LightGBM,C0125,2022-03-31,0,0.5610183631190702
2,LightGBM,C0125,2022-06-30,1,0.26221557809053325
2,LightGBM,C0126,2022-03-31,0,0.06851653922212154
2,LightGBM,C0126,2022-06-30,0,0.06436553323479924
2,LightGBM,C0127,2022-03-31,0,0.17299658685729477
2,LightGBM,C0127,2022-06-30,0,0.3163928268634105
2,LightGBM,C0128,2022-03-31,0,0.030938996296226245
2,LightGBM,C0128,2022-06-30,0,0.0636599629608791
2,LightGBM,C0129,2022-03-31,1,0.6725694514914577
2,LightGBM,C0129,2022-06-30,0,0.29054342548851614
2,LightGBM,C0130,2022-03-31,0,0.3310080035290271
2,LightGBM,C0130,2022-06-30,1,0.2530625695231061
2,LightGBM,C0131,2022-03-31,0,0.6903785880452373
2,LightGBM,C0131,2022-06-30,1,0.3649943812061655
2,LightGBM,C0132,2022-03-31,0,0.07229467297159434
2,LightGBM,C0132,2022-06-30,0,0.16006475147897617
2,LightGBM,C0133,2022-03-31,0,0.22907096867471718
2,LightGBM,C0133,2022-06-30,0,0.10906465974257597
2,LightGBM,C0134,2022-03-31,1,0.6849551466593056
2,LightGBM,C0134,2022-06-30,1,0.6501338114179496
2,LightGBM,C0135,2022-03-31,1,0.16972793588433155
2,LightGBM,C0135,2022-06-30,0,0.5410159840069346
2,LightGBM,C0136,2022-03-31,0,0.4714276154571844
2,LightGBM,C0136,2022-06-30,0,0.47833415496272474
2,LightGBM,C0137,2022-03-31,0,0.3420203188116669
2,LightGBM,C0137,2022-06-30,0,0.24964904709119476
2,LightGBM,C0138,2022-03-31,0,0.3599106537221218
2,LightGBM,C0138,2022-06-30,0,0.1356623771267999
2,LightGBM,C0139,2022-03-31,0,0.12759821600962712
2,LightGBM,C0139,2022-06-30,0,0.1369947267315378
2,LightGBM,C0140,2022-03-31,0,0.44421797847958555
2,LightGBM,C0140,2022-06-30,0,0.6986271275576141
2,LightGBM,C0141,2022-03-31,0,0.10175685962289881
2,LightGBM,C0141,2022-06-30,0,0.46331757958910985
2,LightGBM,C0142,2022-03-31,0,0.17187404704267642
2,LightGBM,C0142,2022-06-30,0,0.1337907709334084
2,LightGBM,C0143,2022-03-31,0,0.48847573353811624
2,LightGBM,C0143,2022-06-30,1,0.3672949105689222
2,LightGBM,C0144,2022-03-31,0,0.017525423627098562
2,LightGBM,C0144,2022-06-30,0,0.004378120727233619
2,LightGBM,C0145,2022-03-31,0,0.2278736007354366
2,LightGBM,C0145,2022-06-30,1,0.6851399140846598
2,LightGBM,C0146,2022-03-31,0,0.10102175135865907
2,LightGBM,C0146,2022-06-30,0,0.11247984754360375
2,LightGBM,C0147,2022-03-31,0,0.22005783358433872
2,LightGBM,C0147,2022-06-30,0,0.3164256744964776
2,LightGBM,C0148,2022-03-31,0,0.14784694685198785
2,LightGBM,C0148,2022-06-30,0,0.033621805698538884
2,LightGBM,C0149,2022-03-31,0,0.02309722551085579
2,LightGBM,C0149,2022-06-30,0,0.04518659643195048
2,LightGBM,C0150,2022-03-31,1,0.3509730596499005
2,LightGBM,C0150,2022-06-30,1,0.6301092028017861
2,LightGBM,C0151,2022-03-31,0,0.33648489593520986
2,LightGBM,C0151,2022-06-30,0,0.4197586467955392
2,LightGBM,C0152,2022-03-31,1,0.1630157429466151
2,LightGBM,C0152,2022-06-30,0,0.2750375793954118
2,LightGBM,C0153,2022-03-31,1,0.32999218009531245
2,LightGBM,C0153,2022-06-30,1,0.4491077394709137
2,LightGBM,C0154,2022-03-31,0,0.09536952291511691
2,LightGBM,C0154,2022-06-30,0,0.01191649181817705
2,LightGBM,C0155,2022-03-31,0,0.02350864421165555
2,LightGBM,C0155,2022-06-30,0,0.036137668303685304
2,LightGBM,C0156,2022-03-31,0,0.697659151323861
2,LightGBM,C0156,2022-06-30,0,0.3768485104874644
2,LightGBM,C0157,2022-03-31,0,0.4753836894861329
2,LightGBM,C0157,2022-06-30,0,0.7362819497594733
2,LightGBM,C0158,2022-03-31,0,0.12296774584555265
2,LightGBM,C0158,2022-06-30,1,0.13865316761168342
2,LightGBM,C0159,2022-03-31,0,0.31386925640505464
2,LightGBM,C0159,2022-06-30,0,0.7901094014423525
2,LightGBM,C0160,2022-03-31,0,0.10795861967286938
2,LightGBM,C0160,2022-06-30,0,0.2569709368821767
2,LightGBM,C0161,2022-03-31,0,0.28756156148630796
2,LightGBM,C0161,2022-06-30,0,0.4975996244288708
2,LightGBM,C0162,2022-03-31,0,0.6896189169357189
2,LightGBM,C0162,2022-06-30,0,0.5458600601356851
2,LightGBM,C0163,2022-03-31,0,0.41901439320088196
2,LightGBM,C0163,2022-06-30,1,0.16929979862787245
2,LightGBM,C0164,2022-03-31,0,0.11829977126232454
2,LightGBM,C0164,2022-06-30,0,0.30881740474798586
2,LightGBM,C0165,2022-03-31,0,0.38091825712070176
2,LightGBM,C0165,2022-06-30,1,0.5928747362453154
2,LightGBM,C0166,2022-03-31,0,0.1698259347760851
2,LightGBM,C0166,2022-06-30,0,0.24940172986943726
2,LightGBM,C0167,2022-03-31,0,0.14368914658650347
2,LightGBM,C0167,2022-06-30,0,0.4221103582724564
2,LightGBM,C0168,2022-03-31,0,0.37739339556124807
2,LightGBM,C0168,2022-06-30,0,0.2932671960495246
2,LightGBM,C0169,2022-03-31,1,0.8336397039988382
2,LightGBM,C0169,2022-06-30,1,0.7624816407188342
2,LightGBM,C0170,2022-03-31,0,0.0036920390017223643
2,LightGBM,C0170,2022-06-30,0,0.12888914240221333
2,LightGBM,C0171,2022-03-31,0,0.31919222715032913
2,LightGBM,C0171,2022-06-30,0,0.03610576100896386
2,LightGBM,C0172,2022-03-31,0,0.12583755364885368
2,LightGBM,C0172,2022-06-30,0,0.13962832747481418
2,LightGBM,C0173,2022-03-31,0,0.03159570062262972
2,LightGBM,C0173,2022-06-30,0,0.08848241503134609
2,LightGBM,C0174,2022-03-31,0,0.12971814059119696
2,LightGBM,C0174,2022-06-30,0,0.03103285358423799
2,LightGBM,C0175,2022-03-31,0,0.013133342584414053
2,LightGBM,C0175,2022-06-30,0,0.00947855887459325
2,LightGBM,C0176,2022-03-31,0,0.44596146435292927
2,LightGBM,C0176,2022-06-30,1,0.48229831654663496
2,LightGBM,C0177,2022-03-31,1,0.5732348588481315
2,LightGBM,C0177,2022-06-30,0,0.5301265187101821
2,LightGBM,C0178,2022-03-31,1,0.15671557930220978
2,LightGBM,C0178,2022-06-30,0,0.12112520580295158
2,LightGBM,C0179,2022-03-31,1,0.440736465954677
2,LightGBM,C0179,2022-06-30,0,0.5848236501783592
2,LightGBM,C0180,2022-03-31,0,0.3867871925220461
2,LightGBM,C0180,2022-06-30,0,0.3370472761274292
2,LightGBM,C0181,2022-03-31,0,0.32099656055294157
2,LightGBM,C0181,2022-06-30,0,0.5058480759931547
2,LightGBM,C0182,2022-03-31,0,0.5222486253255212
2,LightGBM,C0182,2022-06-30,0,0.626418287886976
2,LightGBM,C0183,2022-03-31,0,0.10594886619910489
2,LightGBM,C0183,2022-06-30,0,0.07084578537200101
2,LightGBM,C0184,2022-03-31,0,0.1391114527614107
2,LightGBM,C0184,2022-06-30,0,0.1756694597855137
2,LightGBM,C0185,2022-03-31,1,0.19703201973670442
2,LightGBM,C0185,2022-06-30,0,0.16099292695110493
2,LightGBM,C0186,2022-03-31,0,0.6438799787212888
2,LightGBM,C0186,2022-06-30,0,0.4256223210383272
2,LightGBM,C0187,2022-03-31,0,0.18810907689855275
2,LightGBM,C0187,2022-06-30,0,0.12644066612692412
2,LightGBM,C0188,2022-03-31,0,0.36090428673667846
2,LightGBM,C0188,2022-06-30,0,0.6630850496050256
2,LightGBM,C0189,2022-03-31,0,0.046274783612813425
2,LightGBM,C0189,2022-06-30,0,0.01250882530636923
2,LightGBM,C0190,2022-03-31,0,0.16819408055532187
2,LightGBM,C0190,2022-06-30,1,0.3087500321644179
2,LightGBM,C0191,2022-03-31,0,0.029624028058619207
2,LightGBM,C0191,2022-06-30,0,0.04162200100723457
2,LightGBM,C0192,2022-03-31,0,0.11538046565521583
2,LightGBM,C0192,2022-06-30,0,0.3459705169552456
2,LightGBM,C0193,2022-03-31,0,0.06429545380194904
2,LightGBM,C0193,2022-06-30,0,0.1651754794475689
2,LightGBM,C0194,2022-03-31,0,0.13091421039141704
2,LightGBM,C0194,2022-06-30,0,0.2055228566935276
2,LightGBM,C0195,2022-03-31,0,0.28430462913705384
2,LightGBM,C0195,2022-06-30,0,0.11069433065407712
2,LightGBM,C0196,2022-03-31,0,0.06187478497876961
2,LightGBM,C0196,2022-06-30,0,0.12008386577433003
2,LightGBM,C0197,2022-03-31,0,0.25199430587638433
2,LightGBM,C0197,2022-06-30,0,0.12499440693974492
2,LightGBM,C0198,2022-03-31,1,0.6003999245091807
2,LightGBM,C0198,2022-06-30,0,0.1559530091531673
2,LightGBM,C0199,2022-03-31,0,0.8233164722237534
2,LightGBM,C0199,2022-06-30,0,0.8025601435109847
2,LightGBM,C0200,2022-03-31,0,0.1805129362107822
2,LightGBM,C0200,2022-06-30,0,0.12945224051982318
2,LightGBM,C0201,2022-03-31,0,0.0640812731094645
2,LightGBM,C0201,2022-06-30,0,0.12533149834222873
2,LightGBM,C0202,2022-03-31,0,0.3767537753340525
2,LightGBM,C0202,2022-06-30,0,0.39818528616572035
2,LightGBM,C0203,2022-03-31,0,0.06245932234448241
2,LightGBM,C0203,2022-06-30,0,0.1584546527015938
2,LightGBM,C0204,2022-03-31,0,0.17414371830749473
2,LightGBM,C0204,2022-06-30,0,0.5076821081212032
2,LightGBM,C0205,2022-03-31,0,0.21146799550743148
2,LightGBM,C0205,2022-06-30,0,0.13488266438971053
2,LightGBM,C0206,2022-03-31,0,0.04144450100470989
2,LightGBM,C0206,2022-06-30,0,0.2711494791072302
2,LightGBM,C0207,2022-03-31,1,0.7918546989112935
2,LightGBM,C0207,2022-06-30,1,0.7341536622230613
2,LightGBM,C0208,2022-03-31,0,0.14434072377921078
2,LightGBM,C0208,2022-06-30,0,0.03913380930254073
2,LightGBM,C0209,2022-03-31,0,0.16478930455445337
2,LightGBM,C0209,2022-06-30,0,0.16620530017593765
2,LightGBM,C0210,2022-03-31,0,0.03863406857041314
2,LightGBM,C0210,2022-06-30,1,0.10625722712767705
2,LightGBM,C0211,2022-03-31,0,0.17628816408626835
2,LightGBM,C0211,2022-06-30,0,0.24379111705412213
2,LightGBM,C0212,2022-03-31,0,0.20065958594713043
2,LightGBM,C0212,2022-06-30,0,0.16137403950780635
2,LightGBM,C0213,2022-03-31,0,0.027010023672416804
2,LightGBM,C0213,2022-06-30,0,0.015578838922491494
2,LightGBM,C0214,2022-03-31,0,0.03196649775009357
2,LightGBM,C0214,2022-06-30,0,0.07969423950461643
2,LightGBM,C0215,2022-03-31,0,0.06553565131933918
2,LightGBM,C0215,2022-06-30,1,0.16815662085415867
2,LightGBM,C0216,2022-03-31,0,0.4227015843932243
2,LightGBM,C0216,2022-06-30,0,0.25474159706258526
2,LightGBM,C0217,2022-03-31,0,0.1433893873449387
2,LightGBM,C0217,2022-06-30,0,0.21443990069509408
2,LightGBM,C0218,2022-03-31,0,0.285212282290786
2,LightGBM,C0218,2022-06-30,1,0.23834449428149998
2,LightGBM,C0219,2022-03-31,1,0.12238325009787061
2,LightGBM,C0219,2022-06-30,0,0.05861475822000382
2,LightGBM,C0220,2022-03-31,1,0.1443663642779502
2,LightGBM,C0220,2022-06-30,0,0.07110194428639613
2,LightGBM,C0221,2022-03-31,1,0.5452735673318475
2,LightGBM,C0221,2022-06-30,0,0.40302406555911785
2,LightGBM,C0222,2022-03-31,0,0.19028631500617169
2,LightGBM,C0222,2022-06-30,0,0.1430983534403887
2,LightGBM,C0223,2022-03-31,0,0.37513999557584554
2,LightGBM,C0223,2022-06-30,0,0.15960113550561617
2,LightGBM,C0224,2022-03-31,0,0.14148614882907168
2,LightGBM,C0224,2022-06-30,0,0.050014949010016956
2,LightGBM,C0225,2022-03-31,0,0.16243510458280053
2,LightGBM,C0225,2022-06-30,0,0.14760775101429677
2,LightGBM,C0226,2022-03-31,0,0.011894793453957279
2,LightGBM,C0226,2022-06-30,0,0.007685796873144309
2,LightGBM,C0227,2022-03-31,0,0.06756042364577579
2,LightGBM,C0227,2022-06-30,0,0.13000445663301297
2,LightGBM,C0228,2022-03-31,1,0.5526279893531759
2,LightGBM,C0228,2022-06-30,0,0.1685117138694593
2,LightGBM,C0229,2022-03-31,0,0.17643963558637496
2,LightGBM,C0229,2022-06-30,0,0.09195066718755886
2,LightGBM,C0230,2022-03-31,0,0.4535867368729151
2,LightGBM,C0230,2022-06-30,0,0.13224945248132042
2,LightGBM,C0231,2022-03-31,0,0.05277846102732534
2,LightGBM,C0231,2022-06-30,0,0.17542393384367352
2,LightGBM,C0232,2022-03-31,0,0.257250412807734
2,LightGBM,C0232,2022-06-30,0,0.1101943202482993
2,LightGBM,C0233,2022-03-31,0,0.2475596084625858
2,LightGBM,C0233,2022-06-30,0,0.43648137486581
2,LightGBM,C0234,2022-03-31,0,0.43245879940240245
2,LightGBM,C0234,2022-06-30,0,0.2502106203601886
2,LightGBM,C0235,2022-03-31,0,0.2796444876178484
2,LightGBM,C0235,2022-06-30,0,0.2986149766212663
2,LightGBM,C0236,2022-03-31,0,0.07861859327137787
2,LightGBM,C0236,2022-06-30,0,0.1143825428754677
2,LightGBM,C0237,2022-03-31,0,0.3182364095984509
2,LightGBM,C0237,2022-06-30,0,0.2755791043964977
2,LightGBM,C0238,2022-03-31,0,0.09441654934542947
2,LightGBM,C0238,2022-06-30,1,0.36429494829917275
2,LightGBM,C0239,2022-03-31,0,0.7784486395390229
2,LightGBM,C0239,2022-06-30,1,0.6935341181064489
2,LightGBM,C0240,2022-03-31,1,0.2930601541668831
2,LightGBM,C0240,2022-06-30,0,0.21383878526312067
2,LightGBM,C0241,2022-03-31,0,0.33336479905416333
2,LightGBM,C0241,2022-06-30,0,0.33523585423516356
2,LightGBM,C0242,2022-03-31,0,0.16787261469809522
2,LightGBM,C0242,2022-06-30,0,0.36453156119146013
2,LightGBM,C0243,2022-03-31,0,0.3645534965072185
2,LightGBM,C0243,2022-06-30,0,0.29073961776240936
2,LightGBM,C0244,2022-03-31,0,0.6136012054283071
2,LightGBM,C0244,2022-06-30,1,0.8413872733905058
2,LightGBM,C0245,2022-03-31,0,0.5241861075599286
2,LightGBM,C0245,2022-06-30,0,0.535314415666236
2,LightGBM,C0246,2022-03-31,0,0.3366427557802002
2,LightGBM,C0246,2022-06-30,0,0.26620259945215985
2,LightGBM,C0247,2022-03-31,0,0.10270431469921852
2,LightGBM,C0247,2022-06-30,0,0.09682066417734683
2,LightGBM,C0248,2022-03-31,1,0.6230800424273081
2,LightGBM,C0248,2022-06-30,0,0.6290912687137119
2,LightGBM,C0249,2022-03-31,0,0.028009510891442355
2,LightGBM,C0249,2022-06-30,0,0.024708804918311306
2,LightGBM,C0250,2022-03-31,0,0.335143579532743
2,LightGBM,C0250,2022-06-30,0,0.14650038036306043
2,LightGBM,C0251,2022-03-31,0,0.06399279468858733
2,LightGBM,C0251,2022-06-30,0,0.038819755204425495
2,LightGBM,C0252,2022-03-31,0,0.38260652410560536
2,LightGBM,C0252,2022-06-30,0,0.3447275338428912
2,LightGBM,C0253,2022-03-31,0,0.15274942160342025
2,LightGBM,C0253,2022-06-30,0,0.05206271487797887
2,LightGBM,C0254,2022-03-31,1,0.6977586106582071
2,LightGBM,C0254,2022-06-30,1,0.20175016409824434
2,LightGBM,C0255,2022-03-31,0,0.580232594948981
2,LightGBM,C0255,2022-06-30,0,0.09710692948136114
2,LightGBM,C0256,2022-03-31,0,0.17294472165820393
2,LightGBM,C0256,2022-06-30,0,0.2018459972882475
2,LightGBM,C0257,2022-03-31,0,0.0748070244660137
2,LightGBM,C0257,2022-06-30,0,0.2533019566704128
2,LightGBM,C0258,2022-03-31,0,0.17494414308497785
2,LightGBM,C0258,2022-06-30,1,0.6863696048368684
2,LightGBM,C0259,2022-03-31,0,0.05277116943027527
2,LightGBM,C0259,2022-06-30,0,0.029913251106570386
2,LightGBM,C0260,2022-03-31,0,0.27517304338991955
2,LightGBM,C0260,2022-06-30,0,0.39159845624087997
2,LightGBM,C0261,2022-03-31,1,0.11221455270326203
2,LightGBM,C0261,2022-06-30,0,0.051620437540771454
2,LightGBM,C0262,2022-03-31,1,0.17661703243554056
2,LightGBM,C0262,2022-06-30,0,0.2436706106795795
2,LightGBM,C0263,2022-03-31,0,0.3058239573756009
2,LightGBM,C0263,2022-06-30,0,0.27478602129631424
2,LightGBM,C0264,2022-03-31,0,0.23933334943388604
2,LightGBM,C0264,2022-06-30,0,0.11843928257904454
2,LightGBM,C0265,2022-03-31,0,0.4434523443461857
2,LightGBM,C0265,2022-06-30,0,0.36994686079223055
2,LightGBM,C0266,2022-03-31,0,0.1696414369549209
2,LightGBM,C0266,2022-06-30,1,0.03442878067396517
2,LightGBM,C0267,2022-03-31,1,0.6263455723619583
2,LightGBM,C0267,2022-06-30,0,0.6183982237007054
2,LightGBM,C0268,2022-03-31,0,0.05018321451284735
2,LightGBM,C0268,2022-06-30,0,0.07930495717223865
2,LightGBM,C0269,2022-03-31,0,0.29899530305420047
2,LightGBM,C0269,2022-06-30,1,0.18482300074010843
2,LightGBM,C0270,2022-03-31,0,0.0438111486725698
2,LightGBM,C0270,2022-06-30,0,0.046655060691143606
2,LightGBM,C0271,2022-03-31,0,0.24621936598511635
2,LightGBM,C0271,2022-06-30,0,0.07074616595011948
2,LightGBM,C0272,2022-03-31,0,0.10642321187849232
2,LightGBM,C0272,2022-06-30,0,0.03029395540139211
2,LightGBM,C0273,2022-03-31,0,0.43467326425839786
2,LightGBM,C0273,2022-06-30,1,0.5972352551367204
2,LightGBM,C0274,2022-03-31,0,0.31404229306679415
2,LightGBM,C0274,2022-06-30,0,0.07977895989695012
2,LightGBM,C0275,2022-03-31,0,0.049232179910889996
2,LightGBM,C0275,2022-06-30,0,0.08169381959274333
2,LightGBM,C0276,2022-03-31,1,0.2148547217385261
2,LightGBM,C0276,2022-06-30,0,0.159700897629006
2,LightGBM,C0277,2022-03-31,1,0.15203829589380674
2,LightGBM,C0277,2022-06-30,0,0.22370316794831985
2,LightGBM,C0278,2022-03-31,0,0.40022224555685393
2,LightGBM,C0278,2022-06-30,0,0.4785579411082205
2,LightGBM,C0279,2022-03-31,0,0.3825471051975819
2,LightGBM,C0279,2022-06-30,0,0.8250213996274649
2,LightGBM,C0280,2022-03-31,1,0.3131109316442686
2,LightGBM,C0280,2022-06-30,1,0.759159972484279
2,LightGBM,C0281,2022-03-31,1,0.9513004444586778
2,LightGBM,C0281,2022-06-30,1,0.9254283955275578
2,LightGBM,C0282,2022-03-31,0,0.23917133639651994
2,LightGBM,C0282,2022-06-30,0,0.17419143443260265
2,LightGBM,C0283,2022-03-31,0,0.2386015916297754
2,LightGBM,C0283,2022-06-30,0,0.13980066414801698
2,LightGBM,C0284,2022-03-31,0,0.14799798217973825
2,LightGBM,C0284,2022-06-30,0,0.20891783191215388
2,LightGBM,C0285,2022-03-31,1,0.6790321632265975
2,LightGBM,C0285,2022-06-30,0,0.48190350390794434
2,LightGBM,C0286,2022-03-31,0,0.42891004717911346
2,LightGBM,C0286,2022-06-30,0,0.6489731695959805
2,LightGBM,C0287,2022-03-31,0,0.1621164952143393
2,LightGBM,C0287,2022-06-30,0,0.22015839742672133
2,LightGBM,C0288,2022-03-31,0,0.04812899956785085
2,LightGBM,C0288,2022-06-30,0,0.2437617006044249
2,LightGBM,C0289,2022-03-31,0,0.05328832903925186
2,LightGBM,C0289,2022-06-30,0,0.09038690461728062
2,LightGBM,C0290,2022-03-31,0,0.8181912117305273
2,LightGBM,C0290,2022-06-30,1,0.7994334370041355
2,LightGBM,C0291,2022-03-31,0,0.136553499502057
2,LightGBM,C0291,2022-06-30,0,0.1045514058851372
2,LightGBM,C0292,2022-03-31,0,0.5946913164965525
2,LightGBM,C0292,2022-06-30,0,0.2258860247416083
2,LightGBM,C0293,2022-03-31,0,0.05336522439257434
2,LightGBM,C0293,2022-06-30,0,0.02267461061375544
2,LightGBM,C0294,2022-03-31,1,0.13606030772534353
2,LightGBM,C0294,2022-06-30,0,0.11583533800647557
2,LightGBM,C0295,2022-03-31,1,0.2233751608489472
2,LightGBM,C0295,2022-06-30,0,0.2745880405409957
2,LightGBM,C0296,2022-03-31,0,0.1312337241495553
2,LightGBM,C0296,2022-06-30,0,0.16655065105494138
2,LightGBM,C0297,2022-03-31,1,0.5870656918725411
2,LightGBM,C0297,2022-06-30,0,0.5737989512231412
2,LightGBM,C0298,2022-03-31,0,0.49377583802480945
2,LightGBM,C0298,2022-06-30,0,0.4187456245480652
2,LightGBM,C0299,2022-03-31,0,0.05345653154959791
2,LightGBM,C0299,2022-06-30,1,0.08336378120694642
3,LightGBM,C0000,2022-09-30,0,0.278650201028915
3,LightGBM,C0000,2022-12-31,0,0.4283829930400081
3,LightGBM,C0001,2022-09-30,0,0.5754959281310481
3,LightGBM,C0001,2022-12-31,0,0.46538084935613466
3,LightGBM,C0002,2022-09-30,0,0.24014924392801204
3,LightGBM,C0002,2022-12-31,0,0.19665046259889976
3,LightGBM,C0003,2022-09-30,0,0.21527246301567265
3,LightGBM,C0003,2022-12-31,1,0.2608931756230301
3,LightGBM,C0004,2022-09-30,0,0.07855323065722777
3,LightGBM,C0004,2022-12-31,0,0.07017663473483234
3,LightGBM,C0005,2022-09-30,0,0.10376438882304831
3,LightGBM,C0005,2022-12-31,0,0.023302228746453647
3,LightGBM,C0006,2022-09-30,0,0.21881618178923753
3,LightGBM,C0006,2022-12-31,0,0.7573685036317744
3,LightGBM,C0007,2022-09-30,0,0.33321190618086505
3,LightGBM,C0007,2022-12-31,1,0.4801865909834593
3,LightGBM,C0008,2022-09-30,0,0.15213622649938818
3,LightGBM,C0008,2022-12-31,0,0.22994888860651988
3,LightGBM,C0009,2022-09-30,0,0.10494915355088882
3,LightGBM,C0009,2022-12-31,0,0.20118795077224982
3,LightGBM,C0010,2022-09-30,0,0.2921575671888016
3,LightGBM,C0010,2022-12-31,1,0.10678957279442426
3,LightGBM,C0011,2022-09-30,0,0.01258332561444523
3,LightGBM,C0011,2022-12-31,0,0.014967361495267327
3,LightGBM,C0012,2022-09-30,1,0.154186138420856
3,LightGBM,C0012,2022-12-31,0,0.06690219005850251
3,LightGBM,C0013,2022-09-30,1,0.689210519127615
3,LightGBM,C0013,2022-12-31,0,0.2337871670101131
3,LightGBM,C0014,2022-09-30,1,0.6224098560021588
3,LightGBM,C0014,2022-12-31,0,0.3521170490273267
3,LightGBM,C0015,2022-09-30,0,0.17949139012086315
3,LightGBM,C0015,2022-12-31,0,0.11772881933928497
3,LightGBM,C0016,2022-09-30,0,0.6287272926070723
3,LightGBM,C0016,2022-12-31,0,0.7777394964176518
3,LightGBM,C0017,2022-09-30,1,0.19965037029604998
3,LightGBM,C0017,2022-12-31,0,0.15323262527787138
3,LightGBM,C0018,2022-09-30,0,0.27586019709995757
3,LightGBM,C0018,2022-12-31,0,0.17402220142802924
3,LightGBM,C0019,2022-09-30,0,0.5360454620173827
3,LightGBM,C0019,2022-12-31,0,0.2316951251008698
3,LightGBM,C0020,2022-09-30,0,0.03404149275352881
3,LightGBM,C0020,2022-12-31,0,0.09062484505157914
3,LightGBM,C0021,2022-09-30,0,0.13662280486373438
3,LightGBM,C0021,2022-12-31,0,0.2240510937630872
3,LightGBM,C0022,2022-09-30,0,0.01900529205719372
3,LightGBM,C0022,2022-12-31,0,0.22182384192269697
3,LightGBM,C0023,2022-09-30,0,0.19434975804980512
3,LightGBM,C0023,2022-12-31,1,0.2993816024214356
3,LightGBM,C0024,2022-09-30,1,0.7349592993319222
3,LightGBM,C0024,2022-12-31,1,0.609448032678244
3,LightGBM,C0025,2022-09-30,0,0.28575298574348057
3,LightGBM,C0025,2022-12-31,0,0.20764199425922655
3,LightGBM,C0026,2022-09-30,0,0.36475560038850985
3,LightGBM,C0026,2022-12-31,0,0.23294645541134548
3,LightGBM,C0027,2022-09-30,0,0.28190342888299746
3,LightGBM,C0027,2022-12-31,0,0.5605697861255835
3,LightGBM,C0028,2022-09-30,0,0.20722046190795684
3,LightGBM,C0028,2022-12-31,0,0.2566634685460132
3,LightGBM,C0029,2022-09-30,1,0.6261463064704766
3,LightGBM,C0029,2022-12-31,0,0.5892787550781207
3,LightGBM,C0030,2022-09-30,0,0.6788020125601418
3,LightGBM,C0030,2022-12-31,1,0.46578350327978146
3,LightGBM,C0031,2022-09-30,0,0.6824253242674727
3,LightGBM,C0031,2022-12-31,0,0.6891158873623037
3,LightGBM,C0032,2022-09-30,1,0.5268131556556775
3,LightGBM,C0032,2022-12-31,0,0.37548592301214906
3,LightGBM,C0033,2022-09-30,0,0.37079066500374164
3,LightGBM,C0033,2022-12-31,0,0.2890136102898687
3,LightGBM,C0034,2022-09-30,1,0.49190830388604423
3,LightGBM,C0034,2022-12-31,0,0.41687107389106515
3,LightGBM,C0035,2022-09-30,0,0.10066624101392882
3,LightGBM,C0035,2022-12-31,0,0.067061308828812
3,LightGBM,C0036,2022-09-30,0,0.06019736760869085
3,LightGBM,C0036,2022-12-31,0,0.16506435850747259
3,LightGBM,C0037,2022-09-30,0,0.7294086368640588
3,LightGBM,C0037,2022-12-31,0,0.7321750672801929
3,LightGBM,C0038,2022-09-30,0,0.23688183768051088
3,LightGBM,C0038,2022-12-31,0,0.17054724186100992
3,LightGBM,C0039,2022-09-30,0,0.06151893581842193
3,LightGBM,C0039,2022-12-31,0,0.05025514731337868
3,LightGBM,C0040,2022-09-30,0,0.09674651100220817
3,LightGBM,C0040,2022-12-31,0,0.2677696857070766
3,LightGBM,C0041,2022-09-30,0,0.8532286439503148
3,LightGBM,C0041,2022-12-31,0,0.6691624463783162
3,LightGBM,C0042,2022-09-30,0,0.2355834055871589
3,LightGBM,C0042,2022-12-31,0,0.10603668583551329
3,LightGBM,C0043,2022-09-30,0,0.21742208759711254
3,LightGBM,C0043,2022-12-31,0,0.2029878359600754
3,LightGBM,C0044,2022-09-30,0,0.06553811796607395
3,LightGBM,C0044,2022-12-31,0,0.1422481003134774
3,LightGBM,C0045,2022-09-30,0,0.06106383200801835
3,LightGBM,C0045,2022-12-31,1,0.1083917336651904
3,LightGBM,C0046,2022-09-30,0,0.099822906596263
3,LightGBM,C0046,2022-12-31,0,0.0863610354576139
3,LightGBM,C0047,2022-09-30,1,0.8502240746253058
3,LightGBM,C0047,2022-12-31,0,0.6064717170251771
3,LightGBM,C0048,2022-09-30,1,0.493978087195407
3,LightGBM,C0048,2022-12-31,0,0.11802362714364303
3,LightGBM,C0049,2022-09-30,0,0.0231310497710247
3,LightGBM,C0049,2022-12-31,0,0.23224555642679615
3,LightGBM,C0050,2022-09-30,0,0.34414798413314646
3,LightGBM,C0050,2022-12-31,0,0.3468043951577667
3,LightGBM,C0051,2022-09-30,0,0.17173800765213398
3,LightGBM,C0051,2022-12-31,0,0.130434471864795
3,LightGBM,C0052,2022-09-30,0,0.3247221556429865
3,LightGBM,C0052,2022-12-31,0,0.31394545247437244
3,LightGBM,C0053,2022-09-30,1,0.7488403139278836
3,LightGBM,C0053,2022-12-31,0,0.6701409562252675
3,LightGBM,C0054,2022-09-30,0,0.3192538474144238
3,LightGBM,C0054,2022-12-31,0,0.3388832683913467
3,LightGBM,C0055,2022-09-30,0,0.551895510045132
3,LightGBM,C0055,2022-12-31,0,0.6413589869195606
3,LightGBM,C0056,2022-09-30,0,0.6292592916458749
3,LightGBM,C0056,2022-12-31,0,0.3353740645690876
3,LightGBM,C0057,2022-09-30,0,0.08241787324738009
3,LightGBM,C0057,2022-12-31,0,0.2539506358001731
3,LightGBM,C0058,2022-09-30,0,0.21106151121805597
3,LightGBM,C0058,2022-12-31,1,0.535107978088795
3,LightGBM,C0059,2022-09-30,1,0.24772515065399406
3,LightGBM,C0059,2022-12-31,0,0.1439752056147123
3,LightGBM,C0060,2022-09-30,0,0.09559828788987212
3,LightGBM,C0060,2022-12-31,0,0.06449555421677701
3,LightGBM,C0061,2022-09-30,0,0.30416048292014414
3,LightGBM,C0061,2022-12-31,0,0.3687794628525784
3,LightGBM,C0062,2022-09-30,0,0.3419357156448887
3,LightGBM,C0062,2022-12-31,0,0.5034490171083689
3,LightGBM,C0063,2022-09-30,0,0.439428519294832
3,LightGBM,C0063,2022-12-31,0,0.5218016847389438
3,LightGBM,C0064,2022-09-30,0,0.17486086779672194
3,LightGBM,C0064,2022-12-31,0,0.5161273939212525
3,LightGBM,C0065,2022-09-30,0,0.4465290225387088
3,LightGBM,C0065,2022-12-31,0,0.4944188918960662
3,LightGBM,C0066,2022-09-30,0,0.1360465875667984
3,LightGBM,C0066,2022-12-31,0,0.5178348492967468
3,LightGBM,C0067,2022-09-30,0,0.32316466653340775
3,LightGBM,C0067,2022-12-31,0,0.11534111138768677
3,LightGBM,C0068,2022-09-30,0,0.19621730622300498
3,LightGBM,C0068,2022-12-31,0,0.09393228654894788
3,LightGBM,C0069,2022-09-30,1,0.25545946426218974
3,LightGBM,C0069,2022-12-31,0,0.6150228042444466
3,LightGBM,C0070,2022-09-30,0,0.3119278528734692
3,LightGBM,C0070,2022-12-31,0,0.30248417093331026
3,LightGBM,C0071,2022-09-30,0,0.22918987966572726
3,LightGBM,C0071,2022-12-31,0,0.19716932364855608
3,LightGBM,C0072,2022-09-30,0,0.14042021814284564
3,LightGBM,C0072,2022-12-31,0,0.6658166586965615
3,LightGBM,C0073,2022-09-30,0,0.10539010134957433
3,LightGBM,C0073,2022-12-31,0,0.19776860985833183
3,LightGBM,C0074,2022-09-30,0,0.2724916395902384
3,LightGBM,C0074,2022-12-31,0,0.22477765036446976
3,LightGBM,C0075,2022-09-30,0,0.20553932769628755
3,LightGBM,C0075,2022-12-31,0,0.2987287242150886
3,LightGBM,C0076,2022-09-30,0,0.18852539493985027
3,LightGBM,C0076,2022-12-31,0,0.11640285821642102
3,LightGBM,C0077,2022-09-30,0,0.22627228546860906
3,LightGBM,C0077,2022-12-31,0,0.24837828127553513
3,LightGBM,C0078,2022-09-30,0,0.05099528032837038
3,LightGBM,C0078,2022-12-31,0,0.10865524186463468
3,LightGBM,C0079,2022-09-30,0,0.5973675718993788
3,LightGBM,C0079,2022-12-31,0,0.7031631649596447
3,LightGBM,C0080,2022-09-30,0,0.22527293260240197
3,LightGBM,C0080,2022-12-31,0,0.30768445562207564
3,LightGBM,C0081,2022-09-30,0,0.2445492179462331
3,LightGBM,C0081,2022-12-31,0,0.10476442071286393
3,LightGBM,C0082,2022-09-30,0,0.6552287949099835
3,LightGBM,C0082,2022-12-31,1,0.40100654571947975
3,LightGBM,C0083,2022-09-30,0,0.1752490067500283
3,LightGBM,C0083,2022-12-31,1,0.11570447461886227
3,LightGBM,C0084,2022-09-30,0,0.004869949228070089
3,LightGBM,C0084,2022-12-31,0,0.021324101177632816
3,LightGBM,C0085,2022-09-30,0,0.15802330421976665
3,LightGBM,C0085,2022-12-31,0,0.09928146352523683
3,LightGBM,C0086,2022-09-30,0,0.18000364926053924
3,LightGBM,C0086,2022-12-31,0,0.3729318743780591
3,LightGBM,C0087,2022-09-30,0,0.3312428278105993
3,LightGBM,C0087,2022-12-31,0,0.28272829642540276
3,LightGBM,C0088,2022-09-30,0,0.11336410118633415
3,LightGBM,C0088,2022-12-31,0,0.04058546609773417
3,LightGBM,C0089,2022-09-30,0,0.42163169198991624
3,LightGBM,C0089,2022-12-31,0,0.1521359272446595
3,LightGBM,C0090,2022-09-30,1,0.8992769195910679
3,LightGBM,C0090,2022-12-31,1,0.5116424457295802
3,LightGBM,C0091,2022-09-30,0,0.4112189478861597
3,LightGBM,C0091,2022-12-31,0,0.32551134640976537
3,LightGBM,C0092,2022-09-30,1,0.10852427505773736
3,LightGBM,C0092,2022-12-31,1,0.23693880935374298
3,LightGBM,C0093,2022-09-30,0,0.04280183876689828
3,LightGBM,C0093,2022-12-31,0,0.10607967020704417
3,LightGBM,C0094,2022-09-30,0,0.1400017385655229
3,LightGBM,C0094,2022-12-31,0,0.050412754226346904
3,LightGBM,C0095,2022-09-30,0,0.08450102525224328
3,LightGBM,C0095,2022-12-31,0,0.05066965036384529
3,LightGBM,C0096,2022-09-30,0,0.5888231436473673
3,LightGBM,C0096,2022-12-31,0,0.12176751563243075
3,LightGBM,C0097,2022-09-30,0,0.0779095212405164
3,LightGBM,C0097,2022-12-31,0,0.05826119790300495
3,LightGBM,C0098,2022-09-30,0,0.13791310640786866
3,LightGBM,C0098,2022-12-31,0,0.15404295516081257
3,LightGBM,C0099,2022-09-30,0,0.1189784861816432
3,LightGBM,C0099,2022-12-31,0,0.09468039502456478
3,LightGBM,C0100,2022-09-30,0,0.2573858754715232
3,LightGBM,C0100,2022-12-31,0,0.08372564638642808
3,LightGBM,C0101,2022-09-30,0,0.14770802807886105
3,LightGBM,C0101,2022-12-31,0,0.4061123711675298
3,LightGBM,C0102,2022-09-30,0,0.2799957696097438
3,LightGBM,C0102,2022-12-31,1,0.30805354783431055
3,LightGBM,C0103,2022-09-30,1,0.0355815078569621
3,LightGBM,C0103,2022-12-31,0,0.10461982879075477
3,LightGBM,C0104,2022-09-30,0,0.3732042529676867
3,LightGBM,C0104,2022-12-31,1,0.2681585315089931
3,LightGBM,C0105,2022-09-30,0,0.3622417324487154
3,LightGBM,C0105,2022-12-31,0,0.3250658712656542
3,LightGBM,C0106,2022-09-30,0,0.7076108729507282
3,LightGBM,C0106,2022-12-31,0,0.39855412054714273
3,LightGBM,C0107,2022-09-30,0,0.40803833667560285
3,LightGBM,C0107,2022-12-31,0,0.11416316288228827
3,LightGBM,C0108,2022-09-30,1,0.6379634877601825
3,LightGBM,C0108,2022-12-31,1,0.6472695430257244
3,LightGBM,C0109,2022-09-30,0,0.2800615757313423
3,LightGBM,C0109,2022-12-31,1,0.4198718201581947
3,LightGBM,C0110,2022-09-30,0,0.5466690836119755
3,LightGBM,C0110,2022-12-31,0,0.7459796116546729
3,LightGBM,C0111,2022-09-30,0,0.10369821705474046
3,LightGBM,C0111,2022-12-31,0,0.049394367709109994
3,LightGBM,C0112,2022-09-30,0,0.6066342345017673
3,LightGBM,C0112,2022-12-31,0,0.761806925034642
3,LightGBM,C0113,2022-09-30,1,0.2758335877579391
3,LightGBM,C0113,2022-12-31,0,0.17429504174519664
3,LightGBM,C0114,2022-09-30,0,0.1119137515874166
3,LightGBM,C0114,2022-12-31,1,0.22306984427957904
3,LightGBM,C0115,2022-09-30,0,0.3282807382500032
3,LightGBM,C0115,2022-12-31,1,0.2892761028602329
3,LightGBM,C0116,2022-09-30,0,0.4050980726345676
3,LightGBM,C0116,2022-12-31,1,0.5809763861668646
3,LightGBM,C0117,2022-09-30,1,0.1750032525682601
3,LightGBM,C0117,2022-12-31,0,0.0863673628500657
3,LightGBM,C0118,2022-09-30,0,0.06573773048563569
3,LightGBM,C0118,2022-12-31,0,0.11704472366271478
3,LightGBM,C0119,2022-09-30,0,0.052617210417328725
3,LightGBM,C0119,2022-12-31,0,0.09043561541986303
3,LightGBM,C0120,2022-09-30,0,0.04921843452392146
3,LightGBM,C0120,2022-12-31,1,0.11732333652102385
3,LightGBM,C0121,2022-09-30,1,0.7339609823866491
3,LightGBM,C0121,2022-12-31,0,0.5771798721840191
3,LightGBM,C0122,2022-09-30,0,0.37418778138931325
3,LightGBM,C0122,2022-12-31,0,0.4545952849144516
3,LightGBM,C0123,2022-09-30,0,0.2468193678904285
3,LightGBM,C0123,2022-12-31,0,0.20966996287226744
3,LightGBM,C0124,2022-09-30,0,0.6302880142679347
3,LightGBM,C0124,2022-12-31,0,0.35958798521641056
3,LightGBM,C0125,2022-09-30,0,0.06496993528420249
3,LightGBM,C0125,2022-12-31,0,0.08569942676973671
3,LightGBM,C0126,2022-09-30,0,0.13450131782705518
3,LightGBM,C0126,2022-12-31,0,0.062236134819319555
3,LightGBM,C0127,2022-09-30,1,0.11582923345657045
3,LightGBM,C0127,2022-12-31,0,0.11804825748301105
3,LightGBM,C0128,2022-09-30,0,0.018632744815840253
3,LightGBM,C0128,2022-12-31,0,0.11646737230313281
3,LightGBM,C0129,2022-09-30,0,0.4275575331977365
3,LightGBM,C0129,2022-12-31,1,0.44258712111646326
3,LightGBM,C0130,2022-09-30,0,0.3800831090830824
3,LightGBM,C0130,2022-12-31,0,0.4617432271802452
3,LightGBM,C0131,2022-09-30,1,0.5528631388849778
3,LightGBM,C0131,2022-12-31,1,0.4795202474230715
3,LightGBM,C0132,2022-09-30,1,0.2991681479611423
3,LightGBM,C0132,2022-12-31,0,0.13283823671337364
3,LightGBM,C0133,2022-09-30,0,0.19925736577986727
3,LightGBM,C0133,2022-12-31,0,0.23347065102808176
3,LightGBM,C0134,2022-09-30,0,0.4412885989474043
3,LightGBM,C0134,2022-12-31,0,0.5231702292324955
3,LightGBM,C0135,2022-09-30,0,0.2573137777728662
3,LightGBM,C0135,2022-12-31,0,0.4160235298798794
3,LightGBM,C0136,2022-09-30,0,0.24254300586187277
3,LightGBM,C0136,2022-12-31,0,0.7594417125571828
3,LightGBM,C0137,2022-09-30,0,0.1772276737532275
3,LightGBM,C0137,2022-12-31,0,0.41252200295307934
3,LightGBM,C0138,2022-09-30,1,0.4139233722093857
3,LightGBM,C0138,2022-12-31,1,0.052713176846891
3,LightGBM,C0139,2022-09-30,0,0.10792088415961545
3,LightGBM,C0139,2022-12-31,0,0.09675121864935471
3,LightGBM,C0140,2022-09-30,0,0.31856089352199846
3,LightGBM,C0140,2022-12-31,1,0.25040812513108235
3,LightGBM,C0141,2022-09-30,0,0.19291296632076274
3,LightGBM,C0141,2022-12-31,0,0.17594219190318375
3,LightGBM,C0142,2022-09-30,0,0.5002307449497262
3,LightGBM,C0142,2022-12-31,0,0.7451969791883132
3,LightGBM,C0143,2022-09-30,1,0.710387835864814
3,LightGBM,C0143,2022-12-31,0,0.5799855847770011
3,LightGBM,C0144,2022-09-30,0,0.011658290570310266
3,LightGBM,C0144,2022-12-31,0,0.02542078960526867
3,LightGBM,C0145,2022-09-30,0,0.14528687325048856
3,LightGBM,C0145,2022-12-31,0,0.11333725062753881
3,LightGBM,C0146,2022-09-30,0,0.06519514226116997
3,LightGBM,C0146,2022-12-31,0,0.08902896375717527
3,LightGBM,C0147,2022-09-30,1,0.30721185573569526
3,LightGBM,C0147,2022-12-31,0,0.4087079381743941
3,LightGBM,C0148,2022-09-30,1,0.07418994407563873
3,LightGBM,C0148,2022-12-31,0,0.08833526932163999
3,LightGBM,C0149,2022-09-30,0,0.08856443619842569
3,LightGBM,C0149,2022-12-31,0,0.1641813529292279
3,LightGBM,C0150,2022-09-30,0,0.7399162465870851
3,LightGBM,C0150,2022-12-31,1,0.68774546145788
3,LightGBM,C0151,2022-09-30,0,0.6387805835312165
3,LightGBM,C0151,2022-12-31,1,0.6757113794588459
3,LightGBM,C0152,2022-09-30,0,0.24730221079588663
3,LightGBM,C0152,2022-12-31,0,0.12067615031867154
3,LightGBM,C0153,2022-09-30,0,0.14421932452499864
3,LightGBM,C0153,2022-12-31,0,0.4901198826858649
3,LightGBM,C0154,2022-09-30,0,0.07846188498139435
3,LightGBM,C0154,2022-12-31,0,0.12580592627551015
3,LightGBM,C0155,2022-09-30,0,0.020710570369300137
3,LightGBM,C0155,2022-12-31,0,0.07093473174794887
3,LightGBM,C0156,2022-09-30,0,0.2827871402773365
3,LightGBM,C0156,2022-12-31,0,0.1954838384132074
3,LightGBM,C0157,2022-09-30,0,0.1838614089243193
3,LightGBM,C0157,2022-12-31,0,0.18795769684214222
3,LightGBM,C0158,2022-09-30,0,0.2386814637430622
3,LightGBM,C0158,2022-12-31,0,0.05485381180402812
3,LightGBM,C0159,2022-09-30,0,0.5757927751157292
3,LightGBM,C0159,2022-12-31,1,0.46564636919026087
3,LightGBM,C0160,2022-09-30,0,0.20144533321613345
3,LightGBM,C0160,2022-12-31,0,0.07130577416031599
3,LightGBM,C0161,2022-09-30,0,0.5520499790258601
3,LightGBM,C0161,2022-12-31,0,0.1256192324534356
3,LightGBM,C0162,2022-09-30,1,0.5435568991078119
3,LightGBM,C0162,2022-12-31,1,0.524518156984908
3,LightGBM,C0163,2022-09-30,0,0.2461172142745975
3,LightGBM,C0163,2022-12-31,1,0.1969697740730468
3,LightGBM,C0164,2022-09-30,0,0.5546430943668919
3,LightGBM,C0164,2022-12-31,0,0.45098002807564297
3,LightGBM,C0165,2022-09-30,0,0.8288230918783889
3,LightGBM,C0165,2022-12-31,1,0.7511411372025683
3,LightGBM,C0166,2022-09-30,0,0.18128056906093248
3,LightGBM,C0166,2022-12-31,0,0.2786013923018161
3,LightGBM,C0167,2022-09-30,0,0.07021658479244912
3,LightGBM,C0167,2022-12-31,1,0.4209962624153656
3,LightGBM,C0168,2022-09-30,0,0.2980938263770135
3,LightGBM,C0168,2022-12-31,0,0.3083044934481008
3,LightGBM,C0169,2022-09-30,1,0.7052596410689941
3,LightGBM,C0169,2022-12-31,1,0.7731196209051621
3,LightGBM,C0170,2022-09-30,1,0.13405043174959452
3,LightGBM,C0170,2022-12-31,0,0.22730658123696681
3,LightGBM,C0171,2022-09-30,0,0.15041218093515912
3,LightGBM,C0171,2022-12-31,1,0.1641737704633085
3,LightGBM,C0172,2022-09-30,0,0.13718049732523527
3,LightGBM,C0172,2022-12-31,0,0.12244361251293634
3,LightGBM,C0173,2022-09-30,0,0.07149452314736378
3,LightGBM,C0173,2022-12-31,0,0.12253567164784167
3,LightGBM,C0174,2022-09-30,0,0.07658913067012094
3,LightGBM,C0174,2022-12-31,0,0.05451448725208141
3,LightGBM,C0175,2022-09-30,0,0.18666194770465575
3,LightGBM,C0175,2022-12-31,0,0.4614568703492878
3,LightGBM,C0176,2022-09-30,0,0.4954876041966078
3,LightGBM,C0176,2022-12-31,0,0.4527180922174253
3,LightGBM,C0177,2022-09-30,0,0.5076361214612006
3,LightGBM,C0177,2022-12-31,0,0.7042153810609277
3,LightGBM,C0178,2022-09-30,1,0.09454047175510961
3,LightGBM,C0178,2022-12-31,0,0.055245600621899246
3,LightGBM,C0179,2022-09-30,0,0.42934127973650793
3,LightGBM,C0179,2022-12-31,0,0.4064358578527629
3,LightGBM,C0180,2022-09-30,0,0.153815631869483
3,LightGBM,C0180,2022-12-31,0,0.19646512279519227
3,LightGBM,C0181,2022-09-30,0,0.36353103708354373
3,LightGBM,C0181,2022-12-31,0,0.46545399723702807
3,LightGBM,C0182,2022-09-30,0,0.49704618308788995
3,LightGBM,C0182,2022-12-31,1,0.325835058096838
3,LightGBM,C0183,2022-09-30,0,0.06114440594930108
3,LightGBM,C0183,2022-12-31,0,0.07882527569191419
3,LightGBM,C0184,2022-09-30,0,0.7473309417945344
3,LightGBM,C0184,2022-12-31,0,0.03814448918231754
3,LightGBM,C0185,2022-09-30,0,0.3460821677429602
3,LightGBM,C0185,2022-12-31,1,0.38424703711704994
3,LightGBM,C0186,2022-09-30,0,0.4740275971718942
3,LightGBM,C0186,2022-12-31,0,0.19090847494868424
3,LightGBM,C0187,2022-09-30,0,0.39175485955170536
3,LightGBM,C0187,2022-12-31,0,0.558084959906673
3,LightGBM,C0188,2022-09-30,1,0.2599719508673039
3,LightGBM,C0188,2022-12-31,0,0.108959741033445
3,LightGBM,C0189,2022-09-30,0,0.42145615923396523
3,LightGBM,C0189,2022-12-31,1,0.32577799563321264
3,LightGBM,C0190,2022-09-30,0,0.15640243251422
3,LightGBM,C0190,2022-12-31,0,0.14305369929133954
3,LightGBM,C0191,2022-09-30,0,0.03219253776424832
3,LightGBM,C0191,2022-12-31,0,0.08836098319332585
3,LightGBM,C0192,2022-09-30,0,0.21714070589615758
3,LightGBM,C0192,2022-12-31,0,0.1826291169427158
3,LightGBM,C0193,2022-09-30,1,0.22399729961251838
3,LightGBM,C0193,2022-12-31,0,0.1853489961451808
3,LightGBM,C0194,2022-09-30,0,0.1559465746628552
3,LightGBM,C0194,2022-12-31,0,0.3644200020330119
3,LightGBM,C0195,2022-09-30,0,0.040868733789345704
3,LightGBM,C0195,2022-12-31,0,0.19331414260168517
3,LightGBM,C0196,2022-09-30,0,0.2066191794229947
3,LightGBM,C0196,2022-12-31,0,0.2778695165639033
3,LightGBM,C0197,2022-09-30,0,0.33887285394136407
3,LightGBM,C0197,2022-12-31,0,0.034454235522611135
3,LightGBM,C0198,2022-09-30,0,0.20363535282522785
3,LightGBM,C0198,2022-12-31,1,0.22260072553935523
3,LightGBM,C0199,2022-09-30,0,0.6804842614129792
3,LightGBM,C0199,2022-12-31,0,0.5364334778944556
3,LightGBM,C0200,2022-09-30,0,0.1290622898009809
3,LightGBM,C0200,2022-12-31,0,0.24901581783784724
3,LightGBM,C0201,2022-09-30,0,0.026100853892887937
3,LightGBM,C0201,2022-12-31,0,0.04607247849736303
3,LightGBM,C0202,2022-09-30,0,0.40845784360716403
3,LightGBM,C0202,2022-12-31,0,0.22492695030704044
3,LightGBM,C0203,2022-09-30,0,0.32953383542449877
3,LightGBM,C0203,2022-12-31,0,0.23920507365766458
3,LightGBM,C0204,2022-09-30,0,0.3593044399090459
3,LightGBM,C0204,2022-12-31,0,0.24324412689978034
3,LightGBM,C0205,2022-09-30,0,0.1561195923102638
3,LightGBM,C0205,2022-12-31,0,0.33191540642710554
3,LightGBM,C0206,2022-09-30,1,0.062050016235579326
3,LightGBM,C0206,2022-12-31,0,0.07203533681675864
3,LightGBM,C0207,2022-09-30,1,0.8617101468617405
3,LightGBM,C0207,2022-12-31,1,0.7343515837499857
3,LightGBM,C0208,2022-09-30,0,0.37852982792745776
3,LightGBM,C0208,2022-12-31,0,0.12918477649328247
3,LightGBM,C0209,2022-09-30,0,0.3745733748428545
3,LightGBM,C0209,2022-12-31,1,0.6305132208024837
3,LightGBM,C0210,2022-09-30,0,0.19775024315489093
3,LightGBM,C0210,2022-12-31,0,0.14939124597196904
3,LightGBM,C0211,2022-09-30,0,0.04532587912070486
3,LightGBM,C0211,2022-12-31,0,0.2674018015401165
3,LightGBM,C0212,2022-09-30,0,0.11364599413928243
3,LightGBM,C0212,2022-12-31,0,0.13029329224880054
3,LightGBM,C0213,2022-09-30,0,0.08096463270455422
3,LightGBM,C0213,2022-12-31,0,0.031844760861329105
3,LightGBM,C0214,2022-09-30,0,0.0593685061399335
3,LightGBM,C0214,2022-12-31,0,0.047119739511183624
3,LightGBM,C0215,2022-09-30,0,0.22200019039791555
3,LightGBM,C0215,2022-12-31,0,0.2614623571328556
3,LightGBM,C0216,2022-09-30,0,0.5078900320060523
3,LightGBM,C0216,2022-12-31,0,0.31896137869632246
3,LightGBM,C0217,2022-09-30,1,0.35291412950896855
3,LightGBM,C0217,2022-12-31,0,0.272317374266118
3,LightGBM,C0218,2022-09-30,0,0.24597443464186503
3,LightGBM,C0218,2022-12-31,0,0.575261222705195
3,LightGBM,C0219,2022-09-30,0,0.10078243758910212
3,LightGBM,C0219,2022-12-31,1,0.34947618887994747
3,LightGBM,C0220,2022-09-30,0,0.10735014054598149
3,LightGBM,C0220,2022-12-31,0,0.265735608094541
3,LightGBM,C0221,2022-09-30,0,0.5133078850930327
3,LightGBM,C0221,2022-12-31,1,0.7719147652989808
3,LightGBM,C0222,2022-09-30,0,0.15639043590412938
3,LightGBM,C0222,2022-12-31,1,0.40621393876935274
3,LightGBM,C0223,2022-09-30,0,0.24104445910843078
3,LightGBM,C0223,2022-12-31,1,0.17915616140064775
3,LightGBM,C0224,2022-09-30,0,0.14090792412477576
3,LightGBM,C0224,2022-12-31,0,0.20466746867153685
3,LightGBM,C0225,2022-09-30,0,0.22827357920553365
3,LightGBM,C0225,2022-12-31,0,0.2691516984294346
3,LightGBM,C0226,2022-09-30,0,0.05364057748351157
3,LightGBM,C0226,2022-12-31,0,0.024815491924484727
3,LightGBM,C0227,2022-09-30,0,0.031388990327874504
3,LightGBM,C0227,2022-12-31,0,0.02890909922443664
3,LightGBM,C0228,2022-09-30,0,0.1490157205768183
3,LightGBM,C0228,2022-12-31,0,0.32397049664687977
3,LightGBM,C0229,2022-09-30,0,0.16565559915228167
3,LightGBM,C0229,2022-12-31,0,0.08897020201617648
3,LightGBM,C0230,2022-09-30,0,0.28522986312807547
3,LightGBM,C0230,2022-12-31,0,0.1454826762995009
3,LightGBM,C0231,2022-09-30,0,0.13785574711447185
3,LightGBM,C0231,2022-12-31,0,0.12430056004674725
3,LightGBM,C0232,2022-09-30,1,0.1537671255059349
3,LightGBM,C0232,2022-12-31,0,0.259991025162618
3,LightGBM,C0233,2022-09-30,0,0.20047665655521357
3,LightGBM,C0233,2022-12-31,0,0.15864713101821312
3,LightGBM,C0234,2022-09-30,0,0.14405969752107017
3,LightGBM,C0234,2022-12-31,0,0.1887259398731317
3,LightGBM,C0235,2022-09-30,1,0.17896147094184559
3,LightGBM,C0235,2022-12-31,0,0.1424749591984842
3,LightGBM,C0236,2022-09-30,0,0.15243231290734385
3,LightGBM,C0236,2022-12-31,0,0.1843235871747329
3,LightGBM,C0237,2022-09-30,0,0.46592329628261275
3,LightGBM,C0237,2022-12-31,0,0.3901242342354709
3,LightGBM,C0238,2022-09-30,0,0.43259203251728423
3,LightGBM,C0238,2022-12-31,0,0.19767557904189653
3,LightGBM,C0239,2022-09-30,0,0.5574609619611249
3,LightGBM,C0239,2022-12-31,1,0.36464166274946874
3,LightGBM,C0240,2022-09-30,0,0.24741422859130927
3,LightGBM,C0240,2022-12-31,0,0.37620774532320006
3,LightGBM,C0241,2022-09-30,0,0.04357764850688455
3,LightGBM,C0241,2022-12-31,1,0.23286620026643196
3,LightGBM,C0242,2022-09-30,0,0.25168700727883037
3,LightGBM,C0242,2022-12-31,0,0.4972997347373842
3,LightGBM,C0243,2022-09-30,1,0.3093875966923577
3,LightGBM,C0243,2022-12-31,0,0.1178078863393517
3,LightGBM,C0244,2022-09-30,0,0.6345143639755872
3,LightGBM,C0244,2022-12-31,1,0.5528745765604479
3,LightGBM,C0245,2022-09-30,1,0.6823347485989889
3,LightGBM,C0245,2022-12-31,0,0.1978445655691625
3,LightGBM,C0246,2022-09-30,0,0.1945147196344395
3,LightGBM,C0246,2022-12-31,0,0.29633100453016
3,LightGBM,C0247,2022-09-30,1,0.25062594668451116
3,LightGBM,C0247,2022-12-31,0,0.33190128274194125
3,LightGBM,C0248,2022-09-30,0,0.515976463914811
3,LightGBM,C0248,2022-12-31,0,0.721806921077109
3,LightGBM,C0249,2022-09-30,0,0.06396504325396489
3,LightGBM,C0249,2022-12-31,0,0.03249174247062583
3,LightGBM,C0250,2022-09-30,0,0.2127123543613724
3,LightGBM,C0250,2022-12-31,1,0.12257633331877486
3,LightGBM,C0251,2022-09-30,0,0.025360750664919145
3,LightGBM,C0251,2022-12-31,0,0.021365232171609565
3,LightGBM,C0252,2022-09-30,1,0.3520788957546927
3,LightGBM,C0252,2022-12-31,0,0.35423052250704645
3,LightGBM,C0253,2022-09-30,0,0.11913928997453874
3,LightGBM,C0253,2022-12-31,0,0.10075752935463785
3,LightGBM,C0254,2022-09-30,1,0.4472077442718462
3,LightGBM,C0254,2022-12-31,0,0.38728148434491766
3,LightGBM,C0255,2022-09-30,0,0.2695510643004912
3,LightGBM,C0255,2022-12-31,0,0.20561260281580557
3,LightGBM,C0256,2022-09-30,0,0.07992999449580378
3,LightGBM,C0256,2022-12-31,0,0.45517517286133674
3,LightGBM,C0257,2022-09-30,0,0.1782425567794752
3,LightGBM,C0257,2022-12-31,0,0.2596864296618226
3,LightGBM,C0258,2022-09-30,0,0.35067996140428126
3,LightGBM,C0258,2022-12-31,0,0.7086537149373001
3,LightGBM,C0259,2022-09-30,0,0.04652228209018019
3,LightGBM,C0259,2022-12-31,0,0.052429811925665704
3,LightGBM,C0260,2022-09-30,0,0.49641126105273525
3,LightGBM,C0260,2022-12-31,0,0.32140738292944676
3,LightGBM,C0261,2022-09-30,0,0.16119062123590916
3,LightGBM,C0261,2022-12-31,0,0.20948681745131845
3,LightGBM,C0262,2022-09-30,0,0.38761994868688515
3,LightGBM,C0262,2022-12-31,0,0.276875424599305
3,LightGBM,C0263,2022-09-30,0,0.179836083060924
3,LightGBM,C0263,2022-12-31,0,0.19939207608249204
3,LightGBM,C0264,2022-09-30,0,0.31741249478970524
3,LightGBM,C0264,2022-12-31,0,0.250501359017049
3,LightGBM,C0265,2022-09-30,1,0.16199062208677542
3,LightGBM,C0265,2022-12-31,0,0.2767406293813235
3,LightGBM,C0266,2022-09-30,0,0.14456822880618075
3,LightGBM,C0266,2022-12-31,0,0.04399810625506984
3,LightGBM,C0267,2022-09-30,0,0.5636629575058976
3,LightGBM,C0267,2022-12-31,1,0.6947890182645549
3,LightGBM,C0268,2022-09-30,1,0.2913735563441905
3,LightGBM,C0268,2022-12-31,0,0.1993357521163968
3,LightGBM,C0269,2022-09-30,1,0.12302899256479122
3,LightGBM,C0269,2022-12-31,0,0.291993311878503
3,LightGBM,C0270,2022-09-30,0,0.22860877677338404
3,LightGBM,C0270,2022-12-31,0,0.05983655841419724
3,LightGBM,C0271,2022-09-30,1,0.5192506629537508
3,LightGBM,C0271,2022-12-31,0,0.4526664832148945
3,LightGBM,C0272,2022-09-30,0,0.18454742722373443
3,LightGBM,C0272,2022-12-31,0,0.031776888223071696
3,LightGBM,C0273,2022-09-30,0,0.5865875022609166
3,LightGBM,C0273,2022-12-31,1,0.7417719027831399
3,LightGBM,C0274,2022-09-30,0,0.1484697144725433
3,LightGBM,C0274,2022-12-31,0,0.0575432880720806
3,LightGBM,C0275,2022-09-30,0,0.11841050373615515
3,LightGBM,C0275,2022-12-31,0,0.09152429384889768
3,LightGBM,C0276,2022-09-30,0,0.15214686184793483
3,LightGBM,C0276,2022-12-31,0,0.5206374787988597
3,LightGBM,C0277,2022-09-30,0,0.3183972113885043
3,LightGBM,C0277,2022-12-31,0,0.18938078853503373
3,LightGBM,C0278,2022-09-30,0,0.5335544818462026
3,LightGBM,C0278,2022-12-31,0,0.7247233835635225
3,LightGBM,C0279,2022-09-30,0,0.5743077635619743
3,LightGBM,C0279,2022-12-31,0,0.48556376573944277
3,LightGBM,C0280,2022-09-30,0,0.48898833175319867
3,LightGBM,C0280,2022-12-31,0,0.5872396799812448
3,LightGBM,C0281,2022-09-30,1,0.9444414059921749
3,LightGBM,C0281,2022-12-31,1,0.9372935601441553
3,LightGBM,C0282,2022-09-30,0,0.3177121108700258
3,LightGBM,C0282,2022-12-31,0,0.2219829020845292
3,LightGBM,C0283,2022-09-30,0,0.4223058461374844
3,LightGBM,C0283,2022-12-31,1,0.16073775411850502
3,LightGBM,C0284,2022-09-30,0,0.08072976985055966
3,LightGBM,C0284,2022-12-31,0,0.0863029927329268
3,LightGBM,C0285,2022-09-30,0,0.35589054870403136
3,LightGBM,C0285,2022-12-31,0,0.5261851461827096
3,LightGBM,C0286,2022-09-30,0,0.18489759605498715
3,LightGBM,C0286,2022-12-31,0,0.7193741551025579
3,LightGBM,C0287,2022-09-30,0,0.2416339100791632
3,LightGBM,C0287,2022-12-31,0,0.14313317107557388
3,LightGBM,C0288,2022-09-30,1,0.2809456523149708
3,LightGBM,C0288,2022-12-31,0,0.5225431772412505
3,LightGBM,C0289,2022-09-30,0,0.08821202913312197
3,LightGBM,C0289,2022-12-31,0,0.04510013177458218
3,LightGBM,C0290,2022-09-30,0,0.3595407256191561
3,LightGBM,C0290,2022-12-31,0,0.41992024827696744
3,LightGBM,C0291,2022-09-30,0,0.2965825600268976
3,LightGBM,C0291,2022-12-31,0,0.39397237375267474
3,LightGBM,C0292,2022-09-30,0,0.2668146750123519
3,LightGBM,C0292,2022-12-31,0,0.22285848302159303
3,LightGBM,C0293,2022-09-30,0,0.07920169097073332
3,LightGBM,C0293,2022-12-31,0,0.04029995233089162
3,LightGBM,C0294,2022-09-30,0,0.06920554123127262
3,LightGBM,C0294,2022-12-31,0,0.2841700144352052
3,LightGBM,C0295,2022-09-30,0,0.27590482342697703
3,LightGBM,C0295,2022-12-31,0,0.5828273559227322
3,LightGBM,C0296,2022-09-30,0,0.3992203980987681
3,LightGBM,C0296,2022-12-31,0,0.16436208434086008
3,LightGBM,C0297,2022-09-30,0,0.2290781611324195
3,LightGBM,C0297,2022-12-31,1,0.3771474203490862
3,LightGBM,C0298,2022-09-30,1,0.26398778079066465
3,LightGBM,C0298,2022-12-31,0,0.01980440411517586
3,LightGBM,C0299,2022-09-30,0,0.1443508259577681
3,LightGBM,C0299,2022-12-31,0,0.14498908570601796
